DEBUG:root:studio.py: config file is config/crossfeeding_test.xml
DEBUG:root:studio.py: open_as_cb():  filePath is valid
DEBUG:root:len(config_file) = 28
DEBUG:root:done with args.config
DEBUG:root:exec pgm is crossfeeding
DEBUG:root:self.current_dir = /home/oth/BSC/pDFBA/PhysiCelldFBA
DEBUG:root:cell_def_tab.py: ------- fill_substrates_comboboxes
DEBUG:root: --> glucose
DEBUG:root: --> methane
DEBUG:root: --> CO2
DEBUG:root: --> H2
DEBUG:root:cell_def_tab.py: ------- fill_substrate_colormap_comboboxes
DEBUG:root:=======================  microenv populate_tree  ======================= 
DEBUG:root:dc_ic_units =  mM
DEBUG:root:dc_bc_units = mM
DEBUG:root:bv = <Element 'boundary_value' at 0x783fd73fe7a0>
DEBUG:root:   -------- glucose:  dirichlet_xmin = 0
DEBUG:root:bv = <Element 'boundary_value' at 0x783fd73fe840>
DEBUG:root:bv = <Element 'boundary_value' at 0x783fd73fe8e0>
DEBUG:root:bv = <Element 'boundary_value' at 0x783fd73fe980>
DEBUG:root:bv = <Element 'boundary_value' at 0x783fd73fea20>
DEBUG:root:bv = <Element 'boundary_value' at 0x783fd73feac0>
DEBUG:root:dc_ic_units =  mmol
DEBUG:root:dc_bc_units = mmol
DEBUG:root:bv = <Element 'boundary_value' at 0x783fd73fee30>
DEBUG:root:   -------- methane:  dirichlet_xmin = None
DEBUG:root:bv = <Element 'boundary_value' at 0x783fd73feed0>
DEBUG:root:bv = <Element 'boundary_value' at 0x783fd73fef70>
DEBUG:root:bv = <Element 'boundary_value' at 0x783fd73ff010>
DEBUG:root:bv = <Element 'boundary_value' at 0x783fd73ff0b0>
DEBUG:root:bv = <Element 'boundary_value' at 0x783fd73ff150>
DEBUG:root:dc_ic_units =  dimensionless
DEBUG:root:dc_bc_units = dimensionless
DEBUG:root:bv = <Element 'boundary_value' at 0x783fd73ff4c0>
DEBUG:root:   -------- CO2:  dirichlet_xmin = None
DEBUG:root:bv = <Element 'boundary_value' at 0x783fd73ff560>
DEBUG:root:bv = <Element 'boundary_value' at 0x783fd73ff600>
DEBUG:root:bv = <Element 'boundary_value' at 0x783fd73ff6a0>
DEBUG:root:bv = <Element 'boundary_value' at 0x783fd73ff740>
DEBUG:root:bv = <Element 'boundary_value' at 0x783fd73ff7e0>
DEBUG:root:dc_ic_units =  dimensionless
DEBUG:root:dc_bc_units = dimensionless
DEBUG:root:bv = <Element 'boundary_value' at 0x783fd73ffb50>
DEBUG:root:   -------- H2:  dirichlet_xmin = None
DEBUG:root:bv = <Element 'boundary_value' at 0x783fd73ffbf0>
DEBUG:root:bv = <Element 'boundary_value' at 0x783fd73ffc90>
DEBUG:root:bv = <Element 'boundary_value' at 0x783fd73ffd30>
DEBUG:root:bv = <Element 'boundary_value' at 0x783fd73ffdd0>
DEBUG:root:bv = <Element 'boundary_value' at 0x783fd73ffe70>
DEBUG:root:------- options: <Element 'calculate_gradients' at 0x783fd73fff60>
DEBUG:root:------- options: <Element 'track_internalized_substrates_in_each_agent' at 0x783fa3b10040>
DEBUG:root:------- options: <Element 'initial_condition' at 0x783fa3b10090>
DEBUG:root:------- options: <Element 'dirichlet_nodes' at 0x783fa3b101d0>
DEBUG:root:

=======================  leaving microenv populate_tree  =====================
DEBUG:root:
====================== create_cycle_tab ===================
DEBUG:root:studio.py: first_cell_def_name= c_beijerinckii
DEBUG:root:cell_def_tab.py: ------- fill_substrates_comboboxes
DEBUG:root: --> glucose
DEBUG:root:------ motility_substrate_changed_cb(): idx = 0
DEBUG:root:       motility_substrate_changed_cb(): self.current_cell_def = None
DEBUG:root:------ motility2_substrate_changed_cb(): idx = 0
DEBUG:root:   text (subname) = glucose
DEBUG:root: --> methane
DEBUG:root: --> CO2
DEBUG:root: --> H2
DEBUG:root:=======================  populate_tree_cell_defs(): ======================= 
DEBUG:root:    cell_def_tab.param_d = {}
DEBUG:root:

=======================  validate_cell_defs(): ======================= 
DEBUG:root:Checking c_beijerinckii
DEBUG:root:Checking m_barkeri
DEBUG:root:=======================  end validate_cell_defs(): =======================


DEBUG:root:----- cell_def.tag= cell_definition
DEBUG:root:
--------new_interaction_params(): cdname_new= c_beijerinckii, reset_mapping= False
DEBUG:root:
--------new_intracellular_params(): cdname_new= c_beijerinckii
DEBUG:root:------- new_custom_data_params() -----
DEBUG:root:
===== populate_tree():  cycle
DEBUG:root: >> cycle_path= .//cell_definition[1]//phenotype//cycle
DEBUG:root:   cycle code= 5
DEBUG:root:<Element 'rate' at 0x783fa3b10630>
DEBUG:root:
===== populate_tree():  death
DEBUG:root:death_uep=<Element 'death' at 0x783fa3b10770>
DEBUG:root:-------- parsing apoptosis!
DEBUG:root: >> pd_uep =<Element 'phase_durations' at 0x783fa3b10950>
DEBUG:root:phase_duration= <Element 'duration' at 0x783fa3b109f0>
DEBUG:root:index= 0
DEBUG:root:-------- parsing necrosis!
DEBUG:root: >> tr_uep =<Element 'phase_transition_rates' at 0x783fa3b11300>
DEBUG:root:death: phase_transition_rates= <Element 'rate' at 0x783fa3b113a0>
DEBUG:root:start_index= 0
DEBUG:root: --- transition rate 01 (float) = 9000000000.0
DEBUG:root:death: phase_transition_rates= <Element 'rate' at 0x783fa3b11440>
DEBUG:root:start_index= 1
DEBUG:root: --- transition rate 12 (float) = 1.15741e-05
DEBUG:root:volume_path=.//cell_definition[1]//phenotype//volume//
DEBUG:root:
===== populate_tree():  mechanics
DEBUG:root:mechanics_path=.//cell_definition[1]//phenotype//mechanics//
DEBUG:root:---- cell_interactions_path= .//cell_definition[1]//phenotype//mechanics//cell_adhesion_affinities
DEBUG:root:---- found cell_adhesion_affinities_path:
DEBUG:root:--> {'c_beijerinckii': '1.0'}
DEBUG:root:--> {'c_beijerinckii': '1.0', 'm_barkeri': '1.0'}
DEBUG:root:
===== populate_tree():  motility
DEBUG:root:motility_path=.//cell_definition[1]//phenotype//motility//
DEBUG:root:
----------- populate_tree_cell_defs.py: cell_def_name= c_beijerinckii,  cell_def_tab.param_d[cell_def_name]["motility_chemotaxis_substrate"] = glucose
DEBUG:root:motility_advanced_chemotaxis_path= .//cell_definition[1]//phenotype//motility//options//advanced_chemotaxis//
DEBUG:root:chemotactic_sensitivity= {'glucose': '0.0', 'methane': '0.0', 'CO2': '0.0', 'H2': '0.0'}
DEBUG:root:sensitivity_path= .//cell_definition[1]//phenotype//motility//options//advanced_chemotaxis//chemotactic_sensitivities
DEBUG:root:---- found chemotactic_sensitivities: <Element 'chemotactic_sensitivities' at 0x783fa3b13880>
DEBUG:root:subelm=<Element 'chemotactic_sensitivity' at 0x783fa3b13920>
DEBUG:root: chemotactic_sensitivity--> glucose = 0.0
DEBUG:root:subelm=<Element 'chemotactic_sensitivity' at 0x783fa3b13970>
DEBUG:root: chemotactic_sensitivity--> methane = 0.0
DEBUG:root:subelm=<Element 'chemotactic_sensitivity' at 0x783fa3b139c0>
DEBUG:root: chemotactic_sensitivity--> CO2 = 0.0
DEBUG:root:subelm=<Element 'chemotactic_sensitivity' at 0x783fa3b13a10>
DEBUG:root: chemotactic_sensitivity--> H2 = 0.0
DEBUG:root:subelm=<Element 'chemotactic_sensitivity' at 0x783fa3b13a60>
DEBUG:root: chemotactic_sensitivity--> acetate = 0.0
DEBUG:root:{'glucose': '0.0', 'methane': '0.0', 'CO2': '0.0', 'H2': '0.0', 'acetate': '0.0'}
DEBUG:root:------ motility2_substrate_changed_cb(): idx = 0
DEBUG:root:   text (subname) = glucose
DEBUG:root:    motility_advanced_chemotaxis_substrate= glucose
DEBUG:root:   chemotactic_sensitivity = {'glucose': '0.0', 'methane': '0.0', 'CO2': '0.0', 'H2': '0.0', 'acetate': '0.0'}
DEBUG:root:----- chemo_sensitivity_changed() = 0.0
DEBUG:root:----- chemo_sensitivity_changed(): subname = glucose
DEBUG:root:     chemotactic_sensitivity (dict)= {'glucose': '0.0', 'methane': '0.0', 'CO2': '0.0', 'H2': '0.0', 'acetate': '0.0'}
DEBUG:root:
===== populate_tree():  secretion
DEBUG:root:secretion_path = .//cell_definition[1]//phenotype//secretion//
DEBUG:root:uep_secretion = <Element 'secretion' at 0x783fa3b13c40>
DEBUG:root:0) -- secretion substrate = glucose
DEBUG:root:1) -- secretion substrate = methane
DEBUG:root:2) -- secretion substrate = CO2
DEBUG:root:3) -- secretion substrate = H2
DEBUG:root:------ done parsing secretion:
DEBUG:root:
===== populate_tree():  cell_interactions
DEBUG:root:---- cell_interactions_path= .//cell_definition[1]//phenotype//cell_interactions
DEBUG:root:---- found cell_interactions:
DEBUG:root:uep2= <Element 'live_phagocytosis_rates' at 0x783fa3b25210>
DEBUG:root: live_phagocytosis_rate= {'c_beijerinckii': '0.0', 'm_barkeri': '0.0'}
DEBUG:root: attack_rate= {'c_beijerinckii': '0.0', 'm_barkeri': '0.0'}
DEBUG:root: fusion_rate= {'c_beijerinckii': '0.0', 'm_barkeri': '0.0'}
DEBUG:root:------ done parsing cell_interactions:
DEBUG:root:---- transformation_rates_path = .//cell_definition[1]//phenotype//cell_transformations//transformation_rates
DEBUG:root: transformation_rate= {'c_beijerinckii': '0.0', 'm_barkeri': '0.0'}
DEBUG:root:------ done parsing cell_transformations:
DEBUG:root:---- cell_integrity_path = .//cell_definition[1]//phenotype//cell_integrity
DEBUG:root: damage_rate= 0.0
DEBUG:root:------ done parsing cell_integrity:
DEBUG:root:
===== populate_tree():  molecular
DEBUG:root:
===== populate_tree():  intracellular
DEBUG:root:------ done parsing intracellular:
DEBUG:root:
===== populate_tree():  custom data
DEBUG:root:uep_custom_data= <Element 'custom_data' at 0x783fa3b27150>
DEBUG:root:--------------- populate_tree: (empty)custom_data = {}
DEBUG:root:var.attrib.keys() = dict_keys(['conserved', 'units', 'description'])
DEBUG:root:populate: cell_def_name= c_beijerinckii --> custom_data: {'glucose_flux': ['0.0', False]}
DEBUG:root:var.attrib.keys() = dict_keys(['conserved', 'units', 'description'])
DEBUG:root:populate: cell_def_name= c_beijerinckii --> custom_data: {'glucose_flux': ['0.0', False], 'hydrogen_flux': ['0.0', False]}
DEBUG:root:var.attrib.keys() = dict_keys(['conserved', 'units', 'description'])
DEBUG:root:populate: cell_def_name= c_beijerinckii --> custom_data: {'glucose_flux': ['0.0', False], 'hydrogen_flux': ['0.0', False], 'growth_rate': ['0.0', False]}
DEBUG:root:----- cell_def.tag= cell_definition
DEBUG:root:
--------new_interaction_params(): cdname_new= m_barkeri, reset_mapping= False
DEBUG:root:
--------new_intracellular_params(): cdname_new= m_barkeri
DEBUG:root:------- new_custom_data_params() -----
DEBUG:root:
===== populate_tree():  cycle
DEBUG:root: >> cycle_path= .//cell_definition[2]//phenotype//cycle
DEBUG:root:   cycle code= 5
DEBUG:root:<Element 'rate' at 0x783fa3b27650>
DEBUG:root:
===== populate_tree():  death
DEBUG:root:death_uep=<Element 'death' at 0x783fa3b27790>
DEBUG:root:-------- parsing apoptosis!
DEBUG:root: >> pd_uep =<Element 'phase_durations' at 0x783fa3b27970>
DEBUG:root:phase_duration= <Element 'duration' at 0x783fa3b27a10>
DEBUG:root:index= 0
DEBUG:root:-------- parsing necrosis!
DEBUG:root: >> pd_uep =<Element 'phase_durations' at 0x783fa3b34180>
DEBUG:root:<Element 'duration' at 0x783fa3b34220>
DEBUG:root:index= 0
DEBUG:root:<Element 'duration' at 0x783fa3b342c0>
DEBUG:root:index= 1
DEBUG:root:volume_path=.//cell_definition[2]//phenotype//volume//
DEBUG:root:
===== populate_tree():  mechanics
DEBUG:root:mechanics_path=.//cell_definition[2]//phenotype//mechanics//
DEBUG:root:---- cell_interactions_path= .//cell_definition[2]//phenotype//mechanics//cell_adhesion_affinities
DEBUG:root:---- found cell_adhesion_affinities_path:
DEBUG:root:--> {'c_beijerinckii': '1.0'}
DEBUG:root:
===== populate_tree():  motility
DEBUG:root:motility_path=.//cell_definition[2]//phenotype//motility//
DEBUG:root:
----------- populate_tree_cell_defs.py: cell_def_name= m_barkeri,  cell_def_tab.param_d[cell_def_name]["motility_chemotaxis_substrate"] = glucose
DEBUG:root:motility_advanced_chemotaxis_path= .//cell_definition[2]//phenotype//motility//options//advanced_chemotaxis//
DEBUG:root:chemotactic_sensitivity= {'glucose': '0.0', 'methane': '0.0', 'CO2': '0.0', 'H2': '0.0'}
DEBUG:root:sensitivity_path= .//cell_definition[2]//phenotype//motility//options//advanced_chemotaxis//chemotactic_sensitivities
DEBUG:root:---- found chemotactic_sensitivities: <Element 'chemotactic_sensitivities' at 0x783fa3b361b0>
DEBUG:root:subelm=<Element 'chemotactic_sensitivity' at 0x783fa3b36200>
DEBUG:root: chemotactic_sensitivity--> glucose = 0.0
DEBUG:root:subelm=<Element 'chemotactic_sensitivity' at 0x783fa3b36250>
DEBUG:root: chemotactic_sensitivity--> methane = 0.0
DEBUG:root:subelm=<Element 'chemotactic_sensitivity' at 0x783fa3b362a0>
DEBUG:root: chemotactic_sensitivity--> CO2 = 0.0
DEBUG:root:subelm=<Element 'chemotactic_sensitivity' at 0x783fa3b362f0>
DEBUG:root: chemotactic_sensitivity--> H2 = 0.0
DEBUG:root:{'glucose': '0.0', 'methane': '0.0', 'CO2': '0.0', 'H2': '0.0'}
DEBUG:root:------ motility2_substrate_changed_cb(): idx = 0
DEBUG:root:   text (subname) = glucose
DEBUG:root:    motility_advanced_chemotaxis_substrate= glucose
DEBUG:root:   chemotactic_sensitivity = {'glucose': '0.0', 'methane': '0.0', 'CO2': '0.0', 'H2': '0.0'}
DEBUG:root:
===== populate_tree():  secretion
DEBUG:root:secretion_path = .//cell_definition[2]//phenotype//secretion//
DEBUG:root:uep_secretion = <Element 'secretion' at 0x783fa3b364d0>
DEBUG:root:0) -- secretion substrate = glucose
DEBUG:root:1) -- secretion substrate = methane
DEBUG:root:2) -- secretion substrate = CO2
DEBUG:root:3) -- secretion substrate = H2
DEBUG:root:------ done parsing secretion:
DEBUG:root:
===== populate_tree():  cell_interactions
DEBUG:root:---- cell_interactions_path= .//cell_definition[2]//phenotype//cell_interactions
DEBUG:root:---- found cell_interactions:
DEBUG:root:uep2= <Element 'live_phagocytosis_rates' at 0x783fa3b37880>
DEBUG:root: live_phagocytosis_rate= {'c_beijerinckii': '0.0'}
DEBUG:root: attack_rate= {'c_beijerinckii': '0.0'}
DEBUG:root: fusion_rate= {'c_beijerinckii': '0.0'}
DEBUG:root:------ done parsing cell_interactions:
DEBUG:root:---- transformation_rates_path = .//cell_definition[2]//phenotype//cell_transformations//transformation_rates
DEBUG:root: transformation_rate= {'c_beijerinckii': '0.0'}
DEBUG:root:------ done parsing cell_transformations:
DEBUG:root:---- cell_integrity_path = .//cell_definition[2]//phenotype//cell_integrity
DEBUG:root: damage_rate= 0.0
DEBUG:root:------ done parsing cell_integrity:
DEBUG:root:
===== populate_tree():  molecular
DEBUG:root:
===== populate_tree():  intracellular
DEBUG:root:------ done parsing intracellular:
DEBUG:root:
===== populate_tree():  custom data
DEBUG:root:uep_custom_data= <Element 'custom_data' at 0x783fa3b455d0>
DEBUG:root:--------------- populate_tree: (empty)custom_data = {}
DEBUG:root:var.attrib.keys() = dict_keys(['conserved', 'units', 'description'])
DEBUG:root:populate: cell_def_name= m_barkeri --> custom_data: {'glucose_flux': ['0.0', False]}
DEBUG:root:var.attrib.keys() = dict_keys(['conserved', 'units', 'description'])
DEBUG:root:populate: cell_def_name= m_barkeri --> custom_data: {'glucose_flux': ['0.0', False], 'h2_flux': ['0.0', False]}
DEBUG:root:var.attrib.keys() = dict_keys(['conserved', 'units', 'description'])
DEBUG:root:populate: cell_def_name= m_barkeri --> custom_data: {'glucose_flux': ['0.0', False], 'h2_flux': ['0.0', False], 'methane_flux': ['0.0', False]}
DEBUG:root:var.attrib.keys() = dict_keys(['conserved', 'units', 'description'])
DEBUG:root:populate: cell_def_name= m_barkeri --> custom_data: {'glucose_flux': ['0.0', False], 'h2_flux': ['0.0', False], 'methane_flux': ['0.0', False], 'growth_rate': ['0.0', False]}
DEBUG:root:
  ---- apoptosis_phase_transition_cb: 
DEBUG:root:apoptosis: ------>> duration
DEBUG:root:apoptosis_phase_transition_cb: --> duration
DEBUG:root:
  ---- necrosis_phase_transition_cb: 
DEBUG:root:necrosis: ------>>transition rate     
DEBUG:root:necrosis_phase_transition_cb: NOT duration
DEBUG:root:
----- update_motility_params():  cdname= c_beijerinckii
DEBUG:root:     setting motility_substrate_dropdown (for cdname= c_beijerinckii ) = glucose
DEBUG:root:     setting motility2_substrate_dropdown (for cdname= c_beijerinckii ) = glucose
DEBUG:root:    chemotactic_sensitivity= {'glucose': '0.0', 'methane': '0.0', 'CO2': '0.0', 'H2': '0.0', 'acetate': '0.0'}
DEBUG:root:new val = 0.0
DEBUG:root:----- leave update_motility_params()

DEBUG:root:update_secretion_params(): cdname = c_beijerinckii
DEBUG:root:update_secretion_params(): self.current_secretion_substrate = glucose
DEBUG:root:{'glucose': {'secretion_rate': '0', 'secretion_target': '0', 'uptake_rate': '0', 'net_export_rate': '0'}, 'methane': {'secretion_rate': None, 'secretion_target': '0.0', 'uptake_rate': '0.0', 'net_export_rate': '0.0'}, 'CO2': {'secretion_rate': None, 'secretion_target': '0.0', 'uptake_rate': '0.0', 'net_export_rate': '0.0'}, 'H2': {'secretion_rate': '0.0', 'secretion_target': '0.0', 'uptake_rate': '0.0', 'net_export_rate': '0.0'}}
DEBUG:root:intracellular is dFBA
DEBUG:root:cell_def_tab.py: ------- fill_celltypes_comboboxes
DEBUG:root:

------------  user_params_tab: fill_gui --------------
DEBUG:root:studio.py: self.current_dir = /home/oth/BSC/pDFBA/PhysiCelldFBA
DEBUG:root:studio.py: creating ICs, Run, and Plot tabs
DEBUG:matplotlib.font_manager:findfont: Matching sans\-serif:style=normal:variant=normal:weight=normal:stretch=normal:size=10.0.
DEBUG:matplotlib.font_manager:findfont: score(FontEntry(fname='/home/oth/.local/lib/python3.10/site-packages/matplotlib/mpl-data/fonts/ttf/STIXSizFourSymBol.ttf', name='STIXSizeFourSym', style='normal', variant='normal', weight=700, stretch='normal', size='scalable')) = 10.335
DEBUG:matplotlib.font_manager:findfont: score(FontEntry(fname='/home/oth/.local/lib/python3.10/site-packages/matplotlib/mpl-data/fonts/ttf/DejaVuSansMono-Bold.ttf', name='DejaVu Sans Mono', style='normal', variant='normal', weight=700, stretch='normal', size='scalable')) = 10.335
DEBUG:matplotlib.font_manager:findfont: score(FontEntry(fname='/home/oth/.local/lib/python3.10/site-packages/matplotlib/mpl-data/fonts/ttf/cmsy10.ttf', name='cmsy10', style='normal', variant='normal', weight=400, stretch='normal', size='scalable')) = 10.05
DEBUG:matplotlib.font_manager:findfont: score(FontEntry(fname='/home/oth/.local/lib/python3.10/site-packages/matplotlib/mpl-data/fonts/ttf/STIXGeneral.ttf', name='STIXGeneral', style='normal', variant='normal', weight=400, stretch='normal', size='scalable')) = 10.05
DEBUG:matplotlib.font_manager:findfont: score(FontEntry(fname='/home/oth/.local/lib/python3.10/site-packages/matplotlib/mpl-data/fonts/ttf/cmmi10.ttf', name='cmmi10', style='normal', variant='normal', weight=400, stretch='normal', size='scalable')) = 10.05
DEBUG:matplotlib.font_manager:findfont: score(FontEntry(fname='/home/oth/.local/lib/python3.10/site-packages/matplotlib/mpl-data/fonts/ttf/DejaVuSerif-Italic.ttf', name='DejaVu Serif', style='italic', variant='normal', weight=400, stretch='normal', size='scalable')) = 11.05
DEBUG:matplotlib.font_manager:findfont: score(FontEntry(fname='/home/oth/.local/lib/python3.10/site-packages/matplotlib/mpl-data/fonts/ttf/cmex10.ttf', name='cmex10', style='normal', variant='normal', weight=400, stretch='normal', size='scalable')) = 10.05
DEBUG:matplotlib.font_manager:findfont: score(FontEntry(fname='/home/oth/.local/lib/python3.10/site-packages/matplotlib/mpl-data/fonts/ttf/cmss10.ttf', name='cmss10', style='normal', variant='normal', weight=400, stretch='normal', size='scalable')) = 10.05
DEBUG:matplotlib.font_manager:findfont: score(FontEntry(fname='/home/oth/.local/lib/python3.10/site-packages/matplotlib/mpl-data/fonts/ttf/DejaVuSerif.ttf', name='DejaVu Serif', style='normal', variant='normal', weight=400, stretch='normal', size='scalable')) = 10.05
DEBUG:matplotlib.font_manager:findfont: score(FontEntry(fname='/home/oth/.local/lib/python3.10/site-packages/matplotlib/mpl-data/fonts/ttf/STIXSizTwoSymBol.ttf', name='STIXSizeTwoSym', style='normal', variant='normal', weight=700, stretch='normal', size='scalable')) = 10.335
DEBUG:matplotlib.font_manager:findfont: score(FontEntry(fname='/home/oth/.local/lib/python3.10/site-packages/matplotlib/mpl-data/fonts/ttf/DejaVuSans.ttf', name='DejaVu Sans', style='normal', variant='normal', weight=400, stretch='normal', size='scalable')) = 0.05
DEBUG:matplotlib.font_manager:findfont: score(FontEntry(fname='/home/oth/.local/lib/python3.10/site-packages/matplotlib/mpl-data/fonts/ttf/DejaVuSans-Oblique.ttf', name='DejaVu Sans', style='oblique', variant='normal', weight=400, stretch='normal', size='scalable')) = 1.05
DEBUG:matplotlib.font_manager:findfont: score(FontEntry(fname='/home/oth/.local/lib/python3.10/site-packages/matplotlib/mpl-data/fonts/ttf/STIXGeneralItalic.ttf', name='STIXGeneral', style='italic', variant='normal', weight=400, stretch='normal', size='scalable')) = 11.05
DEBUG:matplotlib.font_manager:findfont: score(FontEntry(fname='/home/oth/.local/lib/python3.10/site-packages/matplotlib/mpl-data/fonts/ttf/DejaVuSansDisplay.ttf', name='DejaVu Sans Display', style='normal', variant='normal', weight=400, stretch='normal', size='scalable')) = 10.05
DEBUG:matplotlib.font_manager:findfont: score(FontEntry(fname='/home/oth/.local/lib/python3.10/site-packages/matplotlib/mpl-data/fonts/ttf/STIXSizOneSymBol.ttf', name='STIXSizeOneSym', style='normal', variant='normal', weight=700, stretch='normal', size='scalable')) = 10.335
DEBUG:matplotlib.font_manager:findfont: score(FontEntry(fname='/home/oth/.local/lib/python3.10/site-packages/matplotlib/mpl-data/fonts/ttf/STIXSizTwoSymReg.ttf', name='STIXSizeTwoSym', style='normal', variant='normal', weight=400, stretch='normal', size='scalable')) = 10.05
DEBUG:matplotlib.font_manager:findfont: score(FontEntry(fname='/home/oth/.local/lib/python3.10/site-packages/matplotlib/mpl-data/fonts/ttf/STIXGeneralBolIta.ttf', name='STIXGeneral', style='italic', variant='normal', weight=700, stretch='normal', size='scalable')) = 11.335
DEBUG:matplotlib.font_manager:findfont: score(FontEntry(fname='/home/oth/.local/lib/python3.10/site-packages/matplotlib/mpl-data/fonts/ttf/DejaVuSansMono-BoldOblique.ttf', name='DejaVu Sans Mono', style='oblique', variant='normal', weight=700, stretch='normal', size='scalable')) = 11.335
DEBUG:matplotlib.font_manager:findfont: score(FontEntry(fname='/home/oth/.local/lib/python3.10/site-packages/matplotlib/mpl-data/fonts/ttf/DejaVuSans-BoldOblique.ttf', name='DejaVu Sans', style='oblique', variant='normal', weight=700, stretch='normal', size='scalable')) = 1.335
DEBUG:matplotlib.font_manager:findfont: score(FontEntry(fname='/home/oth/.local/lib/python3.10/site-packages/matplotlib/mpl-data/fonts/ttf/STIXSizThreeSymReg.ttf', name='STIXSizeThreeSym', style='normal', variant='normal', weight=400, stretch='normal', size='scalable')) = 10.05
DEBUG:matplotlib.font_manager:findfont: score(FontEntry(fname='/home/oth/.local/lib/python3.10/site-packages/matplotlib/mpl-data/fonts/ttf/DejaVuSerif-BoldItalic.ttf', name='DejaVu Serif', style='italic', variant='normal', weight=700, stretch='normal', size='scalable')) = 11.335
DEBUG:matplotlib.font_manager:findfont: score(FontEntry(fname='/home/oth/.local/lib/python3.10/site-packages/matplotlib/mpl-data/fonts/ttf/STIXNonUniBol.ttf', name='STIXNonUnicode', style='normal', variant='normal', weight=700, stretch='normal', size='scalable')) = 10.335
DEBUG:matplotlib.font_manager:findfont: score(FontEntry(fname='/home/oth/.local/lib/python3.10/site-packages/matplotlib/mpl-data/fonts/ttf/STIXNonUni.ttf', name='STIXNonUnicode', style='normal', variant='normal', weight=400, stretch='normal', size='scalable')) = 10.05
DEBUG:matplotlib.font_manager:findfont: score(FontEntry(fname='/home/oth/.local/lib/python3.10/site-packages/matplotlib/mpl-data/fonts/ttf/DejaVuSerifDisplay.ttf', name='DejaVu Serif Display', style='normal', variant='normal', weight=400, stretch='normal', size='scalable')) = 10.05
DEBUG:matplotlib.font_manager:findfont: score(FontEntry(fname='/home/oth/.local/lib/python3.10/site-packages/matplotlib/mpl-data/fonts/ttf/STIXNonUniBolIta.ttf', name='STIXNonUnicode', style='italic', variant='normal', weight=700, stretch='normal', size='scalable')) = 11.335
DEBUG:matplotlib.font_manager:findfont: score(FontEntry(fname='/home/oth/.local/lib/python3.10/site-packages/matplotlib/mpl-data/fonts/ttf/DejaVuSansMono.ttf', name='DejaVu Sans Mono', style='normal', variant='normal', weight=400, stretch='normal', size='scalable')) = 10.05
DEBUG:matplotlib.font_manager:findfont: score(FontEntry(fname='/home/oth/.local/lib/python3.10/site-packages/matplotlib/mpl-data/fonts/ttf/cmtt10.ttf', name='cmtt10', style='normal', variant='normal', weight=400, stretch='normal', size='scalable')) = 10.05
DEBUG:matplotlib.font_manager:findfont: score(FontEntry(fname='/home/oth/.local/lib/python3.10/site-packages/matplotlib/mpl-data/fonts/ttf/cmr10.ttf', name='cmr10', style='normal', variant='normal', weight=400, stretch='normal', size='scalable')) = 10.05
DEBUG:matplotlib.font_manager:findfont: score(FontEntry(fname='/home/oth/.local/lib/python3.10/site-packages/matplotlib/mpl-data/fonts/ttf/DejaVuSansMono-Oblique.ttf', name='DejaVu Sans Mono', style='oblique', variant='normal', weight=400, stretch='normal', size='scalable')) = 11.05
DEBUG:matplotlib.font_manager:findfont: score(FontEntry(fname='/home/oth/.local/lib/python3.10/site-packages/matplotlib/mpl-data/fonts/ttf/STIXSizFiveSymReg.ttf', name='STIXSizeFiveSym', style='normal', variant='normal', weight=400, stretch='normal', size='scalable')) = 10.05
DEBUG:matplotlib.font_manager:findfont: score(FontEntry(fname='/home/oth/.local/lib/python3.10/site-packages/matplotlib/mpl-data/fonts/ttf/STIXSizFourSymReg.ttf', name='STIXSizeFourSym', style='normal', variant='normal', weight=400, stretch='normal', size='scalable')) = 10.05
DEBUG:matplotlib.font_manager:findfont: score(FontEntry(fname='/home/oth/.local/lib/python3.10/site-packages/matplotlib/mpl-data/fonts/ttf/cmb10.ttf', name='cmb10', style='normal', variant='normal', weight=400, stretch='normal', size='scalable')) = 10.05
DEBUG:matplotlib.font_manager:findfont: score(FontEntry(fname='/home/oth/.local/lib/python3.10/site-packages/matplotlib/mpl-data/fonts/ttf/STIXNonUniIta.ttf', name='STIXNonUnicode', style='italic', variant='normal', weight=400, stretch='normal', size='scalable')) = 11.05
DEBUG:matplotlib.font_manager:findfont: score(FontEntry(fname='/home/oth/.local/lib/python3.10/site-packages/matplotlib/mpl-data/fonts/ttf/DejaVuSerif-Bold.ttf', name='DejaVu Serif', style='normal', variant='normal', weight=700, stretch='normal', size='scalable')) = 10.335
DEBUG:matplotlib.font_manager:findfont: score(FontEntry(fname='/home/oth/.local/lib/python3.10/site-packages/matplotlib/mpl-data/fonts/ttf/STIXGeneralBol.ttf', name='STIXGeneral', style='normal', variant='normal', weight=700, stretch='normal', size='scalable')) = 10.335
DEBUG:matplotlib.font_manager:findfont: score(FontEntry(fname='/home/oth/.local/lib/python3.10/site-packages/matplotlib/mpl-data/fonts/ttf/STIXSizOneSymReg.ttf', name='STIXSizeOneSym', style='normal', variant='normal', weight=400, stretch='normal', size='scalable')) = 10.05
DEBUG:matplotlib.font_manager:findfont: score(FontEntry(fname='/home/oth/.local/lib/python3.10/site-packages/matplotlib/mpl-data/fonts/ttf/STIXSizThreeSymBol.ttf', name='STIXSizeThreeSym', style='normal', variant='normal', weight=700, stretch='normal', size='scalable')) = 10.335
DEBUG:matplotlib.font_manager:findfont: score(FontEntry(fname='/home/oth/.local/lib/python3.10/site-packages/matplotlib/mpl-data/fonts/ttf/DejaVuSans-Bold.ttf', name='DejaVu Sans', style='normal', variant='normal', weight=700, stretch='normal', size='scalable')) = 0.33499999999999996
DEBUG:matplotlib.font_manager:findfont: score(FontEntry(fname='/usr/share/fonts/truetype/fonts-yrsa-rasa/Rasa-Regular.ttf', name='Rasa', style='normal', variant='normal', weight=400, stretch='normal', size='scalable')) = 10.05
DEBUG:matplotlib.font_manager:findfont: score(FontEntry(fname='/usr/share/fonts/truetype/liberation/LiberationSerif-Regular.ttf', name='Liberation Serif', style='normal', variant='normal', weight=400, stretch='normal', size='scalable')) = 10.05
DEBUG:matplotlib.font_manager:findfont: score(FontEntry(fname='/usr/share/fonts/truetype/lohit-tamil/Lohit-Tamil.ttf', name='Lohit Tamil', style='normal', variant='normal', weight=400, stretch='normal', size='scalable')) = 10.05
DEBUG:matplotlib.font_manager:findfont: score(FontEntry(fname='/usr/share/fonts/truetype/tlwg/Umpush-BoldOblique.ttf', name='Umpush', style='oblique', variant='normal', weight=700, stretch='normal', size='scalable')) = 11.335
DEBUG:matplotlib.font_manager:findfont: score(FontEntry(fname='/usr/share/fonts/truetype/fonts-yrsa-rasa/Yrsa-Light.ttf', name='Yrsa', style='normal', variant='normal', weight=300, stretch='normal', size='scalable')) = 10.145
DEBUG:matplotlib.font_manager:findfont: score(FontEntry(fname='/usr/share/fonts/truetype/liberation2/LiberationSans-Bold.ttf', name='Liberation Sans', style='normal', variant='normal', weight=700, stretch='normal', size='scalable')) = 10.335
DEBUG:matplotlib.font_manager:findfont: score(FontEntry(fname='/usr/share/fonts/truetype/samyak-fonts/Samyak-Gujarati.ttf', name='Samyak Gujarati', style='normal', variant='normal', weight=500, stretch='normal', size='scalable')) = 10.145
DEBUG:matplotlib.font_manager:findfont: score(FontEntry(fname='/usr/share/fonts/truetype/tlwg/Waree.ttf', name='Waree', style='normal', variant='normal', weight=400, stretch='normal', size='scalable')) = 10.05
DEBUG:matplotlib.font_manager:findfont: score(FontEntry(fname='/usr/share/fonts/truetype/tlwg/Laksaman-BoldItalic.ttf', name='Laksaman', style='italic', variant='normal', weight=700, stretch='normal', size='scalable')) = 11.335
DEBUG:matplotlib.font_manager:findfont: score(FontEntry(fname='/usr/share/fonts/truetype/lohit-punjabi/Lohit-Gurmukhi.ttf', name='Lohit Gurmukhi', style='normal', variant='normal', weight=400, stretch='normal', size='scalable')) = 10.05
DEBUG:matplotlib.font_manager:findfont: score(FontEntry(fname='/usr/share/fonts/truetype/liberation/LiberationSans-Regular.ttf', name='Liberation Sans', style='normal', variant='normal', weight=400, stretch='normal', size='scalable')) = 10.05
DEBUG:matplotlib.font_manager:findfont: score(FontEntry(fname='/usr/share/fonts/truetype/liberation/LiberationSansNarrow-Regular.ttf', name='Liberation Sans Narrow', style='normal', variant='normal', weight=400, stretch='condensed', size='scalable')) = 10.25
DEBUG:matplotlib.font_manager:findfont: score(FontEntry(fname='/usr/share/fonts/truetype/tlwg/Norasi.ttf', name='Norasi', style='normal', variant='normal', weight=400, stretch='normal', size='scalable')) = 10.05
DEBUG:matplotlib.font_manager:findfont: score(FontEntry(fname='/usr/share/fonts/truetype/fonts-yrsa-rasa/Rasa-SemiBold.ttf', name='Rasa', style='normal', variant='normal', weight=600, stretch='normal', size='scalable')) = 10.24
DEBUG:matplotlib.font_manager:findfont: score(FontEntry(fname='/usr/share/fonts/truetype/tlwg/Laksaman-Italic.ttf', name='Laksaman', style='italic', variant='normal', weight=400, stretch='normal', size='scalable')) = 11.05
DEBUG:matplotlib.font_manager:findfont: score(FontEntry(fname='/usr/share/fonts/truetype/malayalam/Rachana-Bold.ttf', name='Rachana', style='normal', variant='normal', weight=700, stretch='normal', size='scalable')) = 10.335
DEBUG:matplotlib.font_manager:findfont: score(FontEntry(fname='/usr/share/fonts/truetype/tlwg/TlwgTypist-Bold.ttf', name='Tlwg Typist', style='normal', variant='normal', weight=700, stretch='normal', size='scalable')) = 10.335
DEBUG:matplotlib.font_manager:findfont: score(FontEntry(fname='/usr/share/fonts/truetype/freefont/FreeMonoOblique.ttf', name='FreeMono', style='oblique', variant='normal', weight=400, stretch='normal', size='scalable')) = 11.05
DEBUG:matplotlib.font_manager:findfont: score(FontEntry(fname='/usr/share/fonts/truetype/teluguvijayam/RaviPrakash.ttf', name='RaviPrakash', style='normal', variant='normal', weight=400, stretch='normal', size='scalable')) = 10.05
DEBUG:matplotlib.font_manager:findfont: score(FontEntry(fname='/usr/share/fonts/truetype/malayalam/Karumbi-Regular.ttf', name='Karumbi', style='normal', variant='normal', weight=400, stretch='normal', size='scalable')) = 10.05
DEBUG:matplotlib.font_manager:findfont: score(FontEntry(fname='/usr/share/fonts/truetype/padauk/Padauk-Bold.ttf', name='Padauk', style='normal', variant='normal', weight=700, stretch='normal', size='scalable')) = 10.335
DEBUG:matplotlib.font_manager:findfont: score(FontEntry(fname='/usr/share/fonts/truetype/lohit-tamil-classical/Lohit-Tamil-Classical.ttf', name='Lohit Tamil Classical', style='normal', variant='normal', weight=400, stretch='normal', size='scalable')) = 10.05
DEBUG:matplotlib.font_manager:findfont: score(FontEntry(fname='/usr/share/fonts/opentype/malayalam/Chilanka-Regular.otf', name='Chilanka', style='normal', variant='normal', weight=400, stretch='normal', size='scalable')) = 10.05
DEBUG:matplotlib.font_manager:findfont: score(FontEntry(fname='/usr/share/fonts/truetype/tlwg/Waree-BoldOblique.ttf', name='Waree', style='oblique', variant='normal', weight=700, stretch='normal', size='scalable')) = 11.335
DEBUG:matplotlib.font_manager:findfont: score(FontEntry(fname='/usr/share/fonts/truetype/malayalam/AnjaliOldLipi-Regular.ttf', name='AnjaliOldLipi', style='normal', variant='normal', weight=400, stretch='normal', size='scalable')) = 10.05
DEBUG:matplotlib.font_manager:findfont: score(FontEntry(fname='/usr/share/fonts/truetype/padauk/PadaukBook-Regular.ttf', name='Padauk Book', style='normal', variant='normal', weight=400, stretch='normal', size='scalable')) = 10.05
DEBUG:matplotlib.font_manager:findfont: score(FontEntry(fname='/usr/share/fonts/truetype/tlwg/Loma.ttf', name='Loma', style='normal', variant='normal', weight=400, stretch='normal', size='scalable')) = 10.05
DEBUG:matplotlib.font_manager:findfont: score(FontEntry(fname='/usr/share/fonts/truetype/ubuntu/UbuntuMono-R.ttf', name='Ubuntu Mono', style='normal', variant='normal', weight=400, stretch='normal', size='scalable')) = 10.05
DEBUG:matplotlib.font_manager:findfont: score(FontEntry(fname='/usr/share/fonts/truetype/ubuntu/Ubuntu-BI.ttf', name='Ubuntu', style='italic', variant='normal', weight=700, stretch='normal', size='scalable')) = 11.335
DEBUG:matplotlib.font_manager:findfont: score(FontEntry(fname='/usr/share/fonts/truetype/kacst/KacstFarsi.ttf', name='KacstFarsi', style='normal', variant='normal', weight=500, stretch='normal', size='scalable')) = 10.145
DEBUG:matplotlib.font_manager:findfont: score(FontEntry(fname='/usr/share/fonts/truetype/tlwg/Sawasdee-Bold.ttf', name='Sawasdee', style='normal', variant='normal', weight=700, stretch='normal', size='scalable')) = 10.335
DEBUG:matplotlib.font_manager:findfont: score(FontEntry(fname='/usr/share/fonts/truetype/malayalam/Dyuthi-Regular.ttf', name='Dyuthi', style='normal', variant='normal', weight=400, stretch='normal', size='scalable')) = 10.05
DEBUG:matplotlib.font_manager:findfont: score(FontEntry(fname='/usr/share/fonts/truetype/liberation/LiberationSansNarrow-Bold.ttf', name='Liberation Sans Narrow', style='normal', variant='normal', weight=700, stretch='condensed', size='scalable')) = 10.535
DEBUG:matplotlib.font_manager:findfont: score(FontEntry(fname='/usr/share/fonts/truetype/kacst/KacstArt.ttf', name='KacstArt', style='normal', variant='normal', weight=500, stretch='normal', size='scalable')) = 10.145
DEBUG:matplotlib.font_manager:findfont: score(FontEntry(fname='/usr/share/fonts/truetype/tlwg/Kinnari-Oblique.ttf', name='Kinnari', style='oblique', variant='normal', weight=400, stretch='normal', size='scalable')) = 11.05
DEBUG:matplotlib.font_manager:findfont: score(FontEntry(fname='/usr/share/fonts/opentype/urw-base35/NimbusSansNarrow-BoldOblique.otf', name='Nimbus Sans Narrow', style='oblique', variant='normal', weight=700, stretch='condensed', size='scalable')) = 11.535
DEBUG:matplotlib.font_manager:findfont: score(FontEntry(fname='/usr/share/fonts/truetype/fonts-beng-extra/Muktibold.ttf', name='Mukti', style='normal', variant='normal', weight=700, stretch='normal', size='scalable')) = 10.335
DEBUG:matplotlib.font_manager:findfont: score(FontEntry(fname='/usr/share/fonts/opentype/urw-base35/URWBookman-LightItalic.otf', name='URW Bookman', style='italic', variant='normal', weight=300, stretch='normal', size='scalable')) = 11.145
DEBUG:matplotlib.font_manager:findfont: score(FontEntry(fname='/usr/share/fonts/truetype/freefont/FreeSans.ttf', name='FreeSans', style='normal', variant='normal', weight=400, stretch='normal', size='scalable')) = 10.05
DEBUG:matplotlib.font_manager:findfont: score(FontEntry(fname='/usr/share/fonts/truetype/padauk/Padauk-Regular.ttf', name='Padauk', style='normal', variant='normal', weight=400, stretch='normal', size='scalable')) = 10.05
DEBUG:matplotlib.font_manager:findfont: score(FontEntry(fname='/usr/share/fonts/truetype/freefont/FreeMonoBoldOblique.ttf', name='FreeMono', style='oblique', variant='normal', weight=700, stretch='normal', size='scalable')) = 11.335
DEBUG:matplotlib.font_manager:findfont: score(FontEntry(fname='/usr/share/fonts/truetype/lohit-telugu/Lohit-Telugu.ttf', name='Lohit Telugu', style='normal', variant='normal', weight=400, stretch='normal', size='scalable')) = 10.05
DEBUG:matplotlib.font_manager:findfont: score(FontEntry(fname='/usr/share/fonts/truetype/teluguvijayam/Ponnala.ttf', name='Ponnala', style='normal', variant='normal', weight=400, stretch='normal', size='scalable')) = 10.05
DEBUG:matplotlib.font_manager:findfont: score(FontEntry(fname='/usr/share/fonts/truetype/fonts-guru-extra/Saab.ttf', name='Saab', style='normal', variant='normal', weight=400, stretch='normal', size='scalable')) = 10.05
DEBUG:matplotlib.font_manager:findfont: score(FontEntry(fname='/usr/share/fonts/truetype/liberation2/LiberationSerif-BoldItalic.ttf', name='Liberation Serif', style='italic', variant='normal', weight=700, stretch='normal', size='scalable')) = 11.335
DEBUG:matplotlib.font_manager:findfont: score(FontEntry(fname='/usr/share/fonts/truetype/fonts-yrsa-rasa/Yrsa-SemiBold.ttf', name='Yrsa', style='normal', variant='normal', weight=600, stretch='normal', size='scalable')) = 10.24
DEBUG:matplotlib.font_manager:findfont: score(FontEntry(fname='/usr/share/fonts/opentype/urw-base35/NimbusSansNarrow-Regular.otf', name='Nimbus Sans Narrow', style='normal', variant='normal', weight=400, stretch='condensed', size='scalable')) = 10.25
DEBUG:matplotlib.font_manager:findfont: score(FontEntry(fname='/usr/share/fonts/truetype/tlwg/Kinnari.ttf', name='Kinnari', style='normal', variant='normal', weight=400, stretch='normal', size='scalable')) = 10.05
DEBUG:matplotlib.font_manager:findfont: score(FontEntry(fname='/usr/share/fonts/truetype/lohit-kannada/Lohit-Kannada.ttf', name='Lohit Kannada', style='normal', variant='normal', weight=400, stretch='normal', size='scalable')) = 10.05
DEBUG:matplotlib.font_manager:findfont: score(FontEntry(fname='/usr/share/fonts/truetype/freefont/FreeSerifItalic.ttf', name='FreeSerif', style='italic', variant='normal', weight=400, stretch='normal', size='scalable')) = 11.05
DEBUG:matplotlib.font_manager:findfont: score(FontEntry(fname='/usr/share/fonts/truetype/fonts-yrsa-rasa/Yrsa-Regular.ttf', name='Yrsa', style='normal', variant='normal', weight=400, stretch='normal', size='scalable')) = 10.05
DEBUG:matplotlib.font_manager:findfont: score(FontEntry(fname='/usr/share/fonts/truetype/Sarai/Sarai.ttf', name='Sarai', style='normal', variant='normal', weight=400, stretch='normal', size='scalable')) = 10.05
DEBUG:matplotlib.font_manager:findfont: score(FontEntry(fname='/usr/share/fonts/truetype/Navilu/Navilu.ttf', name='Navilu', style='normal', variant='normal', weight=400, stretch='normal', size='scalable')) = 10.05
DEBUG:matplotlib.font_manager:findfont: score(FontEntry(fname='/usr/share/fonts/truetype/tlwg/Norasi-Bold.ttf', name='Norasi', style='normal', variant='normal', weight=700, stretch='normal', size='scalable')) = 10.335
DEBUG:matplotlib.font_manager:findfont: score(FontEntry(fname='/usr/share/fonts/truetype/malayalam/Rachana-Regular.ttf', name='Rachana', style='normal', variant='normal', weight=400, stretch='normal', size='scalable')) = 10.05
DEBUG:matplotlib.font_manager:findfont: score(FontEntry(fname='/usr/share/fonts/truetype/fonts-gujr-extra/Rekha.ttf', name='Rekha', style='normal', variant='normal', weight=500, stretch='normal', size='scalable')) = 10.145
DEBUG:matplotlib.font_manager:findfont: score(FontEntry(fname='/usr/share/fonts/truetype/tlwg/TlwgTypo.ttf', name='Tlwg Typo', style='normal', variant='normal', weight=400, stretch='normal', size='scalable')) = 10.05
DEBUG:matplotlib.font_manager:findfont: score(FontEntry(fname='/usr/share/fonts/opentype/urw-base35/C059-Roman.otf', name='C059', style='normal', variant='normal', weight=400, stretch='normal', size='scalable')) = 10.05
DEBUG:matplotlib.font_manager:findfont: score(FontEntry(fname='/usr/share/fonts/opentype/noto/NotoSansCJK-Regular.ttc', name='Noto Sans CJK JP', style='normal', variant='normal', weight=400, stretch='normal', size='scalable')) = 10.05
DEBUG:matplotlib.font_manager:findfont: score(FontEntry(fname='/usr/share/fonts/truetype/fonts-deva-extra/kalimati.ttf', name='Kalimati', style='normal', variant='normal', weight=400, stretch='normal', size='scalable')) = 10.05
DEBUG:matplotlib.font_manager:findfont: score(FontEntry(fname='/usr/share/fonts/truetype/liberation2/LiberationSans-Italic.ttf', name='Liberation Sans', style='italic', variant='normal', weight=400, stretch='normal', size='scalable')) = 11.05
DEBUG:matplotlib.font_manager:findfont: score(FontEntry(fname='/usr/share/fonts/truetype/fonts-deva-extra/samanata.ttf', name='Samanata', style='normal', variant='normal', weight=400, stretch='normal', size='scalable')) = 10.05
DEBUG:matplotlib.font_manager:findfont: score(FontEntry(fname='/usr/share/fonts/truetype/ttf-khmeros-core/KhmerOS.ttf', name='Khmer OS', style='normal', variant='normal', weight=400, stretch='normal', size='scalable')) = 10.05
DEBUG:matplotlib.font_manager:findfont: score(FontEntry(fname='/usr/share/fonts/truetype/fonts-yrsa-rasa/Yrsa-BoldItalic.ttf', name='Yrsa', style='italic', variant='normal', weight=700, stretch='normal', size='scalable')) = 11.335
DEBUG:matplotlib.font_manager:findfont: score(FontEntry(fname='/usr/share/fonts/truetype/kacst/KacstTitleL.ttf', name='KacstTitleL', style='normal', variant='normal', weight=400, stretch='normal', size='scalable')) = 10.05
DEBUG:matplotlib.font_manager:findfont: score(FontEntry(fname='/usr/share/fonts/truetype/tlwg/Norasi-BoldItalic.ttf', name='Norasi', style='italic', variant='normal', weight=700, stretch='normal', size='scalable')) = 11.335
DEBUG:matplotlib.font_manager:findfont: score(FontEntry(fname='/usr/share/fonts/truetype/teluguvijayam/NATS.ttf', name='NATS', style='normal', variant='normal', weight=400, stretch='normal', size='scalable')) = 10.05
DEBUG:matplotlib.font_manager:findfont: score(FontEntry(fname='/usr/share/fonts/truetype/tlwg/TlwgTypo-BoldOblique.ttf', name='Tlwg Typo', style='oblique', variant='normal', weight=700, stretch='normal', size='scalable')) = 11.335
DEBUG:matplotlib.font_manager:findfont: score(FontEntry(fname='/usr/share/fonts/truetype/lao/Phetsarath_OT.ttf', name='Phetsarath OT', style='normal', variant='normal', weight=400, stretch='normal', size='scalable')) = 10.05
DEBUG:matplotlib.font_manager:findfont: score(FontEntry(fname='/usr/share/fonts/truetype/ubuntu/Ubuntu-B.ttf', name='Ubuntu', style='normal', variant='normal', weight=700, stretch='normal', size='scalable')) = 10.335
DEBUG:matplotlib.font_manager:findfont: score(FontEntry(fname='/usr/share/fonts/truetype/teluguvijayam/LakkiReddy.ttf', name='LakkiReddy', style='normal', variant='normal', weight=400, stretch='normal', size='scalable')) = 10.05
DEBUG:matplotlib.font_manager:findfont: score(FontEntry(fname='/usr/share/fonts/truetype/fonts-yrsa-rasa/Yrsa-SemiBoldItalic.ttf', name='Yrsa', style='italic', variant='normal', weight=600, stretch='normal', size='scalable')) = 11.24
DEBUG:matplotlib.font_manager:findfont: score(FontEntry(fname='/usr/share/fonts/truetype/samyak-fonts/Samyak-Malayalam.ttf', name='Samyak Malayalam', style='normal', variant='normal', weight=400, stretch='normal', size='scalable')) = 10.05
DEBUG:matplotlib.font_manager:findfont: score(FontEntry(fname='/usr/share/fonts/truetype/fonts-telu-extra/Pothana2000.ttf', name='Pothana2000', style='normal', variant='normal', weight=400, stretch='normal', size='scalable')) = 10.05
DEBUG:matplotlib.font_manager:findfont: score(FontEntry(fname='/usr/share/fonts/truetype/dejavu/DejaVuSerif-Bold.ttf', name='DejaVu Serif', style='normal', variant='normal', weight=700, stretch='normal', size='scalable')) = 10.335
DEBUG:matplotlib.font_manager:findfont: score(FontEntry(fname='/usr/share/fonts/truetype/tlwg/Laksaman-Bold.ttf', name='Laksaman', style='normal', variant='normal', weight=700, stretch='normal', size='scalable')) = 10.335
DEBUG:matplotlib.font_manager:findfont: score(FontEntry(fname='/usr/share/fonts/truetype/liberation2/LiberationSerif-Italic.ttf', name='Liberation Serif', style='italic', variant='normal', weight=400, stretch='normal', size='scalable')) = 11.05
DEBUG:matplotlib.font_manager:findfont: score(FontEntry(fname='/usr/share/fonts/opentype/urw-base35/NimbusRoman-Italic.otf', name='Nimbus Roman', style='italic', variant='normal', weight=400, stretch='normal', size='scalable')) = 11.05
DEBUG:matplotlib.font_manager:findfont: score(FontEntry(fname='/usr/share/fonts/truetype/fonts-kalapi/Kalapi.ttf', name='Kalapi', style='normal', variant='normal', weight=400, stretch='normal', size='scalable')) = 10.05
DEBUG:matplotlib.font_manager:findfont: score(FontEntry(fname='/usr/share/fonts/truetype/lohit-assamese/Lohit-Assamese.ttf', name='Lohit Assamese', style='normal', variant='normal', weight=400, stretch='normal', size='scalable')) = 10.05
DEBUG:matplotlib.font_manager:findfont: score(FontEntry(fname='/usr/share/fonts/truetype/Sahadeva/sahadeva.ttf', name='Sahadeva', style='normal', variant='normal', weight=400, stretch='normal', size='scalable')) = 10.05
DEBUG:matplotlib.font_manager:findfont: score(FontEntry(fname='/usr/share/fonts/truetype/malayalam/Uroob-Regular.ttf', name='Uroob', style='normal', variant='normal', weight=400, stretch='normal', size='scalable')) = 10.05
DEBUG:matplotlib.font_manager:findfont: score(FontEntry(fname='/usr/share/fonts/opentype/urw-base35/URWBookman-Demi.otf', name='URW Bookman', style='normal', variant='normal', weight=600, stretch='normal', size='scalable')) = 10.24
DEBUG:matplotlib.font_manager:findfont: score(FontEntry(fname='/usr/share/fonts/truetype/freefont/FreeSerif.ttf', name='FreeSerif', style='normal', variant='normal', weight=400, stretch='normal', size='scalable')) = 10.05
DEBUG:matplotlib.font_manager:findfont: score(FontEntry(fname='/usr/share/fonts/truetype/fonts-beng-extra/Ani.ttf', name='Ani', style='normal', variant='normal', weight=400, stretch='normal', size='scalable')) = 10.05
DEBUG:matplotlib.font_manager:findfont: score(FontEntry(fname='/usr/share/fonts/truetype/tlwg/Garuda-BoldOblique.ttf', name='Garuda', style='oblique', variant='normal', weight=700, stretch='normal', size='scalable')) = 11.335
DEBUG:matplotlib.font_manager:findfont: score(FontEntry(fname='/usr/share/fonts/truetype/tlwg/TlwgTypewriter.ttf', name='Tlwg Typewriter', style='normal', variant='normal', weight=400, stretch='normal', size='scalable')) = 10.05
DEBUG:matplotlib.font_manager:findfont: score(FontEntry(fname='/usr/share/fonts/truetype/tlwg/Garuda-Oblique.ttf', name='Garuda', style='oblique', variant='normal', weight=400, stretch='normal', size='scalable')) = 11.05
DEBUG:matplotlib.font_manager:findfont: score(FontEntry(fname='/usr/share/fonts/truetype/kacst/KacstNaskh.ttf', name='KacstNaskh', style='normal', variant='normal', weight=500, stretch='normal', size='scalable')) = 10.145
DEBUG:matplotlib.font_manager:findfont: score(FontEntry(fname='/usr/share/fonts/truetype/fonts-deva-extra/chandas1-2.ttf', name='Chandas', style='normal', variant='normal', weight=400, stretch='normal', size='scalable')) = 10.05
DEBUG:matplotlib.font_manager:findfont: score(FontEntry(fname='/usr/share/fonts/truetype/tlwg/Purisa-Oblique.ttf', name='Purisa', style='oblique', variant='normal', weight=400, stretch='normal', size='scalable')) = 11.05
DEBUG:matplotlib.font_manager:findfont: score(FontEntry(fname='/usr/share/fonts/truetype/liberation/LiberationSerif-Bold.ttf', name='Liberation Serif', style='normal', variant='normal', weight=700, stretch='normal', size='scalable')) = 10.335
DEBUG:matplotlib.font_manager:findfont: score(FontEntry(fname='/usr/share/fonts/opentype/urw-base35/NimbusSansNarrow-Bold.otf', name='Nimbus Sans Narrow', style='normal', variant='normal', weight=700, stretch='condensed', size='scalable')) = 10.535
DEBUG:matplotlib.font_manager:findfont: score(FontEntry(fname='/usr/share/fonts/truetype/ubuntu/Ubuntu-MI.ttf', name='Ubuntu', style='italic', variant='normal', weight=500, stretch='normal', size='scalable')) = 11.145
DEBUG:matplotlib.font_manager:findfont: score(FontEntry(fname='/usr/share/fonts/truetype/malayalam/Meera-Regular.ttf', name='Meera', style='normal', variant='normal', weight=400, stretch='normal', size='scalable')) = 10.05
DEBUG:matplotlib.font_manager:findfont: score(FontEntry(fname='/usr/share/fonts/truetype/kacst/KacstPen.ttf', name='KacstPen', style='normal', variant='normal', weight=500, stretch='normal', size='scalable')) = 10.145
DEBUG:matplotlib.font_manager:findfont: score(FontEntry(fname='/usr/share/fonts/truetype/freefont/FreeSerifBoldItalic.ttf', name='FreeSerif', style='italic', variant='normal', weight=700, stretch='normal', size='scalable')) = 11.335
DEBUG:matplotlib.font_manager:findfont: score(FontEntry(fname='/usr/share/fonts/truetype/tlwg/Kinnari-Italic.ttf', name='Kinnari', style='italic', variant='normal', weight=400, stretch='normal', size='scalable')) = 11.05
DEBUG:matplotlib.font_manager:findfont: score(FontEntry(fname='/usr/share/fonts/opentype/urw-base35/URWGothic-BookOblique.otf', name='URW Gothic', style='oblique', variant='normal', weight=400, stretch='normal', size='scalable')) = 11.05
DEBUG:matplotlib.font_manager:findfont: score(FontEntry(fname='/usr/share/fonts/truetype/tlwg/Umpush.ttf', name='Umpush', style='normal', variant='normal', weight=400, stretch='normal', size='scalable')) = 10.05
DEBUG:matplotlib.font_manager:findfont: score(FontEntry(fname='/usr/share/fonts/truetype/teluguvijayam/NTR.ttf', name='NTR', style='normal', variant='normal', weight=400, stretch='normal', size='scalable')) = 10.05
DEBUG:matplotlib.font_manager:findfont: score(FontEntry(fname='/usr/share/fonts/truetype/tlwg/Waree-Oblique.ttf', name='Waree', style='oblique', variant='normal', weight=400, stretch='normal', size='scalable')) = 11.05
DEBUG:matplotlib.font_manager:findfont: score(FontEntry(fname='/usr/share/fonts/truetype/fonts-yrsa-rasa/Rasa-Light.ttf', name='Rasa', style='normal', variant='normal', weight=300, stretch='normal', size='scalable')) = 10.145
DEBUG:matplotlib.font_manager:findfont: score(FontEntry(fname='/usr/share/fonts/truetype/kacst/KacstPoster.ttf', name='KacstPoster', style='normal', variant='normal', weight=500, stretch='normal', size='scalable')) = 10.145
DEBUG:matplotlib.font_manager:findfont: score(FontEntry(fname='/usr/share/fonts/truetype/liberation/LiberationMono-Bold.ttf', name='Liberation Mono', style='normal', variant='normal', weight=700, stretch='normal', size='scalable')) = 10.335
DEBUG:matplotlib.font_manager:findfont: score(FontEntry(fname='/usr/share/fonts/truetype/tlwg/TlwgTypist-Oblique.ttf', name='Tlwg Typist', style='oblique', variant='normal', weight=400, stretch='normal', size='scalable')) = 11.05
DEBUG:matplotlib.font_manager:findfont: score(FontEntry(fname='/usr/share/fonts/truetype/teluguvijayam/Suravaram.ttf', name='Suravaram', style='normal', variant='normal', weight=400, stretch='normal', size='scalable')) = 10.05
DEBUG:matplotlib.font_manager:findfont: score(FontEntry(fname='/usr/share/fonts/truetype/ubuntu/Ubuntu-R.ttf', name='Ubuntu', style='normal', variant='normal', weight=400, stretch='normal', size='scalable')) = 10.05
DEBUG:matplotlib.font_manager:findfont: score(FontEntry(fname='/usr/share/fonts/truetype/tlwg/TlwgTypewriter-Bold.ttf', name='Tlwg Typewriter', style='normal', variant='normal', weight=700, stretch='normal', size='scalable')) = 10.335
DEBUG:matplotlib.font_manager:findfont: score(FontEntry(fname='/usr/share/fonts/truetype/kacst/KacstDecorative.ttf', name='KacstDecorative', style='normal', variant='normal', weight=500, stretch='normal', size='scalable')) = 10.145
DEBUG:matplotlib.font_manager:findfont: score(FontEntry(fname='/usr/share/fonts/truetype/tlwg/TlwgTypo-Oblique.ttf', name='Tlwg Typo', style='oblique', variant='normal', weight=400, stretch='normal', size='scalable')) = 11.05
DEBUG:matplotlib.font_manager:findfont: score(FontEntry(fname='/usr/share/fonts/truetype/dejavu/DejaVuSansMono-Bold.ttf', name='DejaVu Sans Mono', style='normal', variant='normal', weight=700, stretch='normal', size='scalable')) = 10.335
DEBUG:matplotlib.font_manager:findfont: score(FontEntry(fname='/usr/share/fonts/truetype/teluguvijayam/Ramaraja-Regular.ttf', name='Ramaraja', style='normal', variant='normal', weight=400, stretch='normal', size='scalable')) = 10.05
DEBUG:matplotlib.font_manager:findfont: score(FontEntry(fname='/usr/share/fonts/truetype/abyssinica/AbyssinicaSIL-Regular.ttf', name='Abyssinica SIL', style='normal', variant='normal', weight=400, stretch='normal', size='scalable')) = 10.05
DEBUG:matplotlib.font_manager:findfont: score(FontEntry(fname='/usr/share/fonts/truetype/freefont/FreeSansBoldOblique.ttf', name='FreeSans', style='oblique', variant='normal', weight=600, stretch='normal', size='scalable')) = 11.24
DEBUG:matplotlib.font_manager:findfont: score(FontEntry(fname='/usr/share/fonts/truetype/dejavu/DejaVuSansMono.ttf', name='DejaVu Sans Mono', style='normal', variant='normal', weight=400, stretch='normal', size='scalable')) = 10.05
DEBUG:matplotlib.font_manager:findfont: score(FontEntry(fname='/usr/share/fonts/truetype/tlwg/Umpush-Bold.ttf', name='Umpush', style='normal', variant='normal', weight=700, stretch='normal', size='scalable')) = 10.335
DEBUG:matplotlib.font_manager:findfont: score(FontEntry(fname='/usr/share/fonts/truetype/kacst/KacstScreen.ttf', name='KacstScreen', style='normal', variant='normal', weight=500, stretch='normal', size='scalable')) = 10.145
DEBUG:matplotlib.font_manager:findfont: score(FontEntry(fname='/usr/share/fonts/opentype/urw-base35/NimbusSans-Italic.otf', name='Nimbus Sans', style='italic', variant='normal', weight=400, stretch='normal', size='scalable')) = 11.05
DEBUG:matplotlib.font_manager:findfont: score(FontEntry(fname='/usr/share/fonts/truetype/noto/NotoSansMono-Regular.ttf', name='Noto Sans Mono', style='normal', variant='normal', weight=400, stretch='normal', size='scalable')) = 10.05
DEBUG:matplotlib.font_manager:findfont: score(FontEntry(fname='/usr/share/fonts/truetype/dejavu/DejaVuSans.ttf', name='DejaVu Sans', style='normal', variant='normal', weight=400, stretch='normal', size='scalable')) = 0.05
DEBUG:matplotlib.font_manager:findfont: score(FontEntry(fname='/usr/share/fonts/opentype/malayalam/Gayathri-Thin.otf', name='Gayathri', style='normal', variant='normal', weight=100, stretch='normal', size='scalable')) = 10.335
DEBUG:matplotlib.font_manager:findfont: score(FontEntry(fname='/usr/share/fonts/truetype/liberation/LiberationSerif-Italic.ttf', name='Liberation Serif', style='italic', variant='normal', weight=400, stretch='normal', size='scalable')) = 11.05
DEBUG:matplotlib.font_manager:findfont: score(FontEntry(fname='/usr/share/fonts/truetype/kacst-one/KacstOne-Bold.ttf', name='KacstOne', style='normal', variant='normal', weight=700, stretch='normal', size='scalable')) = 10.335
DEBUG:matplotlib.font_manager:findfont: score(FontEntry(fname='/usr/share/fonts/truetype/fonts-gujr-extra/padmaa-Medium-0.5.ttf', name='padmaa', style='normal', variant='normal', weight=500, stretch='normal', size='scalable')) = 10.145
DEBUG:matplotlib.font_manager:findfont: score(FontEntry(fname='/usr/share/fonts/truetype/tlwg/Sawasdee.ttf', name='Sawasdee', style='normal', variant='normal', weight=400, stretch='normal', size='scalable')) = 10.05
DEBUG:matplotlib.font_manager:findfont: score(FontEntry(fname='/usr/share/fonts/opentype/urw-base35/NimbusSans-Bold.otf', name='Nimbus Sans', style='normal', variant='normal', weight=700, stretch='normal', size='scalable')) = 10.335
DEBUG:matplotlib.font_manager:findfont: score(FontEntry(fname='/usr/share/fonts/opentype/urw-base35/NimbusRoman-BoldItalic.otf', name='Nimbus Roman', style='italic', variant='normal', weight=700, stretch='normal', size='scalable')) = 11.335
DEBUG:matplotlib.font_manager:findfont: score(FontEntry(fname='/usr/share/fonts/truetype/fonts-beng-extra/LikhanNormal.ttf', name='Likhan', style='normal', variant='normal', weight=500, stretch='normal', size='scalable')) = 10.145
DEBUG:matplotlib.font_manager:findfont: score(FontEntry(fname='/usr/share/fonts/opentype/urw-base35/URWGothic-Book.otf', name='URW Gothic', style='normal', variant='normal', weight=400, stretch='normal', size='scalable')) = 10.05
DEBUG:matplotlib.font_manager:findfont: score(FontEntry(fname='/usr/share/fonts/truetype/fonts-gujr-extra/padmaa.ttf', name='padmaa', style='normal', variant='normal', weight=500, stretch='normal', size='scalable')) = 10.145
DEBUG:matplotlib.font_manager:findfont: score(FontEntry(fname='/usr/share/fonts/truetype/tlwg/TlwgMono.ttf', name='Tlwg Mono', style='normal', variant='normal', weight=400, stretch='normal', size='scalable')) = 10.05
DEBUG:matplotlib.font_manager:findfont: score(FontEntry(fname='/usr/share/fonts/truetype/teluguvijayam/mallanna.ttf', name='Mallanna', style='normal', variant='normal', weight=400, stretch='normal', size='scalable')) = 10.05
DEBUG:matplotlib.font_manager:findfont: score(FontEntry(fname='/usr/share/fonts/truetype/teluguvijayam/dhurjati.ttf', name='Dhurjati', style='normal', variant='normal', weight=400, stretch='normal', size='scalable')) = 10.05
DEBUG:matplotlib.font_manager:findfont: score(FontEntry(fname='/usr/share/fonts/opentype/urw-base35/StandardSymbolsPS.otf', name='Standard Symbols PS', style='normal', variant='normal', weight=400, stretch='normal', size='scalable')) = 10.05
DEBUG:matplotlib.font_manager:findfont: score(FontEntry(fname='/usr/share/fonts/truetype/dejavu/DejaVuSans-Bold.ttf', name='DejaVu Sans', style='normal', variant='normal', weight=700, stretch='normal', size='scalable')) = 0.33499999999999996
DEBUG:matplotlib.font_manager:findfont: score(FontEntry(fname='/usr/share/fonts/truetype/tibetan-machine/TibetanMachineUni.ttf', name='Tibetan Machine Uni', style='normal', variant='normal', weight=400, stretch='normal', size='scalable')) = 10.05
DEBUG:matplotlib.font_manager:findfont: score(FontEntry(fname='/usr/share/fonts/truetype/fonts-yrsa-rasa/Yrsa-LightItalic.ttf', name='Yrsa', style='italic', variant='normal', weight=300, stretch='normal', size='scalable')) = 11.145
DEBUG:matplotlib.font_manager:findfont: score(FontEntry(fname='/usr/share/fonts/truetype/tlwg/Kinnari-BoldItalic.ttf', name='Kinnari', style='italic', variant='normal', weight=700, stretch='normal', size='scalable')) = 11.335
DEBUG:matplotlib.font_manager:findfont: score(FontEntry(fname='/usr/share/fonts/truetype/libreoffice/opens___.ttf', name='OpenSymbol', style='normal', variant='normal', weight=400, stretch='normal', size='scalable')) = 10.05
DEBUG:matplotlib.font_manager:findfont: score(FontEntry(fname='/usr/share/fonts/truetype/teluguvijayam/TenaliRamakrishna-Regular.ttf', name='TenaliRamakrishna', style='normal', variant='normal', weight=400, stretch='normal', size='scalable')) = 10.05
DEBUG:matplotlib.font_manager:findfont: score(FontEntry(fname='/usr/share/fonts/truetype/tlwg/Laksaman.ttf', name='Laksaman', style='normal', variant='normal', weight=400, stretch='normal', size='scalable')) = 10.05
DEBUG:matplotlib.font_manager:findfont: score(FontEntry(fname='/usr/share/fonts/truetype/teluguvijayam/PottiSreeramulu.ttf', name='Potti Sreeramulu', style='normal', variant='normal', weight=400, stretch='normal', size='scalable')) = 10.05
DEBUG:matplotlib.font_manager:findfont: score(FontEntry(fname='/usr/share/fonts/truetype/sinhala/lklug.ttf', name='LKLUG', style='normal', variant='normal', weight=400, stretch='normal', size='scalable')) = 10.05
DEBUG:matplotlib.font_manager:findfont: score(FontEntry(fname='/usr/share/fonts/truetype/tlwg/TlwgTypewriter-BoldOblique.ttf', name='Tlwg Typewriter', style='oblique', variant='normal', weight=700, stretch='normal', size='scalable')) = 11.335
DEBUG:matplotlib.font_manager:findfont: score(FontEntry(fname='/usr/share/fonts/truetype/malayalam/RaghuMalayalamSans-Regular.ttf', name='RaghuMalayalamSans', style='normal', variant='normal', weight=400, stretch='normal', size='scalable')) = 10.05
DEBUG:matplotlib.font_manager:findfont: score(FontEntry(fname='/usr/share/fonts/truetype/samyak/Samyak-Devanagari.ttf', name='Samyak Devanagari', style='normal', variant='normal', weight=500, stretch='normal', size='scalable')) = 10.145
DEBUG:matplotlib.font_manager:findfont: score(FontEntry(fname='/usr/share/fonts/truetype/tlwg/Umpush-Light.ttf', name='Umpush', style='normal', variant='normal', weight=300, stretch='normal', size='scalable')) = 10.145
DEBUG:matplotlib.font_manager:findfont: score(FontEntry(fname='/usr/share/fonts/truetype/noto/NotoMono-Regular.ttf', name='Noto Mono', style='normal', variant='normal', weight=400, stretch='normal', size='scalable')) = 10.05
DEBUG:matplotlib.font_manager:findfont: score(FontEntry(fname='/usr/share/fonts/truetype/teluguvijayam/suranna.ttf', name='Suranna', style='normal', variant='normal', weight=400, stretch='normal', size='scalable')) = 10.05
DEBUG:matplotlib.font_manager:findfont: score(FontEntry(fname='/usr/share/fonts/opentype/urw-base35/NimbusMonoPS-BoldItalic.otf', name='Nimbus Mono PS', style='italic', variant='normal', weight=700, stretch='normal', size='scalable')) = 11.335
DEBUG:matplotlib.font_manager:findfont: score(FontEntry(fname='/usr/share/fonts/opentype/urw-base35/NimbusRoman-Regular.otf', name='Nimbus Roman', style='normal', variant='normal', weight=400, stretch='normal', size='scalable')) = 10.05
DEBUG:matplotlib.font_manager:findfont: score(FontEntry(fname='/usr/share/fonts/truetype/lohit-oriya/Lohit-Odia.ttf', name='Lohit Odia', style='normal', variant='normal', weight=400, stretch='normal', size='scalable')) = 10.05
DEBUG:matplotlib.font_manager:findfont: score(FontEntry(fname='/usr/share/fonts/truetype/tlwg/Norasi-Oblique.ttf', name='Norasi', style='oblique', variant='normal', weight=400, stretch='normal', size='scalable')) = 11.05
DEBUG:matplotlib.font_manager:findfont: score(FontEntry(fname='/usr/share/fonts/truetype/lohit-gujarati/Lohit-Gujarati.ttf', name='Lohit Gujarati', style='normal', variant='normal', weight=400, stretch='normal', size='scalable')) = 10.05
DEBUG:matplotlib.font_manager:findfont: score(FontEntry(fname='/usr/share/fonts/truetype/tlwg/TlwgMono-Oblique.ttf', name='Tlwg Mono', style='oblique', variant='normal', weight=400, stretch='normal', size='scalable')) = 11.05
DEBUG:matplotlib.font_manager:findfont: score(FontEntry(fname='/usr/share/fonts/truetype/tlwg/Waree-Bold.ttf', name='Waree', style='normal', variant='normal', weight=700, stretch='normal', size='scalable')) = 10.335
DEBUG:matplotlib.font_manager:findfont: score(FontEntry(fname='/usr/share/fonts/opentype/urw-base35/P052-BoldItalic.otf', name='P052', style='italic', variant='normal', weight=700, stretch='normal', size='scalable')) = 11.335
DEBUG:matplotlib.font_manager:findfont: score(FontEntry(fname='/usr/share/fonts/truetype/fonts-beng-extra/MitraMono.ttf', name='Mitra ', style='normal', variant='normal', weight=400, stretch='normal', size='scalable')) = 10.05
DEBUG:matplotlib.font_manager:findfont: score(FontEntry(fname='/usr/share/fonts/truetype/ubuntu/UbuntuMono-BI.ttf', name='Ubuntu Mono', style='italic', variant='normal', weight=700, stretch='normal', size='scalable')) = 11.335
DEBUG:matplotlib.font_manager:findfont: score(FontEntry(fname='/usr/share/fonts/truetype/teluguvijayam/SyamalaRamana.ttf', name='Syamala Ramana', style='normal', variant='normal', weight=400, stretch='normal', size='scalable')) = 10.05
DEBUG:matplotlib.font_manager:findfont: score(FontEntry(fname='/usr/share/fonts/opentype/urw-base35/Z003-MediumItalic.otf', name='Z003', style='italic', variant='normal', weight=500, stretch='normal', size='scalable')) = 11.145
DEBUG:matplotlib.font_manager:findfont: score(FontEntry(fname='/usr/share/fonts/opentype/malayalam/Gayathri-Regular.otf', name='Gayathri', style='normal', variant='normal', weight=400, stretch='normal', size='scalable')) = 10.05
DEBUG:matplotlib.font_manager:findfont: score(FontEntry(fname='/usr/share/fonts/truetype/tlwg/TlwgMono-Bold.ttf', name='Tlwg Mono', style='normal', variant='normal', weight=700, stretch='normal', size='scalable')) = 10.335
DEBUG:matplotlib.font_manager:findfont: score(FontEntry(fname='/usr/share/fonts/truetype/freefont/FreeMono.ttf', name='FreeMono', style='normal', variant='normal', weight=400, stretch='normal', size='scalable')) = 10.05
DEBUG:matplotlib.font_manager:findfont: score(FontEntry(fname='/usr/share/fonts/truetype/freefont/FreeSansBold.ttf', name='FreeSans', style='normal', variant='normal', weight=600, stretch='normal', size='scalable')) = 10.24
DEBUG:matplotlib.font_manager:findfont: score(FontEntry(fname='/usr/share/fonts/opentype/malayalam/Manjari-Bold.otf', name='Manjari', style='normal', variant='normal', weight=700, stretch='normal', size='scalable')) = 10.335
DEBUG:matplotlib.font_manager:findfont: score(FontEntry(fname='/usr/share/fonts/opentype/urw-base35/NimbusMonoPS-Italic.otf', name='Nimbus Mono PS', style='italic', variant='normal', weight=400, stretch='normal', size='scalable')) = 11.05
DEBUG:matplotlib.font_manager:findfont: score(FontEntry(fname='/usr/share/fonts/truetype/liberation/LiberationMono-Regular.ttf', name='Liberation Mono', style='normal', variant='normal', weight=400, stretch='normal', size='scalable')) = 10.05
DEBUG:matplotlib.font_manager:findfont: score(FontEntry(fname='/usr/share/fonts/truetype/teluguvijayam/Gurajada.ttf', name='Gurajada', style='normal', variant='normal', weight=400, stretch='normal', size='scalable')) = 10.05
DEBUG:matplotlib.font_manager:findfont: score(FontEntry(fname='/usr/share/fonts/truetype/tlwg/Purisa-Bold.ttf', name='Purisa', style='normal', variant='normal', weight=700, stretch='normal', size='scalable')) = 10.335
DEBUG:matplotlib.font_manager:findfont: score(FontEntry(fname='/usr/share/fonts/truetype/dejavu/DejaVuSerif.ttf', name='DejaVu Serif', style='normal', variant='normal', weight=400, stretch='normal', size='scalable')) = 10.05
DEBUG:matplotlib.font_manager:findfont: score(FontEntry(fname='/usr/share/fonts/truetype/fonts-yrsa-rasa/Rasa-Bold.ttf', name='Rasa', style='normal', variant='normal', weight=700, stretch='normal', size='scalable')) = 10.335
DEBUG:matplotlib.font_manager:findfont: score(FontEntry(fname='/usr/share/fonts/truetype/tlwg/TlwgTypo-Bold.ttf', name='Tlwg Typo', style='normal', variant='normal', weight=700, stretch='normal', size='scalable')) = 10.335
DEBUG:matplotlib.font_manager:findfont: score(FontEntry(fname='/usr/share/fonts/truetype/lohit-bengali/Lohit-Bengali.ttf', name='Lohit Bengali', style='normal', variant='normal', weight=400, stretch='normal', size='scalable')) = 10.05
DEBUG:matplotlib.font_manager:findfont: score(FontEntry(fname='/usr/share/fonts/truetype/teluguvijayam/TimmanaRegular.ttf', name='Timmana', style='normal', variant='normal', weight=900, stretch='normal', size='scalable')) = 10.525
DEBUG:matplotlib.font_manager:findfont: score(FontEntry(fname='/usr/share/fonts/opentype/urw-base35/NimbusMonoPS-Bold.otf', name='Nimbus Mono PS', style='normal', variant='normal', weight=700, stretch='normal', size='scalable')) = 10.335
DEBUG:matplotlib.font_manager:findfont: score(FontEntry(fname='/usr/share/fonts/opentype/malayalam/Manjari-Thin.otf', name='Manjari', style='normal', variant='normal', weight=100, stretch='normal', size='scalable')) = 10.335
DEBUG:matplotlib.font_manager:findfont: score(FontEntry(fname='/usr/share/fonts/truetype/liberation/LiberationMono-BoldItalic.ttf', name='Liberation Mono', style='italic', variant='normal', weight=700, stretch='normal', size='scalable')) = 11.335
DEBUG:matplotlib.font_manager:findfont: score(FontEntry(fname='/usr/share/fonts/truetype/tlwg/Loma-Bold.ttf', name='Loma', style='normal', variant='normal', weight=700, stretch='normal', size='scalable')) = 10.335
DEBUG:matplotlib.font_manager:findfont: score(FontEntry(fname='/usr/share/fonts/truetype/fonts-yrsa-rasa/Rasa-Medium.ttf', name='Rasa', style='normal', variant='normal', weight=500, stretch='normal', size='scalable')) = 10.145
DEBUG:matplotlib.font_manager:findfont: score(FontEntry(fname='/usr/share/fonts/truetype/tlwg/Kinnari-BoldOblique.ttf', name='Kinnari', style='oblique', variant='normal', weight=700, stretch='normal', size='scalable')) = 11.335
DEBUG:matplotlib.font_manager:findfont: score(FontEntry(fname='/usr/share/fonts/truetype/liberation2/LiberationMono-Bold.ttf', name='Liberation Mono', style='normal', variant='normal', weight=700, stretch='normal', size='scalable')) = 10.335
DEBUG:matplotlib.font_manager:findfont: score(FontEntry(fname='/usr/share/fonts/truetype/ubuntu/UbuntuMono-RI.ttf', name='Ubuntu Mono', style='italic', variant='normal', weight=400, stretch='normal', size='scalable')) = 11.05
DEBUG:matplotlib.font_manager:findfont: score(FontEntry(fname='/usr/share/fonts/truetype/liberation/LiberationSerif-BoldItalic.ttf', name='Liberation Serif', style='italic', variant='normal', weight=700, stretch='normal', size='scalable')) = 11.335
DEBUG:matplotlib.font_manager:findfont: score(FontEntry(fname='/usr/share/fonts/truetype/droid/DroidSansFallbackFull.ttf', name='Droid Sans Fallback', style='normal', variant='normal', weight=400, stretch='normal', size='scalable')) = 10.05
DEBUG:matplotlib.font_manager:findfont: score(FontEntry(fname='/usr/share/fonts/truetype/Gargi/Gargi.ttf', name='Gargi', style='normal', variant='normal', weight=400, stretch='normal', size='scalable')) = 10.05
DEBUG:matplotlib.font_manager:findfont: score(FontEntry(fname='/usr/share/fonts/truetype/teluguvijayam/Gidugu.ttf', name='Gidugu', style='normal', variant='normal', weight=400, stretch='normal', size='scalable')) = 10.05
DEBUG:matplotlib.font_manager:findfont: score(FontEntry(fname='/usr/share/fonts/opentype/urw-base35/NimbusSans-BoldItalic.otf', name='Nimbus Sans', style='italic', variant='normal', weight=700, stretch='normal', size='scalable')) = 11.335
DEBUG:matplotlib.font_manager:findfont: score(FontEntry(fname='/usr/share/fonts/opentype/urw-base35/URWGothic-Demi.otf', name='URW Gothic', style='normal', variant='normal', weight=600, stretch='normal', size='scalable')) = 10.24
DEBUG:matplotlib.font_manager:findfont: score(FontEntry(fname='/usr/share/fonts/truetype/tlwg/Umpush-LightOblique.ttf', name='Umpush', style='oblique', variant='normal', weight=300, stretch='normal', size='scalable')) = 11.145
DEBUG:matplotlib.font_manager:findfont: score(FontEntry(fname='/usr/share/fonts/truetype/tlwg/TlwgTypewriter-Oblique.ttf', name='Tlwg Typewriter', style='oblique', variant='normal', weight=400, stretch='normal', size='scalable')) = 11.05
DEBUG:matplotlib.font_manager:findfont: score(FontEntry(fname='/usr/share/fonts/truetype/fonts-telu-extra/vemana2000.ttf', name='Vemana2000', style='normal', variant='normal', weight=400, stretch='normal', size='scalable')) = 10.05
DEBUG:matplotlib.font_manager:findfont: score(FontEntry(fname='/usr/share/fonts/truetype/tlwg/Kinnari-Bold.ttf', name='Kinnari', style='normal', variant='normal', weight=700, stretch='normal', size='scalable')) = 10.335
DEBUG:matplotlib.font_manager:findfont: score(FontEntry(fname='/usr/share/fonts/truetype/fonts-gujr-extra/padmaa-Bold.1.1.ttf', name='padmaa-Bold.1.1', style='normal', variant='normal', weight=700, stretch='normal', size='scalable')) = 10.335
DEBUG:matplotlib.font_manager:findfont: score(FontEntry(fname='/usr/share/fonts/truetype/liberation2/LiberationSans-Regular.ttf', name='Liberation Sans', style='normal', variant='normal', weight=400, stretch='normal', size='scalable')) = 10.05
DEBUG:matplotlib.font_manager:findfont: score(FontEntry(fname='/usr/share/fonts/truetype/ubuntu/Ubuntu-C.ttf', name='Ubuntu Condensed', style='normal', variant='normal', weight=400, stretch='condensed', size='scalable')) = 10.25
DEBUG:matplotlib.font_manager:findfont: score(FontEntry(fname='/usr/share/fonts/opentype/noto/NotoSansCJK-Bold.ttc', name='Noto Sans CJK JP', style='normal', variant='normal', weight=700, stretch='normal', size='scalable')) = 10.335
DEBUG:matplotlib.font_manager:findfont: score(FontEntry(fname='/usr/share/fonts/truetype/liberation/LiberationSans-BoldItalic.ttf', name='Liberation Sans', style='italic', variant='normal', weight=700, stretch='normal', size='scalable')) = 11.335
DEBUG:matplotlib.font_manager:findfont: score(FontEntry(fname='/usr/share/fonts/opentype/urw-base35/NimbusSansNarrow-Oblique.otf', name='Nimbus Sans Narrow', style='oblique', variant='normal', weight=400, stretch='condensed', size='scalable')) = 11.25
DEBUG:matplotlib.font_manager:findfont: score(FontEntry(fname='/usr/share/fonts/truetype/ubuntu/UbuntuMono-B.ttf', name='Ubuntu Mono', style='normal', variant='normal', weight=700, stretch='normal', size='scalable')) = 10.335
DEBUG:matplotlib.font_manager:findfont: score(FontEntry(fname='/usr/share/fonts/truetype/liberation/LiberationSansNarrow-BoldItalic.ttf', name='Liberation Sans Narrow', style='italic', variant='normal', weight=700, stretch='condensed', size='scalable')) = 11.535
DEBUG:matplotlib.font_manager:findfont: score(FontEntry(fname='/usr/share/fonts/truetype/fonts-gujr-extra/aakar-medium.ttf', name='aakar', style='normal', variant='normal', weight=500, stretch='normal', size='scalable')) = 10.145
DEBUG:matplotlib.font_manager:findfont: score(FontEntry(fname='/usr/share/fonts/truetype/Nakula/nakula.ttf', name='Nakula', style='normal', variant='normal', weight=400, stretch='normal', size='scalable')) = 10.05
DEBUG:matplotlib.font_manager:findfont: score(FontEntry(fname='/usr/share/fonts/opentype/urw-base35/C059-Italic.otf', name='C059', style='italic', variant='normal', weight=400, stretch='normal', size='scalable')) = 11.05
DEBUG:matplotlib.font_manager:findfont: score(FontEntry(fname='/usr/share/fonts/truetype/ubuntu/Ubuntu-LI.ttf', name='Ubuntu', style='italic', variant='normal', weight=300, stretch='normal', size='scalable')) = 11.145
DEBUG:matplotlib.font_manager:findfont: score(FontEntry(fname='/usr/share/fonts/truetype/tlwg/TlwgTypist-BoldOblique.ttf', name='Tlwg Typist', style='oblique', variant='normal', weight=700, stretch='normal', size='scalable')) = 11.335
DEBUG:matplotlib.font_manager:findfont: score(FontEntry(fname='/usr/share/fonts/truetype/teluguvijayam/Mandali-Regular.ttf', name='Mandali', style='normal', variant='normal', weight=400, stretch='normal', size='scalable')) = 10.05
DEBUG:matplotlib.font_manager:findfont: score(FontEntry(fname='/usr/share/fonts/opentype/urw-base35/C059-Bold.otf', name='C059', style='normal', variant='normal', weight=700, stretch='normal', size='scalable')) = 10.335
DEBUG:matplotlib.font_manager:findfont: score(FontEntry(fname='/usr/share/fonts/truetype/lohit-malayalam/Lohit-Malayalam.ttf', name='Lohit Malayalam', style='normal', variant='normal', weight=400, stretch='normal', size='scalable')) = 10.05
DEBUG:matplotlib.font_manager:findfont: score(FontEntry(fname='/usr/share/fonts/truetype/teluguvijayam/ramabhadra.ttf', name='Ramabhadra', style='normal', variant='normal', weight=400, stretch='normal', size='scalable')) = 10.05
DEBUG:matplotlib.font_manager:findfont: score(FontEntry(fname='/usr/share/fonts/truetype/freefont/FreeSerifBold.ttf', name='FreeSerif', style='normal', variant='normal', weight=700, stretch='normal', size='scalable')) = 10.335
DEBUG:matplotlib.font_manager:findfont: score(FontEntry(fname='/usr/share/fonts/truetype/fonts-yrsa-rasa/Yrsa-Italic.ttf', name='Yrsa', style='italic', variant='normal', weight=400, stretch='normal', size='scalable')) = 11.05
DEBUG:matplotlib.font_manager:findfont: score(FontEntry(fname='/usr/share/fonts/opentype/urw-base35/NimbusMonoPS-Regular.otf', name='Nimbus Mono PS', style='normal', variant='normal', weight=400, stretch='normal', size='scalable')) = 10.05
DEBUG:matplotlib.font_manager:findfont: score(FontEntry(fname='/usr/share/fonts/truetype/ubuntu/Ubuntu-Th.ttf', name='Ubuntu', style='normal', variant='normal', weight=250, stretch='normal', size='scalable')) = 10.1925
DEBUG:matplotlib.font_manager:findfont: score(FontEntry(fname='/usr/share/fonts/opentype/urw-base35/P052-Roman.otf', name='P052', style='normal', variant='normal', weight=400, stretch='normal', size='scalable')) = 10.05
DEBUG:matplotlib.font_manager:findfont: score(FontEntry(fname='/usr/share/fonts/truetype/samyak-fonts/Samyak-Tamil.ttf', name='Samyak Tamil', style='normal', variant='normal', weight=500, stretch='normal', size='scalable')) = 10.145
DEBUG:matplotlib.font_manager:findfont: score(FontEntry(fname='/usr/share/fonts/truetype/liberation/LiberationSans-Italic.ttf', name='Liberation Sans', style='italic', variant='normal', weight=400, stretch='normal', size='scalable')) = 11.05
DEBUG:matplotlib.font_manager:findfont: score(FontEntry(fname='/usr/share/fonts/truetype/tlwg/Sawasdee-BoldOblique.ttf', name='Sawasdee', style='oblique', variant='normal', weight=700, stretch='normal', size='scalable')) = 11.335
DEBUG:matplotlib.font_manager:findfont: score(FontEntry(fname='/usr/share/fonts/opentype/urw-base35/NimbusSans-Regular.otf', name='Nimbus Sans', style='normal', variant='normal', weight=400, stretch='normal', size='scalable')) = 10.05
DEBUG:matplotlib.font_manager:findfont: score(FontEntry(fname='/usr/share/fonts/truetype/tlwg/Garuda.ttf', name='Garuda', style='normal', variant='normal', weight=400, stretch='normal', size='scalable')) = 10.05
DEBUG:matplotlib.font_manager:findfont: score(FontEntry(fname='/usr/share/fonts/truetype/ubuntu/Ubuntu-M.ttf', name='Ubuntu', style='normal', variant='normal', weight=500, stretch='normal', size='scalable')) = 10.145
DEBUG:matplotlib.font_manager:findfont: score(FontEntry(fname='/usr/share/fonts/opentype/urw-base35/D050000L.otf', name='D050000L', style='normal', variant='normal', weight=400, stretch='normal', size='scalable')) = 10.05
DEBUG:matplotlib.font_manager:findfont: score(FontEntry(fname='/usr/share/fonts/truetype/pagul/Pagul.ttf', name='Pagul', style='normal', variant='normal', weight=400, stretch='normal', size='scalable')) = 10.05
DEBUG:matplotlib.font_manager:findfont: score(FontEntry(fname='/usr/share/fonts/truetype/fonts-beng-extra/Mukti.ttf', name='Mukti', style='normal', variant='normal', weight=500, stretch='normal', size='scalable')) = 10.145
DEBUG:matplotlib.font_manager:findfont: score(FontEntry(fname='/usr/share/fonts/truetype/kacst/KacstTitle.ttf', name='KacstTitle', style='normal', variant='normal', weight=500, stretch='normal', size='scalable')) = 10.145
DEBUG:matplotlib.font_manager:findfont: score(FontEntry(fname='/usr/share/fonts/opentype/urw-base35/C059-BdIta.otf', name='C059', style='italic', variant='normal', weight=700, stretch='normal', size='scalable')) = 11.335
DEBUG:matplotlib.font_manager:findfont: score(FontEntry(fname='/usr/share/fonts/truetype/tlwg/TlwgMono-BoldOblique.ttf', name='Tlwg Mono', style='oblique', variant='normal', weight=700, stretch='normal', size='scalable')) = 11.335
DEBUG:matplotlib.font_manager:findfont: score(FontEntry(fname='/usr/share/fonts/opentype/malayalam/Gayathri-Bold.otf', name='Gayathri', style='normal', variant='normal', weight=700, stretch='normal', size='scalable')) = 10.335
DEBUG:matplotlib.font_manager:findfont: score(FontEntry(fname='/usr/share/fonts/opentype/noto/NotoSerifCJK-Regular.ttc', name='Noto Serif CJK JP', style='normal', variant='normal', weight=400, stretch='normal', size='scalable')) = 10.05
DEBUG:matplotlib.font_manager:findfont: score(FontEntry(fname='/usr/share/fonts/truetype/liberation2/LiberationMono-Italic.ttf', name='Liberation Mono', style='italic', variant='normal', weight=400, stretch='normal', size='scalable')) = 11.05
DEBUG:matplotlib.font_manager:findfont: score(FontEntry(fname='/usr/share/fonts/truetype/kacst/KacstDigital.ttf', name='KacstDigital', style='normal', variant='normal', weight=500, stretch='normal', size='scalable')) = 10.145
DEBUG:matplotlib.font_manager:findfont: score(FontEntry(fname='/usr/share/fonts/truetype/kacst/KacstBook.ttf', name='KacstBook', style='normal', variant='normal', weight=500, stretch='normal', size='scalable')) = 10.145
DEBUG:matplotlib.font_manager:findfont: score(FontEntry(fname='/usr/share/fonts/truetype/tlwg/TlwgTypist.ttf', name='Tlwg Typist', style='normal', variant='normal', weight=400, stretch='normal', size='scalable')) = 10.05
DEBUG:matplotlib.font_manager:findfont: score(FontEntry(fname='/usr/share/fonts/truetype/ubuntu/Ubuntu-RI.ttf', name='Ubuntu', style='italic', variant='normal', weight=400, stretch='normal', size='scalable')) = 11.05
DEBUG:matplotlib.font_manager:findfont: score(FontEntry(fname='/usr/share/fonts/truetype/padauk/PadaukBook-Bold.ttf', name='Padauk Book', style='normal', variant='normal', weight=700, stretch='normal', size='scalable')) = 10.335
DEBUG:matplotlib.font_manager:findfont: score(FontEntry(fname='/usr/share/fonts/truetype/Gubbi/Gubbi.ttf', name='Gubbi', style='normal', variant='normal', weight=400, stretch='normal', size='scalable')) = 10.05
DEBUG:matplotlib.font_manager:findfont: score(FontEntry(fname='/usr/share/fonts/truetype/freefont/FreeSansOblique.ttf', name='FreeSans', style='oblique', variant='normal', weight=400, stretch='normal', size='scalable')) = 11.05
DEBUG:matplotlib.font_manager:findfont: score(FontEntry(fname='/usr/share/fonts/truetype/liberation2/LiberationSerif-Bold.ttf', name='Liberation Serif', style='normal', variant='normal', weight=700, stretch='normal', size='scalable')) = 10.335
DEBUG:matplotlib.font_manager:findfont: score(FontEntry(fname='/usr/share/fonts/truetype/fonts-orya-extra/utkal.ttf', name='ori1Uni', style='normal', variant='normal', weight=500, stretch='normal', size='scalable')) = 10.145
DEBUG:matplotlib.font_manager:findfont: score(FontEntry(fname='/usr/share/fonts/truetype/liberation2/LiberationSans-BoldItalic.ttf', name='Liberation Sans', style='italic', variant='normal', weight=700, stretch='normal', size='scalable')) = 11.335
DEBUG:matplotlib.font_manager:findfont: score(FontEntry(fname='/usr/share/fonts/truetype/malayalam/Suruma.ttf', name='Suruma', style='normal', variant='normal', weight=500, stretch='normal', size='scalable')) = 10.145
DEBUG:matplotlib.font_manager:findfont: score(FontEntry(fname='/usr/share/fonts/truetype/tlwg/Purisa.ttf', name='Purisa', style='normal', variant='normal', weight=400, stretch='normal', size='scalable')) = 10.05
DEBUG:matplotlib.font_manager:findfont: score(FontEntry(fname='/usr/share/fonts/truetype/kacst/mry_KacstQurn.ttf', name='mry_KacstQurn', style='normal', variant='normal', weight=400, stretch='normal', size='scalable')) = 10.05
DEBUG:matplotlib.font_manager:findfont: score(FontEntry(fname='/usr/share/fonts/truetype/tlwg/Norasi-BoldOblique.ttf', name='Norasi', style='oblique', variant='normal', weight=700, stretch='normal', size='scalable')) = 11.335
DEBUG:matplotlib.font_manager:findfont: score(FontEntry(fname='/usr/share/fonts/opentype/urw-base35/URWBookman-Light.otf', name='URW Bookman', style='normal', variant='normal', weight=300, stretch='normal', size='scalable')) = 10.145
DEBUG:matplotlib.font_manager:findfont: score(FontEntry(fname='/usr/share/fonts/truetype/tlwg/Sawasdee-Oblique.ttf', name='Sawasdee', style='oblique', variant='normal', weight=400, stretch='normal', size='scalable')) = 11.05
DEBUG:matplotlib.font_manager:findfont: score(FontEntry(fname='/usr/share/fonts/truetype/teluguvijayam/Peddana-Regular.ttf', name='Peddana', style='normal', variant='normal', weight=400, stretch='normal', size='scalable')) = 10.05
DEBUG:matplotlib.font_manager:findfont: score(FontEntry(fname='/usr/share/fonts/opentype/urw-base35/P052-Bold.otf', name='P052', style='normal', variant='normal', weight=700, stretch='normal', size='scalable')) = 10.335
DEBUG:matplotlib.font_manager:findfont: score(FontEntry(fname='/usr/share/fonts/truetype/kacst/KacstQurn.ttf', name='KacstQurn', style='normal', variant='normal', weight=400, stretch='normal', size='scalable')) = 10.05
DEBUG:matplotlib.font_manager:findfont: score(FontEntry(fname='/usr/share/fonts/truetype/tlwg/Umpush-Oblique.ttf', name='Umpush', style='oblique', variant='normal', weight=400, stretch='normal', size='scalable')) = 11.05
DEBUG:matplotlib.font_manager:findfont: score(FontEntry(fname='/usr/share/fonts/truetype/fonts-yrsa-rasa/Yrsa-Medium.ttf', name='Yrsa', style='normal', variant='normal', weight=500, stretch='normal', size='scalable')) = 10.145
DEBUG:matplotlib.font_manager:findfont: score(FontEntry(fname='/usr/share/fonts/opentype/urw-base35/NimbusRoman-Bold.otf', name='Nimbus Roman', style='normal', variant='normal', weight=700, stretch='normal', size='scalable')) = 10.335
DEBUG:matplotlib.font_manager:findfont: score(FontEntry(fname='/usr/share/fonts/truetype/tlwg/Loma-BoldOblique.ttf', name='Loma', style='oblique', variant='normal', weight=700, stretch='normal', size='scalable')) = 11.335
DEBUG:matplotlib.font_manager:findfont: score(FontEntry(fname='/usr/share/fonts/truetype/liberation/LiberationSansNarrow-Italic.ttf', name='Liberation Sans Narrow', style='italic', variant='normal', weight=400, stretch='condensed', size='scalable')) = 11.25
DEBUG:matplotlib.font_manager:findfont: score(FontEntry(fname='/usr/share/fonts/truetype/freefont/FreeMonoBold.ttf', name='FreeMono', style='normal', variant='normal', weight=700, stretch='normal', size='scalable')) = 10.335
DEBUG:matplotlib.font_manager:findfont: score(FontEntry(fname='/usr/share/fonts/opentype/malayalam/Manjari-Regular.otf', name='Manjari', style='normal', variant='normal', weight=400, stretch='normal', size='scalable')) = 10.05
DEBUG:matplotlib.font_manager:findfont: score(FontEntry(fname='/usr/share/fonts/opentype/urw-base35/P052-Italic.otf', name='P052', style='italic', variant='normal', weight=400, stretch='normal', size='scalable')) = 11.05
DEBUG:matplotlib.font_manager:findfont: score(FontEntry(fname='/usr/share/fonts/truetype/kacst/KacstOffice.ttf', name='KacstOffice', style='normal', variant='normal', weight=500, stretch='normal', size='scalable')) = 10.145
DEBUG:matplotlib.font_manager:findfont: score(FontEntry(fname='/usr/share/fonts/truetype/noto/NotoSansMono-Bold.ttf', name='Noto Sans Mono', style='normal', variant='normal', weight=700, stretch='normal', size='scalable')) = 10.335
DEBUG:matplotlib.font_manager:findfont: score(FontEntry(fname='/usr/share/fonts/truetype/tlwg/Garuda-Bold.ttf', name='Garuda', style='normal', variant='normal', weight=700, stretch='normal', size='scalable')) = 10.335
DEBUG:matplotlib.font_manager:findfont: score(FontEntry(fname='/usr/share/fonts/truetype/liberation/LiberationSans-Bold.ttf', name='Liberation Sans', style='normal', variant='normal', weight=700, stretch='normal', size='scalable')) = 10.335
DEBUG:matplotlib.font_manager:findfont: score(FontEntry(fname='/usr/share/fonts/truetype/kacst-one/KacstOne.ttf', name='KacstOne', style='normal', variant='normal', weight=400, stretch='normal', size='scalable')) = 10.05
DEBUG:matplotlib.font_manager:findfont: score(FontEntry(fname='/usr/share/fonts/truetype/liberation/LiberationMono-Italic.ttf', name='Liberation Mono', style='italic', variant='normal', weight=400, stretch='normal', size='scalable')) = 11.05
DEBUG:matplotlib.font_manager:findfont: score(FontEntry(fname='/usr/share/fonts/truetype/teluguvijayam/SreeKrushnadevaraya.ttf', name='Sree Krushnadevaraya', style='normal', variant='normal', weight=400, stretch='normal', size='scalable')) = 10.05
DEBUG:matplotlib.font_manager:findfont: score(FontEntry(fname='/usr/share/fonts/truetype/tlwg/Purisa-BoldOblique.ttf', name='Purisa', style='oblique', variant='normal', weight=700, stretch='normal', size='scalable')) = 11.335
DEBUG:matplotlib.font_manager:findfont: score(FontEntry(fname='/usr/share/fonts/truetype/fonts-yrsa-rasa/Yrsa-MediumItalic.ttf', name='Yrsa', style='italic', variant='normal', weight=500, stretch='normal', size='scalable')) = 11.145
DEBUG:matplotlib.font_manager:findfont: score(FontEntry(fname='/usr/share/fonts/opentype/noto/NotoSerifCJK-Bold.ttc', name='Noto Serif CJK JP', style='normal', variant='normal', weight=700, stretch='normal', size='scalable')) = 10.335
DEBUG:matplotlib.font_manager:findfont: score(FontEntry(fname='/usr/share/fonts/truetype/liberation2/LiberationSerif-Regular.ttf', name='Liberation Serif', style='normal', variant='normal', weight=400, stretch='normal', size='scalable')) = 10.05
DEBUG:matplotlib.font_manager:findfont: score(FontEntry(fname='/usr/share/fonts/truetype/liberation2/LiberationMono-BoldItalic.ttf', name='Liberation Mono', style='italic', variant='normal', weight=700, stretch='normal', size='scalable')) = 11.335
DEBUG:matplotlib.font_manager:findfont: score(FontEntry(fname='/usr/share/fonts/truetype/tlwg/Loma-Oblique.ttf', name='Loma', style='oblique', variant='normal', weight=400, stretch='normal', size='scalable')) = 11.05
DEBUG:matplotlib.font_manager:findfont: score(FontEntry(fname='/usr/share/fonts/truetype/ttf-khmeros-core/KhmerOSsys.ttf', name='Khmer OS System', style='normal', variant='normal', weight=400, stretch='normal', size='scalable')) = 10.05
DEBUG:matplotlib.font_manager:findfont: score(FontEntry(fname='/usr/share/fonts/truetype/liberation2/LiberationMono-Regular.ttf', name='Liberation Mono', style='normal', variant='normal', weight=400, stretch='normal', size='scalable')) = 10.05
DEBUG:matplotlib.font_manager:findfont: score(FontEntry(fname='/usr/share/fonts/truetype/lohit-devanagari/Lohit-Devanagari.ttf', name='Lohit Devanagari', style='normal', variant='normal', weight=400, stretch='normal', size='scalable')) = 10.05
DEBUG:matplotlib.font_manager:findfont: score(FontEntry(fname='/usr/share/fonts/opentype/urw-base35/URWBookman-DemiItalic.otf', name='URW Bookman', style='italic', variant='normal', weight=600, stretch='normal', size='scalable')) = 11.24
DEBUG:matplotlib.font_manager:findfont: score(FontEntry(fname='/usr/share/fonts/truetype/fonts-beng-extra/JamrulNormal.ttf', name='Jamrul', style='normal', variant='normal', weight=500, stretch='normal', size='scalable')) = 10.145
DEBUG:matplotlib.font_manager:findfont: score(FontEntry(fname='/usr/share/fonts/truetype/kacst/KacstLetter.ttf', name='KacstLetter', style='normal', variant='normal', weight=500, stretch='normal', size='scalable')) = 10.145
DEBUG:matplotlib.font_manager:findfont: score(FontEntry(fname='/usr/share/fonts/truetype/ubuntu/Ubuntu-L.ttf', name='Ubuntu', style='normal', variant='normal', weight=300, stretch='normal', size='scalable')) = 10.145
DEBUG:matplotlib.font_manager:findfont: score(FontEntry(fname='/usr/share/fonts/truetype/tlwg/Norasi-Italic.ttf', name='Norasi', style='italic', variant='normal', weight=400, stretch='normal', size='scalable')) = 11.05
DEBUG:matplotlib.font_manager:findfont: score(FontEntry(fname='/usr/share/fonts/truetype/fonts-yrsa-rasa/Yrsa-Bold.ttf', name='Yrsa', style='normal', variant='normal', weight=700, stretch='normal', size='scalable')) = 10.335
DEBUG:matplotlib.font_manager:findfont: score(FontEntry(fname='/usr/share/fonts/truetype/malayalam/Keraleeyam-Regular.ttf', name='Keraleeyam', style='normal', variant='normal', weight=400, stretch='normal', size='scalable')) = 10.05
DEBUG:matplotlib.font_manager:findfont: score(FontEntry(fname='/usr/share/fonts/opentype/urw-base35/URWGothic-DemiOblique.otf', name='URW Gothic', style='oblique', variant='normal', weight=600, stretch='normal', size='scalable')) = 11.24
DEBUG:matplotlib.font_manager:findfont: Matching sans\-serif:style=normal:variant=normal:weight=normal:stretch=normal:size=10.0 to DejaVu Sans ('/home/oth/.local/lib/python3.10/site-packages/matplotlib/mpl-data/fonts/ttf/DejaVuSans.ttf') with score of 0.050000.
DEBUG:matplotlib.colorbar:locator: <matplotlib.ticker.AutoLocator object at 0x783fa2318520>
DEBUG:matplotlib.font_manager:findfont: Matching sans\-serif:style=normal:variant=normal:weight=normal:stretch=normal:size=9.0.
DEBUG:matplotlib.font_manager:findfont: score(FontEntry(fname='/home/oth/.local/lib/python3.10/site-packages/matplotlib/mpl-data/fonts/ttf/STIXSizFourSymBol.ttf', name='STIXSizeFourSym', style='normal', variant='normal', weight=700, stretch='normal', size='scalable')) = 10.335
DEBUG:matplotlib.font_manager:findfont: score(FontEntry(fname='/home/oth/.local/lib/python3.10/site-packages/matplotlib/mpl-data/fonts/ttf/DejaVuSansMono-Bold.ttf', name='DejaVu Sans Mono', style='normal', variant='normal', weight=700, stretch='normal', size='scalable')) = 10.335
DEBUG:matplotlib.font_manager:findfont: score(FontEntry(fname='/home/oth/.local/lib/python3.10/site-packages/matplotlib/mpl-data/fonts/ttf/cmsy10.ttf', name='cmsy10', style='normal', variant='normal', weight=400, stretch='normal', size='scalable')) = 10.05
DEBUG:matplotlib.font_manager:findfont: score(FontEntry(fname='/home/oth/.local/lib/python3.10/site-packages/matplotlib/mpl-data/fonts/ttf/STIXGeneral.ttf', name='STIXGeneral', style='normal', variant='normal', weight=400, stretch='normal', size='scalable')) = 10.05
DEBUG:matplotlib.font_manager:findfont: score(FontEntry(fname='/home/oth/.local/lib/python3.10/site-packages/matplotlib/mpl-data/fonts/ttf/cmmi10.ttf', name='cmmi10', style='normal', variant='normal', weight=400, stretch='normal', size='scalable')) = 10.05
DEBUG:matplotlib.font_manager:findfont: score(FontEntry(fname='/home/oth/.local/lib/python3.10/site-packages/matplotlib/mpl-data/fonts/ttf/DejaVuSerif-Italic.ttf', name='DejaVu Serif', style='italic', variant='normal', weight=400, stretch='normal', size='scalable')) = 11.05
DEBUG:matplotlib.font_manager:findfont: score(FontEntry(fname='/home/oth/.local/lib/python3.10/site-packages/matplotlib/mpl-data/fonts/ttf/cmex10.ttf', name='cmex10', style='normal', variant='normal', weight=400, stretch='normal', size='scalable')) = 10.05
DEBUG:matplotlib.font_manager:findfont: score(FontEntry(fname='/home/oth/.local/lib/python3.10/site-packages/matplotlib/mpl-data/fonts/ttf/cmss10.ttf', name='cmss10', style='normal', variant='normal', weight=400, stretch='normal', size='scalable')) = 10.05
DEBUG:matplotlib.font_manager:findfont: score(FontEntry(fname='/home/oth/.local/lib/python3.10/site-packages/matplotlib/mpl-data/fonts/ttf/DejaVuSerif.ttf', name='DejaVu Serif', style='normal', variant='normal', weight=400, stretch='normal', size='scalable')) = 10.05
DEBUG:matplotlib.font_manager:findfont: score(FontEntry(fname='/home/oth/.local/lib/python3.10/site-packages/matplotlib/mpl-data/fonts/ttf/STIXSizTwoSymBol.ttf', name='STIXSizeTwoSym', style='normal', variant='normal', weight=700, stretch='normal', size='scalable')) = 10.335
DEBUG:matplotlib.font_manager:findfont: score(FontEntry(fname='/home/oth/.local/lib/python3.10/site-packages/matplotlib/mpl-data/fonts/ttf/DejaVuSans.ttf', name='DejaVu Sans', style='normal', variant='normal', weight=400, stretch='normal', size='scalable')) = 0.05
DEBUG:matplotlib.font_manager:findfont: score(FontEntry(fname='/home/oth/.local/lib/python3.10/site-packages/matplotlib/mpl-data/fonts/ttf/DejaVuSans-Oblique.ttf', name='DejaVu Sans', style='oblique', variant='normal', weight=400, stretch='normal', size='scalable')) = 1.05
DEBUG:matplotlib.font_manager:findfont: score(FontEntry(fname='/home/oth/.local/lib/python3.10/site-packages/matplotlib/mpl-data/fonts/ttf/STIXGeneralItalic.ttf', name='STIXGeneral', style='italic', variant='normal', weight=400, stretch='normal', size='scalable')) = 11.05
DEBUG:matplotlib.font_manager:findfont: score(FontEntry(fname='/home/oth/.local/lib/python3.10/site-packages/matplotlib/mpl-data/fonts/ttf/DejaVuSansDisplay.ttf', name='DejaVu Sans Display', style='normal', variant='normal', weight=400, stretch='normal', size='scalable')) = 10.05
DEBUG:matplotlib.font_manager:findfont: score(FontEntry(fname='/home/oth/.local/lib/python3.10/site-packages/matplotlib/mpl-data/fonts/ttf/STIXSizOneSymBol.ttf', name='STIXSizeOneSym', style='normal', variant='normal', weight=700, stretch='normal', size='scalable')) = 10.335
DEBUG:matplotlib.font_manager:findfont: score(FontEntry(fname='/home/oth/.local/lib/python3.10/site-packages/matplotlib/mpl-data/fonts/ttf/STIXSizTwoSymReg.ttf', name='STIXSizeTwoSym', style='normal', variant='normal', weight=400, stretch='normal', size='scalable')) = 10.05
DEBUG:matplotlib.font_manager:findfont: score(FontEntry(fname='/home/oth/.local/lib/python3.10/site-packages/matplotlib/mpl-data/fonts/ttf/STIXGeneralBolIta.ttf', name='STIXGeneral', style='italic', variant='normal', weight=700, stretch='normal', size='scalable')) = 11.335
DEBUG:matplotlib.font_manager:findfont: score(FontEntry(fname='/home/oth/.local/lib/python3.10/site-packages/matplotlib/mpl-data/fonts/ttf/DejaVuSansMono-BoldOblique.ttf', name='DejaVu Sans Mono', style='oblique', variant='normal', weight=700, stretch='normal', size='scalable')) = 11.335
DEBUG:matplotlib.font_manager:findfont: score(FontEntry(fname='/home/oth/.local/lib/python3.10/site-packages/matplotlib/mpl-data/fonts/ttf/DejaVuSans-BoldOblique.ttf', name='DejaVu Sans', style='oblique', variant='normal', weight=700, stretch='normal', size='scalable')) = 1.335
DEBUG:matplotlib.font_manager:findfont: score(FontEntry(fname='/home/oth/.local/lib/python3.10/site-packages/matplotlib/mpl-data/fonts/ttf/STIXSizThreeSymReg.ttf', name='STIXSizeThreeSym', style='normal', variant='normal', weight=400, stretch='normal', size='scalable')) = 10.05
DEBUG:matplotlib.font_manager:findfont: score(FontEntry(fname='/home/oth/.local/lib/python3.10/site-packages/matplotlib/mpl-data/fonts/ttf/DejaVuSerif-BoldItalic.ttf', name='DejaVu Serif', style='italic', variant='normal', weight=700, stretch='normal', size='scalable')) = 11.335
DEBUG:matplotlib.font_manager:findfont: score(FontEntry(fname='/home/oth/.local/lib/python3.10/site-packages/matplotlib/mpl-data/fonts/ttf/STIXNonUniBol.ttf', name='STIXNonUnicode', style='normal', variant='normal', weight=700, stretch='normal', size='scalable')) = 10.335
DEBUG:matplotlib.font_manager:findfont: score(FontEntry(fname='/home/oth/.local/lib/python3.10/site-packages/matplotlib/mpl-data/fonts/ttf/STIXNonUni.ttf', name='STIXNonUnicode', style='normal', variant='normal', weight=400, stretch='normal', size='scalable')) = 10.05
DEBUG:matplotlib.font_manager:findfont: score(FontEntry(fname='/home/oth/.local/lib/python3.10/site-packages/matplotlib/mpl-data/fonts/ttf/DejaVuSerifDisplay.ttf', name='DejaVu Serif Display', style='normal', variant='normal', weight=400, stretch='normal', size='scalable')) = 10.05
DEBUG:matplotlib.font_manager:findfont: score(FontEntry(fname='/home/oth/.local/lib/python3.10/site-packages/matplotlib/mpl-data/fonts/ttf/STIXNonUniBolIta.ttf', name='STIXNonUnicode', style='italic', variant='normal', weight=700, stretch='normal', size='scalable')) = 11.335
DEBUG:matplotlib.font_manager:findfont: score(FontEntry(fname='/home/oth/.local/lib/python3.10/site-packages/matplotlib/mpl-data/fonts/ttf/DejaVuSansMono.ttf', name='DejaVu Sans Mono', style='normal', variant='normal', weight=400, stretch='normal', size='scalable')) = 10.05
DEBUG:matplotlib.font_manager:findfont: score(FontEntry(fname='/home/oth/.local/lib/python3.10/site-packages/matplotlib/mpl-data/fonts/ttf/cmtt10.ttf', name='cmtt10', style='normal', variant='normal', weight=400, stretch='normal', size='scalable')) = 10.05
DEBUG:matplotlib.font_manager:findfont: score(FontEntry(fname='/home/oth/.local/lib/python3.10/site-packages/matplotlib/mpl-data/fonts/ttf/cmr10.ttf', name='cmr10', style='normal', variant='normal', weight=400, stretch='normal', size='scalable')) = 10.05
DEBUG:matplotlib.font_manager:findfont: score(FontEntry(fname='/home/oth/.local/lib/python3.10/site-packages/matplotlib/mpl-data/fonts/ttf/DejaVuSansMono-Oblique.ttf', name='DejaVu Sans Mono', style='oblique', variant='normal', weight=400, stretch='normal', size='scalable')) = 11.05
DEBUG:matplotlib.font_manager:findfont: score(FontEntry(fname='/home/oth/.local/lib/python3.10/site-packages/matplotlib/mpl-data/fonts/ttf/STIXSizFiveSymReg.ttf', name='STIXSizeFiveSym', style='normal', variant='normal', weight=400, stretch='normal', size='scalable')) = 10.05
DEBUG:matplotlib.font_manager:findfont: score(FontEntry(fname='/home/oth/.local/lib/python3.10/site-packages/matplotlib/mpl-data/fonts/ttf/STIXSizFourSymReg.ttf', name='STIXSizeFourSym', style='normal', variant='normal', weight=400, stretch='normal', size='scalable')) = 10.05
DEBUG:matplotlib.font_manager:findfont: score(FontEntry(fname='/home/oth/.local/lib/python3.10/site-packages/matplotlib/mpl-data/fonts/ttf/cmb10.ttf', name='cmb10', style='normal', variant='normal', weight=400, stretch='normal', size='scalable')) = 10.05
DEBUG:matplotlib.font_manager:findfont: score(FontEntry(fname='/home/oth/.local/lib/python3.10/site-packages/matplotlib/mpl-data/fonts/ttf/STIXNonUniIta.ttf', name='STIXNonUnicode', style='italic', variant='normal', weight=400, stretch='normal', size='scalable')) = 11.05
DEBUG:matplotlib.font_manager:findfont: score(FontEntry(fname='/home/oth/.local/lib/python3.10/site-packages/matplotlib/mpl-data/fonts/ttf/DejaVuSerif-Bold.ttf', name='DejaVu Serif', style='normal', variant='normal', weight=700, stretch='normal', size='scalable')) = 10.335
DEBUG:matplotlib.font_manager:findfont: score(FontEntry(fname='/home/oth/.local/lib/python3.10/site-packages/matplotlib/mpl-data/fonts/ttf/STIXGeneralBol.ttf', name='STIXGeneral', style='normal', variant='normal', weight=700, stretch='normal', size='scalable')) = 10.335
DEBUG:matplotlib.font_manager:findfont: score(FontEntry(fname='/home/oth/.local/lib/python3.10/site-packages/matplotlib/mpl-data/fonts/ttf/STIXSizOneSymReg.ttf', name='STIXSizeOneSym', style='normal', variant='normal', weight=400, stretch='normal', size='scalable')) = 10.05
DEBUG:matplotlib.font_manager:findfont: score(FontEntry(fname='/home/oth/.local/lib/python3.10/site-packages/matplotlib/mpl-data/fonts/ttf/STIXSizThreeSymBol.ttf', name='STIXSizeThreeSym', style='normal', variant='normal', weight=700, stretch='normal', size='scalable')) = 10.335
DEBUG:matplotlib.font_manager:findfont: score(FontEntry(fname='/home/oth/.local/lib/python3.10/site-packages/matplotlib/mpl-data/fonts/ttf/DejaVuSans-Bold.ttf', name='DejaVu Sans', style='normal', variant='normal', weight=700, stretch='normal', size='scalable')) = 0.33499999999999996
DEBUG:matplotlib.font_manager:findfont: score(FontEntry(fname='/usr/share/fonts/truetype/fonts-yrsa-rasa/Rasa-Regular.ttf', name='Rasa', style='normal', variant='normal', weight=400, stretch='normal', size='scalable')) = 10.05
DEBUG:matplotlib.font_manager:findfont: score(FontEntry(fname='/usr/share/fonts/truetype/liberation/LiberationSerif-Regular.ttf', name='Liberation Serif', style='normal', variant='normal', weight=400, stretch='normal', size='scalable')) = 10.05
DEBUG:matplotlib.font_manager:findfont: score(FontEntry(fname='/usr/share/fonts/truetype/lohit-tamil/Lohit-Tamil.ttf', name='Lohit Tamil', style='normal', variant='normal', weight=400, stretch='normal', size='scalable')) = 10.05
DEBUG:matplotlib.font_manager:findfont: score(FontEntry(fname='/usr/share/fonts/truetype/tlwg/Umpush-BoldOblique.ttf', name='Umpush', style='oblique', variant='normal', weight=700, stretch='normal', size='scalable')) = 11.335
DEBUG:matplotlib.font_manager:findfont: score(FontEntry(fname='/usr/share/fonts/truetype/fonts-yrsa-rasa/Yrsa-Light.ttf', name='Yrsa', style='normal', variant='normal', weight=300, stretch='normal', size='scalable')) = 10.145
DEBUG:matplotlib.font_manager:findfont: score(FontEntry(fname='/usr/share/fonts/truetype/liberation2/LiberationSans-Bold.ttf', name='Liberation Sans', style='normal', variant='normal', weight=700, stretch='normal', size='scalable')) = 10.335
DEBUG:matplotlib.font_manager:findfont: score(FontEntry(fname='/usr/share/fonts/truetype/samyak-fonts/Samyak-Gujarati.ttf', name='Samyak Gujarati', style='normal', variant='normal', weight=500, stretch='normal', size='scalable')) = 10.145
DEBUG:matplotlib.font_manager:findfont: score(FontEntry(fname='/usr/share/fonts/truetype/tlwg/Waree.ttf', name='Waree', style='normal', variant='normal', weight=400, stretch='normal', size='scalable')) = 10.05
DEBUG:matplotlib.font_manager:findfont: score(FontEntry(fname='/usr/share/fonts/truetype/tlwg/Laksaman-BoldItalic.ttf', name='Laksaman', style='italic', variant='normal', weight=700, stretch='normal', size='scalable')) = 11.335
DEBUG:matplotlib.font_manager:findfont: score(FontEntry(fname='/usr/share/fonts/truetype/lohit-punjabi/Lohit-Gurmukhi.ttf', name='Lohit Gurmukhi', style='normal', variant='normal', weight=400, stretch='normal', size='scalable')) = 10.05
DEBUG:matplotlib.font_manager:findfont: score(FontEntry(fname='/usr/share/fonts/truetype/liberation/LiberationSans-Regular.ttf', name='Liberation Sans', style='normal', variant='normal', weight=400, stretch='normal', size='scalable')) = 10.05
DEBUG:matplotlib.font_manager:findfont: score(FontEntry(fname='/usr/share/fonts/truetype/liberation/LiberationSansNarrow-Regular.ttf', name='Liberation Sans Narrow', style='normal', variant='normal', weight=400, stretch='condensed', size='scalable')) = 10.25
DEBUG:matplotlib.font_manager:findfont: score(FontEntry(fname='/usr/share/fonts/truetype/tlwg/Norasi.ttf', name='Norasi', style='normal', variant='normal', weight=400, stretch='normal', size='scalable')) = 10.05
DEBUG:matplotlib.font_manager:findfont: score(FontEntry(fname='/usr/share/fonts/truetype/fonts-yrsa-rasa/Rasa-SemiBold.ttf', name='Rasa', style='normal', variant='normal', weight=600, stretch='normal', size='scalable')) = 10.24
DEBUG:matplotlib.font_manager:findfont: score(FontEntry(fname='/usr/share/fonts/truetype/tlwg/Laksaman-Italic.ttf', name='Laksaman', style='italic', variant='normal', weight=400, stretch='normal', size='scalable')) = 11.05
DEBUG:matplotlib.font_manager:findfont: score(FontEntry(fname='/usr/share/fonts/truetype/malayalam/Rachana-Bold.ttf', name='Rachana', style='normal', variant='normal', weight=700, stretch='normal', size='scalable')) = 10.335
DEBUG:matplotlib.font_manager:findfont: score(FontEntry(fname='/usr/share/fonts/truetype/tlwg/TlwgTypist-Bold.ttf', name='Tlwg Typist', style='normal', variant='normal', weight=700, stretch='normal', size='scalable')) = 10.335
DEBUG:matplotlib.font_manager:findfont: score(FontEntry(fname='/usr/share/fonts/truetype/freefont/FreeMonoOblique.ttf', name='FreeMono', style='oblique', variant='normal', weight=400, stretch='normal', size='scalable')) = 11.05
DEBUG:matplotlib.font_manager:findfont: score(FontEntry(fname='/usr/share/fonts/truetype/teluguvijayam/RaviPrakash.ttf', name='RaviPrakash', style='normal', variant='normal', weight=400, stretch='normal', size='scalable')) = 10.05
DEBUG:matplotlib.font_manager:findfont: score(FontEntry(fname='/usr/share/fonts/truetype/malayalam/Karumbi-Regular.ttf', name='Karumbi', style='normal', variant='normal', weight=400, stretch='normal', size='scalable')) = 10.05
DEBUG:matplotlib.font_manager:findfont: score(FontEntry(fname='/usr/share/fonts/truetype/padauk/Padauk-Bold.ttf', name='Padauk', style='normal', variant='normal', weight=700, stretch='normal', size='scalable')) = 10.335
DEBUG:matplotlib.font_manager:findfont: score(FontEntry(fname='/usr/share/fonts/truetype/lohit-tamil-classical/Lohit-Tamil-Classical.ttf', name='Lohit Tamil Classical', style='normal', variant='normal', weight=400, stretch='normal', size='scalable')) = 10.05
DEBUG:matplotlib.font_manager:findfont: score(FontEntry(fname='/usr/share/fonts/opentype/malayalam/Chilanka-Regular.otf', name='Chilanka', style='normal', variant='normal', weight=400, stretch='normal', size='scalable')) = 10.05
DEBUG:matplotlib.font_manager:findfont: score(FontEntry(fname='/usr/share/fonts/truetype/tlwg/Waree-BoldOblique.ttf', name='Waree', style='oblique', variant='normal', weight=700, stretch='normal', size='scalable')) = 11.335
DEBUG:matplotlib.font_manager:findfont: score(FontEntry(fname='/usr/share/fonts/truetype/malayalam/AnjaliOldLipi-Regular.ttf', name='AnjaliOldLipi', style='normal', variant='normal', weight=400, stretch='normal', size='scalable')) = 10.05
DEBUG:matplotlib.font_manager:findfont: score(FontEntry(fname='/usr/share/fonts/truetype/padauk/PadaukBook-Regular.ttf', name='Padauk Book', style='normal', variant='normal', weight=400, stretch='normal', size='scalable')) = 10.05
DEBUG:matplotlib.font_manager:findfont: score(FontEntry(fname='/usr/share/fonts/truetype/tlwg/Loma.ttf', name='Loma', style='normal', variant='normal', weight=400, stretch='normal', size='scalable')) = 10.05
DEBUG:matplotlib.font_manager:findfont: score(FontEntry(fname='/usr/share/fonts/truetype/ubuntu/UbuntuMono-R.ttf', name='Ubuntu Mono', style='normal', variant='normal', weight=400, stretch='normal', size='scalable')) = 10.05
DEBUG:matplotlib.font_manager:findfont: score(FontEntry(fname='/usr/share/fonts/truetype/ubuntu/Ubuntu-BI.ttf', name='Ubuntu', style='italic', variant='normal', weight=700, stretch='normal', size='scalable')) = 11.335
DEBUG:matplotlib.font_manager:findfont: score(FontEntry(fname='/usr/share/fonts/truetype/kacst/KacstFarsi.ttf', name='KacstFarsi', style='normal', variant='normal', weight=500, stretch='normal', size='scalable')) = 10.145
DEBUG:matplotlib.font_manager:findfont: score(FontEntry(fname='/usr/share/fonts/truetype/tlwg/Sawasdee-Bold.ttf', name='Sawasdee', style='normal', variant='normal', weight=700, stretch='normal', size='scalable')) = 10.335
DEBUG:matplotlib.font_manager:findfont: score(FontEntry(fname='/usr/share/fonts/truetype/malayalam/Dyuthi-Regular.ttf', name='Dyuthi', style='normal', variant='normal', weight=400, stretch='normal', size='scalable')) = 10.05
DEBUG:matplotlib.font_manager:findfont: score(FontEntry(fname='/usr/share/fonts/truetype/liberation/LiberationSansNarrow-Bold.ttf', name='Liberation Sans Narrow', style='normal', variant='normal', weight=700, stretch='condensed', size='scalable')) = 10.535
DEBUG:matplotlib.font_manager:findfont: score(FontEntry(fname='/usr/share/fonts/truetype/kacst/KacstArt.ttf', name='KacstArt', style='normal', variant='normal', weight=500, stretch='normal', size='scalable')) = 10.145
DEBUG:matplotlib.font_manager:findfont: score(FontEntry(fname='/usr/share/fonts/truetype/tlwg/Kinnari-Oblique.ttf', name='Kinnari', style='oblique', variant='normal', weight=400, stretch='normal', size='scalable')) = 11.05
DEBUG:matplotlib.font_manager:findfont: score(FontEntry(fname='/usr/share/fonts/opentype/urw-base35/NimbusSansNarrow-BoldOblique.otf', name='Nimbus Sans Narrow', style='oblique', variant='normal', weight=700, stretch='condensed', size='scalable')) = 11.535
DEBUG:matplotlib.font_manager:findfont: score(FontEntry(fname='/usr/share/fonts/truetype/fonts-beng-extra/Muktibold.ttf', name='Mukti', style='normal', variant='normal', weight=700, stretch='normal', size='scalable')) = 10.335
DEBUG:matplotlib.font_manager:findfont: score(FontEntry(fname='/usr/share/fonts/opentype/urw-base35/URWBookman-LightItalic.otf', name='URW Bookman', style='italic', variant='normal', weight=300, stretch='normal', size='scalable')) = 11.145
DEBUG:matplotlib.font_manager:findfont: score(FontEntry(fname='/usr/share/fonts/truetype/freefont/FreeSans.ttf', name='FreeSans', style='normal', variant='normal', weight=400, stretch='normal', size='scalable')) = 10.05
DEBUG:matplotlib.font_manager:findfont: score(FontEntry(fname='/usr/share/fonts/truetype/padauk/Padauk-Regular.ttf', name='Padauk', style='normal', variant='normal', weight=400, stretch='normal', size='scalable')) = 10.05
DEBUG:matplotlib.font_manager:findfont: score(FontEntry(fname='/usr/share/fonts/truetype/freefont/FreeMonoBoldOblique.ttf', name='FreeMono', style='oblique', variant='normal', weight=700, stretch='normal', size='scalable')) = 11.335
DEBUG:matplotlib.font_manager:findfont: score(FontEntry(fname='/usr/share/fonts/truetype/lohit-telugu/Lohit-Telugu.ttf', name='Lohit Telugu', style='normal', variant='normal', weight=400, stretch='normal', size='scalable')) = 10.05
DEBUG:matplotlib.font_manager:findfont: score(FontEntry(fname='/usr/share/fonts/truetype/teluguvijayam/Ponnala.ttf', name='Ponnala', style='normal', variant='normal', weight=400, stretch='normal', size='scalable')) = 10.05
DEBUG:matplotlib.font_manager:findfont: score(FontEntry(fname='/usr/share/fonts/truetype/fonts-guru-extra/Saab.ttf', name='Saab', style='normal', variant='normal', weight=400, stretch='normal', size='scalable')) = 10.05
DEBUG:matplotlib.font_manager:findfont: score(FontEntry(fname='/usr/share/fonts/truetype/liberation2/LiberationSerif-BoldItalic.ttf', name='Liberation Serif', style='italic', variant='normal', weight=700, stretch='normal', size='scalable')) = 11.335
DEBUG:matplotlib.font_manager:findfont: score(FontEntry(fname='/usr/share/fonts/truetype/fonts-yrsa-rasa/Yrsa-SemiBold.ttf', name='Yrsa', style='normal', variant='normal', weight=600, stretch='normal', size='scalable')) = 10.24
DEBUG:matplotlib.font_manager:findfont: score(FontEntry(fname='/usr/share/fonts/opentype/urw-base35/NimbusSansNarrow-Regular.otf', name='Nimbus Sans Narrow', style='normal', variant='normal', weight=400, stretch='condensed', size='scalable')) = 10.25
DEBUG:matplotlib.font_manager:findfont: score(FontEntry(fname='/usr/share/fonts/truetype/tlwg/Kinnari.ttf', name='Kinnari', style='normal', variant='normal', weight=400, stretch='normal', size='scalable')) = 10.05
DEBUG:matplotlib.font_manager:findfont: score(FontEntry(fname='/usr/share/fonts/truetype/lohit-kannada/Lohit-Kannada.ttf', name='Lohit Kannada', style='normal', variant='normal', weight=400, stretch='normal', size='scalable')) = 10.05
DEBUG:matplotlib.font_manager:findfont: score(FontEntry(fname='/usr/share/fonts/truetype/freefont/FreeSerifItalic.ttf', name='FreeSerif', style='italic', variant='normal', weight=400, stretch='normal', size='scalable')) = 11.05
DEBUG:matplotlib.font_manager:findfont: score(FontEntry(fname='/usr/share/fonts/truetype/fonts-yrsa-rasa/Yrsa-Regular.ttf', name='Yrsa', style='normal', variant='normal', weight=400, stretch='normal', size='scalable')) = 10.05
DEBUG:matplotlib.font_manager:findfont: score(FontEntry(fname='/usr/share/fonts/truetype/Sarai/Sarai.ttf', name='Sarai', style='normal', variant='normal', weight=400, stretch='normal', size='scalable')) = 10.05
DEBUG:matplotlib.font_manager:findfont: score(FontEntry(fname='/usr/share/fonts/truetype/Navilu/Navilu.ttf', name='Navilu', style='normal', variant='normal', weight=400, stretch='normal', size='scalable')) = 10.05
DEBUG:matplotlib.font_manager:findfont: score(FontEntry(fname='/usr/share/fonts/truetype/tlwg/Norasi-Bold.ttf', name='Norasi', style='normal', variant='normal', weight=700, stretch='normal', size='scalable')) = 10.335
DEBUG:matplotlib.font_manager:findfont: score(FontEntry(fname='/usr/share/fonts/truetype/malayalam/Rachana-Regular.ttf', name='Rachana', style='normal', variant='normal', weight=400, stretch='normal', size='scalable')) = 10.05
DEBUG:matplotlib.font_manager:findfont: score(FontEntry(fname='/usr/share/fonts/truetype/fonts-gujr-extra/Rekha.ttf', name='Rekha', style='normal', variant='normal', weight=500, stretch='normal', size='scalable')) = 10.145
DEBUG:matplotlib.font_manager:findfont: score(FontEntry(fname='/usr/share/fonts/truetype/tlwg/TlwgTypo.ttf', name='Tlwg Typo', style='normal', variant='normal', weight=400, stretch='normal', size='scalable')) = 10.05
DEBUG:matplotlib.font_manager:findfont: score(FontEntry(fname='/usr/share/fonts/opentype/urw-base35/C059-Roman.otf', name='C059', style='normal', variant='normal', weight=400, stretch='normal', size='scalable')) = 10.05
DEBUG:matplotlib.font_manager:findfont: score(FontEntry(fname='/usr/share/fonts/opentype/noto/NotoSansCJK-Regular.ttc', name='Noto Sans CJK JP', style='normal', variant='normal', weight=400, stretch='normal', size='scalable')) = 10.05
DEBUG:matplotlib.font_manager:findfont: score(FontEntry(fname='/usr/share/fonts/truetype/fonts-deva-extra/kalimati.ttf', name='Kalimati', style='normal', variant='normal', weight=400, stretch='normal', size='scalable')) = 10.05
DEBUG:matplotlib.font_manager:findfont: score(FontEntry(fname='/usr/share/fonts/truetype/liberation2/LiberationSans-Italic.ttf', name='Liberation Sans', style='italic', variant='normal', weight=400, stretch='normal', size='scalable')) = 11.05
DEBUG:matplotlib.font_manager:findfont: score(FontEntry(fname='/usr/share/fonts/truetype/fonts-deva-extra/samanata.ttf', name='Samanata', style='normal', variant='normal', weight=400, stretch='normal', size='scalable')) = 10.05
DEBUG:matplotlib.font_manager:findfont: score(FontEntry(fname='/usr/share/fonts/truetype/ttf-khmeros-core/KhmerOS.ttf', name='Khmer OS', style='normal', variant='normal', weight=400, stretch='normal', size='scalable')) = 10.05
DEBUG:matplotlib.font_manager:findfont: score(FontEntry(fname='/usr/share/fonts/truetype/fonts-yrsa-rasa/Yrsa-BoldItalic.ttf', name='Yrsa', style='italic', variant='normal', weight=700, stretch='normal', size='scalable')) = 11.335
DEBUG:matplotlib.font_manager:findfont: score(FontEntry(fname='/usr/share/fonts/truetype/kacst/KacstTitleL.ttf', name='KacstTitleL', style='normal', variant='normal', weight=400, stretch='normal', size='scalable')) = 10.05
DEBUG:matplotlib.font_manager:findfont: score(FontEntry(fname='/usr/share/fonts/truetype/tlwg/Norasi-BoldItalic.ttf', name='Norasi', style='italic', variant='normal', weight=700, stretch='normal', size='scalable')) = 11.335
DEBUG:matplotlib.font_manager:findfont: score(FontEntry(fname='/usr/share/fonts/truetype/teluguvijayam/NATS.ttf', name='NATS', style='normal', variant='normal', weight=400, stretch='normal', size='scalable')) = 10.05
DEBUG:matplotlib.font_manager:findfont: score(FontEntry(fname='/usr/share/fonts/truetype/tlwg/TlwgTypo-BoldOblique.ttf', name='Tlwg Typo', style='oblique', variant='normal', weight=700, stretch='normal', size='scalable')) = 11.335
DEBUG:matplotlib.font_manager:findfont: score(FontEntry(fname='/usr/share/fonts/truetype/lao/Phetsarath_OT.ttf', name='Phetsarath OT', style='normal', variant='normal', weight=400, stretch='normal', size='scalable')) = 10.05
DEBUG:matplotlib.font_manager:findfont: score(FontEntry(fname='/usr/share/fonts/truetype/ubuntu/Ubuntu-B.ttf', name='Ubuntu', style='normal', variant='normal', weight=700, stretch='normal', size='scalable')) = 10.335
DEBUG:matplotlib.font_manager:findfont: score(FontEntry(fname='/usr/share/fonts/truetype/teluguvijayam/LakkiReddy.ttf', name='LakkiReddy', style='normal', variant='normal', weight=400, stretch='normal', size='scalable')) = 10.05
DEBUG:matplotlib.font_manager:findfont: score(FontEntry(fname='/usr/share/fonts/truetype/fonts-yrsa-rasa/Yrsa-SemiBoldItalic.ttf', name='Yrsa', style='italic', variant='normal', weight=600, stretch='normal', size='scalable')) = 11.24
DEBUG:matplotlib.font_manager:findfont: score(FontEntry(fname='/usr/share/fonts/truetype/samyak-fonts/Samyak-Malayalam.ttf', name='Samyak Malayalam', style='normal', variant='normal', weight=400, stretch='normal', size='scalable')) = 10.05
DEBUG:matplotlib.font_manager:findfont: score(FontEntry(fname='/usr/share/fonts/truetype/fonts-telu-extra/Pothana2000.ttf', name='Pothana2000', style='normal', variant='normal', weight=400, stretch='normal', size='scalable')) = 10.05
DEBUG:matplotlib.font_manager:findfont: score(FontEntry(fname='/usr/share/fonts/truetype/dejavu/DejaVuSerif-Bold.ttf', name='DejaVu Serif', style='normal', variant='normal', weight=700, stretch='normal', size='scalable')) = 10.335
DEBUG:matplotlib.font_manager:findfont: score(FontEntry(fname='/usr/share/fonts/truetype/tlwg/Laksaman-Bold.ttf', name='Laksaman', style='normal', variant='normal', weight=700, stretch='normal', size='scalable')) = 10.335
DEBUG:matplotlib.font_manager:findfont: score(FontEntry(fname='/usr/share/fonts/truetype/liberation2/LiberationSerif-Italic.ttf', name='Liberation Serif', style='italic', variant='normal', weight=400, stretch='normal', size='scalable')) = 11.05
DEBUG:matplotlib.font_manager:findfont: score(FontEntry(fname='/usr/share/fonts/opentype/urw-base35/NimbusRoman-Italic.otf', name='Nimbus Roman', style='italic', variant='normal', weight=400, stretch='normal', size='scalable')) = 11.05
DEBUG:matplotlib.font_manager:findfont: score(FontEntry(fname='/usr/share/fonts/truetype/fonts-kalapi/Kalapi.ttf', name='Kalapi', style='normal', variant='normal', weight=400, stretch='normal', size='scalable')) = 10.05
DEBUG:matplotlib.font_manager:findfont: score(FontEntry(fname='/usr/share/fonts/truetype/lohit-assamese/Lohit-Assamese.ttf', name='Lohit Assamese', style='normal', variant='normal', weight=400, stretch='normal', size='scalable')) = 10.05
DEBUG:matplotlib.font_manager:findfont: score(FontEntry(fname='/usr/share/fonts/truetype/Sahadeva/sahadeva.ttf', name='Sahadeva', style='normal', variant='normal', weight=400, stretch='normal', size='scalable')) = 10.05
DEBUG:matplotlib.font_manager:findfont: score(FontEntry(fname='/usr/share/fonts/truetype/malayalam/Uroob-Regular.ttf', name='Uroob', style='normal', variant='normal', weight=400, stretch='normal', size='scalable')) = 10.05
DEBUG:matplotlib.font_manager:findfont: score(FontEntry(fname='/usr/share/fonts/opentype/urw-base35/URWBookman-Demi.otf', name='URW Bookman', style='normal', variant='normal', weight=600, stretch='normal', size='scalable')) = 10.24
DEBUG:matplotlib.font_manager:findfont: score(FontEntry(fname='/usr/share/fonts/truetype/freefont/FreeSerif.ttf', name='FreeSerif', style='normal', variant='normal', weight=400, stretch='normal', size='scalable')) = 10.05
DEBUG:matplotlib.font_manager:findfont: score(FontEntry(fname='/usr/share/fonts/truetype/fonts-beng-extra/Ani.ttf', name='Ani', style='normal', variant='normal', weight=400, stretch='normal', size='scalable')) = 10.05
DEBUG:matplotlib.font_manager:findfont: score(FontEntry(fname='/usr/share/fonts/truetype/tlwg/Garuda-BoldOblique.ttf', name='Garuda', style='oblique', variant='normal', weight=700, stretch='normal', size='scalable')) = 11.335
DEBUG:matplotlib.font_manager:findfont: score(FontEntry(fname='/usr/share/fonts/truetype/tlwg/TlwgTypewriter.ttf', name='Tlwg Typewriter', style='normal', variant='normal', weight=400, stretch='normal', size='scalable')) = 10.05
DEBUG:matplotlib.font_manager:findfont: score(FontEntry(fname='/usr/share/fonts/truetype/tlwg/Garuda-Oblique.ttf', name='Garuda', style='oblique', variant='normal', weight=400, stretch='normal', size='scalable')) = 11.05
DEBUG:matplotlib.font_manager:findfont: score(FontEntry(fname='/usr/share/fonts/truetype/kacst/KacstNaskh.ttf', name='KacstNaskh', style='normal', variant='normal', weight=500, stretch='normal', size='scalable')) = 10.145
DEBUG:matplotlib.font_manager:findfont: score(FontEntry(fname='/usr/share/fonts/truetype/fonts-deva-extra/chandas1-2.ttf', name='Chandas', style='normal', variant='normal', weight=400, stretch='normal', size='scalable')) = 10.05
DEBUG:matplotlib.font_manager:findfont: score(FontEntry(fname='/usr/share/fonts/truetype/tlwg/Purisa-Oblique.ttf', name='Purisa', style='oblique', variant='normal', weight=400, stretch='normal', size='scalable')) = 11.05
DEBUG:matplotlib.font_manager:findfont: score(FontEntry(fname='/usr/share/fonts/truetype/liberation/LiberationSerif-Bold.ttf', name='Liberation Serif', style='normal', variant='normal', weight=700, stretch='normal', size='scalable')) = 10.335
DEBUG:matplotlib.font_manager:findfont: score(FontEntry(fname='/usr/share/fonts/opentype/urw-base35/NimbusSansNarrow-Bold.otf', name='Nimbus Sans Narrow', style='normal', variant='normal', weight=700, stretch='condensed', size='scalable')) = 10.535
DEBUG:matplotlib.font_manager:findfont: score(FontEntry(fname='/usr/share/fonts/truetype/ubuntu/Ubuntu-MI.ttf', name='Ubuntu', style='italic', variant='normal', weight=500, stretch='normal', size='scalable')) = 11.145
DEBUG:matplotlib.font_manager:findfont: score(FontEntry(fname='/usr/share/fonts/truetype/malayalam/Meera-Regular.ttf', name='Meera', style='normal', variant='normal', weight=400, stretch='normal', size='scalable')) = 10.05
DEBUG:matplotlib.font_manager:findfont: score(FontEntry(fname='/usr/share/fonts/truetype/kacst/KacstPen.ttf', name='KacstPen', style='normal', variant='normal', weight=500, stretch='normal', size='scalable')) = 10.145
DEBUG:matplotlib.font_manager:findfont: score(FontEntry(fname='/usr/share/fonts/truetype/freefont/FreeSerifBoldItalic.ttf', name='FreeSerif', style='italic', variant='normal', weight=700, stretch='normal', size='scalable')) = 11.335
DEBUG:matplotlib.font_manager:findfont: score(FontEntry(fname='/usr/share/fonts/truetype/tlwg/Kinnari-Italic.ttf', name='Kinnari', style='italic', variant='normal', weight=400, stretch='normal', size='scalable')) = 11.05
DEBUG:matplotlib.font_manager:findfont: score(FontEntry(fname='/usr/share/fonts/opentype/urw-base35/URWGothic-BookOblique.otf', name='URW Gothic', style='oblique', variant='normal', weight=400, stretch='normal', size='scalable')) = 11.05
DEBUG:matplotlib.font_manager:findfont: score(FontEntry(fname='/usr/share/fonts/truetype/tlwg/Umpush.ttf', name='Umpush', style='normal', variant='normal', weight=400, stretch='normal', size='scalable')) = 10.05
DEBUG:matplotlib.font_manager:findfont: score(FontEntry(fname='/usr/share/fonts/truetype/teluguvijayam/NTR.ttf', name='NTR', style='normal', variant='normal', weight=400, stretch='normal', size='scalable')) = 10.05
DEBUG:matplotlib.font_manager:findfont: score(FontEntry(fname='/usr/share/fonts/truetype/tlwg/Waree-Oblique.ttf', name='Waree', style='oblique', variant='normal', weight=400, stretch='normal', size='scalable')) = 11.05
DEBUG:matplotlib.font_manager:findfont: score(FontEntry(fname='/usr/share/fonts/truetype/fonts-yrsa-rasa/Rasa-Light.ttf', name='Rasa', style='normal', variant='normal', weight=300, stretch='normal', size='scalable')) = 10.145
DEBUG:matplotlib.font_manager:findfont: score(FontEntry(fname='/usr/share/fonts/truetype/kacst/KacstPoster.ttf', name='KacstPoster', style='normal', variant='normal', weight=500, stretch='normal', size='scalable')) = 10.145
DEBUG:matplotlib.font_manager:findfont: score(FontEntry(fname='/usr/share/fonts/truetype/liberation/LiberationMono-Bold.ttf', name='Liberation Mono', style='normal', variant='normal', weight=700, stretch='normal', size='scalable')) = 10.335
DEBUG:matplotlib.font_manager:findfont: score(FontEntry(fname='/usr/share/fonts/truetype/tlwg/TlwgTypist-Oblique.ttf', name='Tlwg Typist', style='oblique', variant='normal', weight=400, stretch='normal', size='scalable')) = 11.05
DEBUG:matplotlib.font_manager:findfont: score(FontEntry(fname='/usr/share/fonts/truetype/teluguvijayam/Suravaram.ttf', name='Suravaram', style='normal', variant='normal', weight=400, stretch='normal', size='scalable')) = 10.05
DEBUG:matplotlib.font_manager:findfont: score(FontEntry(fname='/usr/share/fonts/truetype/ubuntu/Ubuntu-R.ttf', name='Ubuntu', style='normal', variant='normal', weight=400, stretch='normal', size='scalable')) = 10.05
DEBUG:matplotlib.font_manager:findfont: score(FontEntry(fname='/usr/share/fonts/truetype/tlwg/TlwgTypewriter-Bold.ttf', name='Tlwg Typewriter', style='normal', variant='normal', weight=700, stretch='normal', size='scalable')) = 10.335
DEBUG:matplotlib.font_manager:findfont: score(FontEntry(fname='/usr/share/fonts/truetype/kacst/KacstDecorative.ttf', name='KacstDecorative', style='normal', variant='normal', weight=500, stretch='normal', size='scalable')) = 10.145
DEBUG:matplotlib.font_manager:findfont: score(FontEntry(fname='/usr/share/fonts/truetype/tlwg/TlwgTypo-Oblique.ttf', name='Tlwg Typo', style='oblique', variant='normal', weight=400, stretch='normal', size='scalable')) = 11.05
DEBUG:matplotlib.font_manager:findfont: score(FontEntry(fname='/usr/share/fonts/truetype/dejavu/DejaVuSansMono-Bold.ttf', name='DejaVu Sans Mono', style='normal', variant='normal', weight=700, stretch='normal', size='scalable')) = 10.335
DEBUG:matplotlib.font_manager:findfont: score(FontEntry(fname='/usr/share/fonts/truetype/teluguvijayam/Ramaraja-Regular.ttf', name='Ramaraja', style='normal', variant='normal', weight=400, stretch='normal', size='scalable')) = 10.05
DEBUG:matplotlib.font_manager:findfont: score(FontEntry(fname='/usr/share/fonts/truetype/abyssinica/AbyssinicaSIL-Regular.ttf', name='Abyssinica SIL', style='normal', variant='normal', weight=400, stretch='normal', size='scalable')) = 10.05
DEBUG:matplotlib.font_manager:findfont: score(FontEntry(fname='/usr/share/fonts/truetype/freefont/FreeSansBoldOblique.ttf', name='FreeSans', style='oblique', variant='normal', weight=600, stretch='normal', size='scalable')) = 11.24
DEBUG:matplotlib.font_manager:findfont: score(FontEntry(fname='/usr/share/fonts/truetype/dejavu/DejaVuSansMono.ttf', name='DejaVu Sans Mono', style='normal', variant='normal', weight=400, stretch='normal', size='scalable')) = 10.05
DEBUG:matplotlib.font_manager:findfont: score(FontEntry(fname='/usr/share/fonts/truetype/tlwg/Umpush-Bold.ttf', name='Umpush', style='normal', variant='normal', weight=700, stretch='normal', size='scalable')) = 10.335
DEBUG:matplotlib.font_manager:findfont: score(FontEntry(fname='/usr/share/fonts/truetype/kacst/KacstScreen.ttf', name='KacstScreen', style='normal', variant='normal', weight=500, stretch='normal', size='scalable')) = 10.145
DEBUG:matplotlib.font_manager:findfont: score(FontEntry(fname='/usr/share/fonts/opentype/urw-base35/NimbusSans-Italic.otf', name='Nimbus Sans', style='italic', variant='normal', weight=400, stretch='normal', size='scalable')) = 11.05
DEBUG:matplotlib.font_manager:findfont: score(FontEntry(fname='/usr/share/fonts/truetype/noto/NotoSansMono-Regular.ttf', name='Noto Sans Mono', style='normal', variant='normal', weight=400, stretch='normal', size='scalable')) = 10.05
DEBUG:matplotlib.font_manager:findfont: score(FontEntry(fname='/usr/share/fonts/truetype/dejavu/DejaVuSans.ttf', name='DejaVu Sans', style='normal', variant='normal', weight=400, stretch='normal', size='scalable')) = 0.05
DEBUG:matplotlib.font_manager:findfont: score(FontEntry(fname='/usr/share/fonts/opentype/malayalam/Gayathri-Thin.otf', name='Gayathri', style='normal', variant='normal', weight=100, stretch='normal', size='scalable')) = 10.335
DEBUG:matplotlib.font_manager:findfont: score(FontEntry(fname='/usr/share/fonts/truetype/liberation/LiberationSerif-Italic.ttf', name='Liberation Serif', style='italic', variant='normal', weight=400, stretch='normal', size='scalable')) = 11.05
DEBUG:matplotlib.font_manager:findfont: score(FontEntry(fname='/usr/share/fonts/truetype/kacst-one/KacstOne-Bold.ttf', name='KacstOne', style='normal', variant='normal', weight=700, stretch='normal', size='scalable')) = 10.335
DEBUG:matplotlib.font_manager:findfont: score(FontEntry(fname='/usr/share/fonts/truetype/fonts-gujr-extra/padmaa-Medium-0.5.ttf', name='padmaa', style='normal', variant='normal', weight=500, stretch='normal', size='scalable')) = 10.145
DEBUG:matplotlib.font_manager:findfont: score(FontEntry(fname='/usr/share/fonts/truetype/tlwg/Sawasdee.ttf', name='Sawasdee', style='normal', variant='normal', weight=400, stretch='normal', size='scalable')) = 10.05
DEBUG:matplotlib.font_manager:findfont: score(FontEntry(fname='/usr/share/fonts/opentype/urw-base35/NimbusSans-Bold.otf', name='Nimbus Sans', style='normal', variant='normal', weight=700, stretch='normal', size='scalable')) = 10.335
DEBUG:matplotlib.font_manager:findfont: score(FontEntry(fname='/usr/share/fonts/opentype/urw-base35/NimbusRoman-BoldItalic.otf', name='Nimbus Roman', style='italic', variant='normal', weight=700, stretch='normal', size='scalable')) = 11.335
DEBUG:matplotlib.font_manager:findfont: score(FontEntry(fname='/usr/share/fonts/truetype/fonts-beng-extra/LikhanNormal.ttf', name='Likhan', style='normal', variant='normal', weight=500, stretch='normal', size='scalable')) = 10.145
DEBUG:matplotlib.font_manager:findfont: score(FontEntry(fname='/usr/share/fonts/opentype/urw-base35/URWGothic-Book.otf', name='URW Gothic', style='normal', variant='normal', weight=400, stretch='normal', size='scalable')) = 10.05
DEBUG:matplotlib.font_manager:findfont: score(FontEntry(fname='/usr/share/fonts/truetype/fonts-gujr-extra/padmaa.ttf', name='padmaa', style='normal', variant='normal', weight=500, stretch='normal', size='scalable')) = 10.145
DEBUG:matplotlib.font_manager:findfont: score(FontEntry(fname='/usr/share/fonts/truetype/tlwg/TlwgMono.ttf', name='Tlwg Mono', style='normal', variant='normal', weight=400, stretch='normal', size='scalable')) = 10.05
DEBUG:matplotlib.font_manager:findfont: score(FontEntry(fname='/usr/share/fonts/truetype/teluguvijayam/mallanna.ttf', name='Mallanna', style='normal', variant='normal', weight=400, stretch='normal', size='scalable')) = 10.05
DEBUG:matplotlib.font_manager:findfont: score(FontEntry(fname='/usr/share/fonts/truetype/teluguvijayam/dhurjati.ttf', name='Dhurjati', style='normal', variant='normal', weight=400, stretch='normal', size='scalable')) = 10.05
DEBUG:matplotlib.font_manager:findfont: score(FontEntry(fname='/usr/share/fonts/opentype/urw-base35/StandardSymbolsPS.otf', name='Standard Symbols PS', style='normal', variant='normal', weight=400, stretch='normal', size='scalable')) = 10.05
DEBUG:matplotlib.font_manager:findfont: score(FontEntry(fname='/usr/share/fonts/truetype/dejavu/DejaVuSans-Bold.ttf', name='DejaVu Sans', style='normal', variant='normal', weight=700, stretch='normal', size='scalable')) = 0.33499999999999996
DEBUG:matplotlib.font_manager:findfont: score(FontEntry(fname='/usr/share/fonts/truetype/tibetan-machine/TibetanMachineUni.ttf', name='Tibetan Machine Uni', style='normal', variant='normal', weight=400, stretch='normal', size='scalable')) = 10.05
DEBUG:matplotlib.font_manager:findfont: score(FontEntry(fname='/usr/share/fonts/truetype/fonts-yrsa-rasa/Yrsa-LightItalic.ttf', name='Yrsa', style='italic', variant='normal', weight=300, stretch='normal', size='scalable')) = 11.145
DEBUG:matplotlib.font_manager:findfont: score(FontEntry(fname='/usr/share/fonts/truetype/tlwg/Kinnari-BoldItalic.ttf', name='Kinnari', style='italic', variant='normal', weight=700, stretch='normal', size='scalable')) = 11.335
DEBUG:matplotlib.font_manager:findfont: score(FontEntry(fname='/usr/share/fonts/truetype/libreoffice/opens___.ttf', name='OpenSymbol', style='normal', variant='normal', weight=400, stretch='normal', size='scalable')) = 10.05
DEBUG:matplotlib.font_manager:findfont: score(FontEntry(fname='/usr/share/fonts/truetype/teluguvijayam/TenaliRamakrishna-Regular.ttf', name='TenaliRamakrishna', style='normal', variant='normal', weight=400, stretch='normal', size='scalable')) = 10.05
DEBUG:matplotlib.font_manager:findfont: score(FontEntry(fname='/usr/share/fonts/truetype/tlwg/Laksaman.ttf', name='Laksaman', style='normal', variant='normal', weight=400, stretch='normal', size='scalable')) = 10.05
DEBUG:matplotlib.font_manager:findfont: score(FontEntry(fname='/usr/share/fonts/truetype/teluguvijayam/PottiSreeramulu.ttf', name='Potti Sreeramulu', style='normal', variant='normal', weight=400, stretch='normal', size='scalable')) = 10.05
DEBUG:matplotlib.font_manager:findfont: score(FontEntry(fname='/usr/share/fonts/truetype/sinhala/lklug.ttf', name='LKLUG', style='normal', variant='normal', weight=400, stretch='normal', size='scalable')) = 10.05
DEBUG:matplotlib.font_manager:findfont: score(FontEntry(fname='/usr/share/fonts/truetype/tlwg/TlwgTypewriter-BoldOblique.ttf', name='Tlwg Typewriter', style='oblique', variant='normal', weight=700, stretch='normal', size='scalable')) = 11.335
DEBUG:matplotlib.font_manager:findfont: score(FontEntry(fname='/usr/share/fonts/truetype/malayalam/RaghuMalayalamSans-Regular.ttf', name='RaghuMalayalamSans', style='normal', variant='normal', weight=400, stretch='normal', size='scalable')) = 10.05
DEBUG:matplotlib.font_manager:findfont: score(FontEntry(fname='/usr/share/fonts/truetype/samyak/Samyak-Devanagari.ttf', name='Samyak Devanagari', style='normal', variant='normal', weight=500, stretch='normal', size='scalable')) = 10.145
DEBUG:matplotlib.font_manager:findfont: score(FontEntry(fname='/usr/share/fonts/truetype/tlwg/Umpush-Light.ttf', name='Umpush', style='normal', variant='normal', weight=300, stretch='normal', size='scalable')) = 10.145
DEBUG:matplotlib.font_manager:findfont: score(FontEntry(fname='/usr/share/fonts/truetype/noto/NotoMono-Regular.ttf', name='Noto Mono', style='normal', variant='normal', weight=400, stretch='normal', size='scalable')) = 10.05
DEBUG:matplotlib.font_manager:findfont: score(FontEntry(fname='/usr/share/fonts/truetype/teluguvijayam/suranna.ttf', name='Suranna', style='normal', variant='normal', weight=400, stretch='normal', size='scalable')) = 10.05
DEBUG:matplotlib.font_manager:findfont: score(FontEntry(fname='/usr/share/fonts/opentype/urw-base35/NimbusMonoPS-BoldItalic.otf', name='Nimbus Mono PS', style='italic', variant='normal', weight=700, stretch='normal', size='scalable')) = 11.335
DEBUG:matplotlib.font_manager:findfont: score(FontEntry(fname='/usr/share/fonts/opentype/urw-base35/NimbusRoman-Regular.otf', name='Nimbus Roman', style='normal', variant='normal', weight=400, stretch='normal', size='scalable')) = 10.05
DEBUG:matplotlib.font_manager:findfont: score(FontEntry(fname='/usr/share/fonts/truetype/lohit-oriya/Lohit-Odia.ttf', name='Lohit Odia', style='normal', variant='normal', weight=400, stretch='normal', size='scalable')) = 10.05
DEBUG:matplotlib.font_manager:findfont: score(FontEntry(fname='/usr/share/fonts/truetype/tlwg/Norasi-Oblique.ttf', name='Norasi', style='oblique', variant='normal', weight=400, stretch='normal', size='scalable')) = 11.05
DEBUG:matplotlib.font_manager:findfont: score(FontEntry(fname='/usr/share/fonts/truetype/lohit-gujarati/Lohit-Gujarati.ttf', name='Lohit Gujarati', style='normal', variant='normal', weight=400, stretch='normal', size='scalable')) = 10.05
DEBUG:matplotlib.font_manager:findfont: score(FontEntry(fname='/usr/share/fonts/truetype/tlwg/TlwgMono-Oblique.ttf', name='Tlwg Mono', style='oblique', variant='normal', weight=400, stretch='normal', size='scalable')) = 11.05
DEBUG:matplotlib.font_manager:findfont: score(FontEntry(fname='/usr/share/fonts/truetype/tlwg/Waree-Bold.ttf', name='Waree', style='normal', variant='normal', weight=700, stretch='normal', size='scalable')) = 10.335
DEBUG:matplotlib.font_manager:findfont: score(FontEntry(fname='/usr/share/fonts/opentype/urw-base35/P052-BoldItalic.otf', name='P052', style='italic', variant='normal', weight=700, stretch='normal', size='scalable')) = 11.335
DEBUG:matplotlib.font_manager:findfont: score(FontEntry(fname='/usr/share/fonts/truetype/fonts-beng-extra/MitraMono.ttf', name='Mitra ', style='normal', variant='normal', weight=400, stretch='normal', size='scalable')) = 10.05
DEBUG:matplotlib.font_manager:findfont: score(FontEntry(fname='/usr/share/fonts/truetype/ubuntu/UbuntuMono-BI.ttf', name='Ubuntu Mono', style='italic', variant='normal', weight=700, stretch='normal', size='scalable')) = 11.335
DEBUG:matplotlib.font_manager:findfont: score(FontEntry(fname='/usr/share/fonts/truetype/teluguvijayam/SyamalaRamana.ttf', name='Syamala Ramana', style='normal', variant='normal', weight=400, stretch='normal', size='scalable')) = 10.05
DEBUG:matplotlib.font_manager:findfont: score(FontEntry(fname='/usr/share/fonts/opentype/urw-base35/Z003-MediumItalic.otf', name='Z003', style='italic', variant='normal', weight=500, stretch='normal', size='scalable')) = 11.145
DEBUG:matplotlib.font_manager:findfont: score(FontEntry(fname='/usr/share/fonts/opentype/malayalam/Gayathri-Regular.otf', name='Gayathri', style='normal', variant='normal', weight=400, stretch='normal', size='scalable')) = 10.05
DEBUG:matplotlib.font_manager:findfont: score(FontEntry(fname='/usr/share/fonts/truetype/tlwg/TlwgMono-Bold.ttf', name='Tlwg Mono', style='normal', variant='normal', weight=700, stretch='normal', size='scalable')) = 10.335
DEBUG:matplotlib.font_manager:findfont: score(FontEntry(fname='/usr/share/fonts/truetype/freefont/FreeMono.ttf', name='FreeMono', style='normal', variant='normal', weight=400, stretch='normal', size='scalable')) = 10.05
DEBUG:matplotlib.font_manager:findfont: score(FontEntry(fname='/usr/share/fonts/truetype/freefont/FreeSansBold.ttf', name='FreeSans', style='normal', variant='normal', weight=600, stretch='normal', size='scalable')) = 10.24
DEBUG:matplotlib.font_manager:findfont: score(FontEntry(fname='/usr/share/fonts/opentype/malayalam/Manjari-Bold.otf', name='Manjari', style='normal', variant='normal', weight=700, stretch='normal', size='scalable')) = 10.335
DEBUG:matplotlib.font_manager:findfont: score(FontEntry(fname='/usr/share/fonts/opentype/urw-base35/NimbusMonoPS-Italic.otf', name='Nimbus Mono PS', style='italic', variant='normal', weight=400, stretch='normal', size='scalable')) = 11.05
DEBUG:matplotlib.font_manager:findfont: score(FontEntry(fname='/usr/share/fonts/truetype/liberation/LiberationMono-Regular.ttf', name='Liberation Mono', style='normal', variant='normal', weight=400, stretch='normal', size='scalable')) = 10.05
DEBUG:matplotlib.font_manager:findfont: score(FontEntry(fname='/usr/share/fonts/truetype/teluguvijayam/Gurajada.ttf', name='Gurajada', style='normal', variant='normal', weight=400, stretch='normal', size='scalable')) = 10.05
DEBUG:matplotlib.font_manager:findfont: score(FontEntry(fname='/usr/share/fonts/truetype/tlwg/Purisa-Bold.ttf', name='Purisa', style='normal', variant='normal', weight=700, stretch='normal', size='scalable')) = 10.335
DEBUG:matplotlib.font_manager:findfont: score(FontEntry(fname='/usr/share/fonts/truetype/dejavu/DejaVuSerif.ttf', name='DejaVu Serif', style='normal', variant='normal', weight=400, stretch='normal', size='scalable')) = 10.05
DEBUG:matplotlib.font_manager:findfont: score(FontEntry(fname='/usr/share/fonts/truetype/fonts-yrsa-rasa/Rasa-Bold.ttf', name='Rasa', style='normal', variant='normal', weight=700, stretch='normal', size='scalable')) = 10.335
DEBUG:matplotlib.font_manager:findfont: score(FontEntry(fname='/usr/share/fonts/truetype/tlwg/TlwgTypo-Bold.ttf', name='Tlwg Typo', style='normal', variant='normal', weight=700, stretch='normal', size='scalable')) = 10.335
DEBUG:matplotlib.font_manager:findfont: score(FontEntry(fname='/usr/share/fonts/truetype/lohit-bengali/Lohit-Bengali.ttf', name='Lohit Bengali', style='normal', variant='normal', weight=400, stretch='normal', size='scalable')) = 10.05
DEBUG:matplotlib.font_manager:findfont: score(FontEntry(fname='/usr/share/fonts/truetype/teluguvijayam/TimmanaRegular.ttf', name='Timmana', style='normal', variant='normal', weight=900, stretch='normal', size='scalable')) = 10.525
DEBUG:matplotlib.font_manager:findfont: score(FontEntry(fname='/usr/share/fonts/opentype/urw-base35/NimbusMonoPS-Bold.otf', name='Nimbus Mono PS', style='normal', variant='normal', weight=700, stretch='normal', size='scalable')) = 10.335
DEBUG:matplotlib.font_manager:findfont: score(FontEntry(fname='/usr/share/fonts/opentype/malayalam/Manjari-Thin.otf', name='Manjari', style='normal', variant='normal', weight=100, stretch='normal', size='scalable')) = 10.335
DEBUG:matplotlib.font_manager:findfont: score(FontEntry(fname='/usr/share/fonts/truetype/liberation/LiberationMono-BoldItalic.ttf', name='Liberation Mono', style='italic', variant='normal', weight=700, stretch='normal', size='scalable')) = 11.335
DEBUG:matplotlib.font_manager:findfont: score(FontEntry(fname='/usr/share/fonts/truetype/tlwg/Loma-Bold.ttf', name='Loma', style='normal', variant='normal', weight=700, stretch='normal', size='scalable')) = 10.335
DEBUG:matplotlib.font_manager:findfont: score(FontEntry(fname='/usr/share/fonts/truetype/fonts-yrsa-rasa/Rasa-Medium.ttf', name='Rasa', style='normal', variant='normal', weight=500, stretch='normal', size='scalable')) = 10.145
DEBUG:matplotlib.font_manager:findfont: score(FontEntry(fname='/usr/share/fonts/truetype/tlwg/Kinnari-BoldOblique.ttf', name='Kinnari', style='oblique', variant='normal', weight=700, stretch='normal', size='scalable')) = 11.335
DEBUG:matplotlib.font_manager:findfont: score(FontEntry(fname='/usr/share/fonts/truetype/liberation2/LiberationMono-Bold.ttf', name='Liberation Mono', style='normal', variant='normal', weight=700, stretch='normal', size='scalable')) = 10.335
DEBUG:matplotlib.font_manager:findfont: score(FontEntry(fname='/usr/share/fonts/truetype/ubuntu/UbuntuMono-RI.ttf', name='Ubuntu Mono', style='italic', variant='normal', weight=400, stretch='normal', size='scalable')) = 11.05
DEBUG:matplotlib.font_manager:findfont: score(FontEntry(fname='/usr/share/fonts/truetype/liberation/LiberationSerif-BoldItalic.ttf', name='Liberation Serif', style='italic', variant='normal', weight=700, stretch='normal', size='scalable')) = 11.335
DEBUG:matplotlib.font_manager:findfont: score(FontEntry(fname='/usr/share/fonts/truetype/droid/DroidSansFallbackFull.ttf', name='Droid Sans Fallback', style='normal', variant='normal', weight=400, stretch='normal', size='scalable')) = 10.05
DEBUG:matplotlib.font_manager:findfont: score(FontEntry(fname='/usr/share/fonts/truetype/Gargi/Gargi.ttf', name='Gargi', style='normal', variant='normal', weight=400, stretch='normal', size='scalable')) = 10.05
DEBUG:matplotlib.font_manager:findfont: score(FontEntry(fname='/usr/share/fonts/truetype/teluguvijayam/Gidugu.ttf', name='Gidugu', style='normal', variant='normal', weight=400, stretch='normal', size='scalable')) = 10.05
DEBUG:matplotlib.font_manager:findfont: score(FontEntry(fname='/usr/share/fonts/opentype/urw-base35/NimbusSans-BoldItalic.otf', name='Nimbus Sans', style='italic', variant='normal', weight=700, stretch='normal', size='scalable')) = 11.335
DEBUG:matplotlib.font_manager:findfont: score(FontEntry(fname='/usr/share/fonts/opentype/urw-base35/URWGothic-Demi.otf', name='URW Gothic', style='normal', variant='normal', weight=600, stretch='normal', size='scalable')) = 10.24
DEBUG:matplotlib.font_manager:findfont: score(FontEntry(fname='/usr/share/fonts/truetype/tlwg/Umpush-LightOblique.ttf', name='Umpush', style='oblique', variant='normal', weight=300, stretch='normal', size='scalable')) = 11.145
DEBUG:matplotlib.font_manager:findfont: score(FontEntry(fname='/usr/share/fonts/truetype/tlwg/TlwgTypewriter-Oblique.ttf', name='Tlwg Typewriter', style='oblique', variant='normal', weight=400, stretch='normal', size='scalable')) = 11.05
DEBUG:matplotlib.font_manager:findfont: score(FontEntry(fname='/usr/share/fonts/truetype/fonts-telu-extra/vemana2000.ttf', name='Vemana2000', style='normal', variant='normal', weight=400, stretch='normal', size='scalable')) = 10.05
DEBUG:matplotlib.font_manager:findfont: score(FontEntry(fname='/usr/share/fonts/truetype/tlwg/Kinnari-Bold.ttf', name='Kinnari', style='normal', variant='normal', weight=700, stretch='normal', size='scalable')) = 10.335
DEBUG:matplotlib.font_manager:findfont: score(FontEntry(fname='/usr/share/fonts/truetype/fonts-gujr-extra/padmaa-Bold.1.1.ttf', name='padmaa-Bold.1.1', style='normal', variant='normal', weight=700, stretch='normal', size='scalable')) = 10.335
DEBUG:matplotlib.font_manager:findfont: score(FontEntry(fname='/usr/share/fonts/truetype/liberation2/LiberationSans-Regular.ttf', name='Liberation Sans', style='normal', variant='normal', weight=400, stretch='normal', size='scalable')) = 10.05
DEBUG:matplotlib.font_manager:findfont: score(FontEntry(fname='/usr/share/fonts/truetype/ubuntu/Ubuntu-C.ttf', name='Ubuntu Condensed', style='normal', variant='normal', weight=400, stretch='condensed', size='scalable')) = 10.25
DEBUG:matplotlib.font_manager:findfont: score(FontEntry(fname='/usr/share/fonts/opentype/noto/NotoSansCJK-Bold.ttc', name='Noto Sans CJK JP', style='normal', variant='normal', weight=700, stretch='normal', size='scalable')) = 10.335
DEBUG:matplotlib.font_manager:findfont: score(FontEntry(fname='/usr/share/fonts/truetype/liberation/LiberationSans-BoldItalic.ttf', name='Liberation Sans', style='italic', variant='normal', weight=700, stretch='normal', size='scalable')) = 11.335
DEBUG:matplotlib.font_manager:findfont: score(FontEntry(fname='/usr/share/fonts/opentype/urw-base35/NimbusSansNarrow-Oblique.otf', name='Nimbus Sans Narrow', style='oblique', variant='normal', weight=400, stretch='condensed', size='scalable')) = 11.25
DEBUG:matplotlib.font_manager:findfont: score(FontEntry(fname='/usr/share/fonts/truetype/ubuntu/UbuntuMono-B.ttf', name='Ubuntu Mono', style='normal', variant='normal', weight=700, stretch='normal', size='scalable')) = 10.335
DEBUG:matplotlib.font_manager:findfont: score(FontEntry(fname='/usr/share/fonts/truetype/liberation/LiberationSansNarrow-BoldItalic.ttf', name='Liberation Sans Narrow', style='italic', variant='normal', weight=700, stretch='condensed', size='scalable')) = 11.535
DEBUG:matplotlib.font_manager:findfont: score(FontEntry(fname='/usr/share/fonts/truetype/fonts-gujr-extra/aakar-medium.ttf', name='aakar', style='normal', variant='normal', weight=500, stretch='normal', size='scalable')) = 10.145
DEBUG:matplotlib.font_manager:findfont: score(FontEntry(fname='/usr/share/fonts/truetype/Nakula/nakula.ttf', name='Nakula', style='normal', variant='normal', weight=400, stretch='normal', size='scalable')) = 10.05
DEBUG:matplotlib.font_manager:findfont: score(FontEntry(fname='/usr/share/fonts/opentype/urw-base35/C059-Italic.otf', name='C059', style='italic', variant='normal', weight=400, stretch='normal', size='scalable')) = 11.05
DEBUG:matplotlib.font_manager:findfont: score(FontEntry(fname='/usr/share/fonts/truetype/ubuntu/Ubuntu-LI.ttf', name='Ubuntu', style='italic', variant='normal', weight=300, stretch='normal', size='scalable')) = 11.145
DEBUG:matplotlib.font_manager:findfont: score(FontEntry(fname='/usr/share/fonts/truetype/tlwg/TlwgTypist-BoldOblique.ttf', name='Tlwg Typist', style='oblique', variant='normal', weight=700, stretch='normal', size='scalable')) = 11.335
DEBUG:matplotlib.font_manager:findfont: score(FontEntry(fname='/usr/share/fonts/truetype/teluguvijayam/Mandali-Regular.ttf', name='Mandali', style='normal', variant='normal', weight=400, stretch='normal', size='scalable')) = 10.05
DEBUG:matplotlib.font_manager:findfont: score(FontEntry(fname='/usr/share/fonts/opentype/urw-base35/C059-Bold.otf', name='C059', style='normal', variant='normal', weight=700, stretch='normal', size='scalable')) = 10.335
DEBUG:matplotlib.font_manager:findfont: score(FontEntry(fname='/usr/share/fonts/truetype/lohit-malayalam/Lohit-Malayalam.ttf', name='Lohit Malayalam', style='normal', variant='normal', weight=400, stretch='normal', size='scalable')) = 10.05
DEBUG:matplotlib.font_manager:findfont: score(FontEntry(fname='/usr/share/fonts/truetype/teluguvijayam/ramabhadra.ttf', name='Ramabhadra', style='normal', variant='normal', weight=400, stretch='normal', size='scalable')) = 10.05
DEBUG:matplotlib.font_manager:findfont: score(FontEntry(fname='/usr/share/fonts/truetype/freefont/FreeSerifBold.ttf', name='FreeSerif', style='normal', variant='normal', weight=700, stretch='normal', size='scalable')) = 10.335
DEBUG:matplotlib.font_manager:findfont: score(FontEntry(fname='/usr/share/fonts/truetype/fonts-yrsa-rasa/Yrsa-Italic.ttf', name='Yrsa', style='italic', variant='normal', weight=400, stretch='normal', size='scalable')) = 11.05
DEBUG:matplotlib.font_manager:findfont: score(FontEntry(fname='/usr/share/fonts/opentype/urw-base35/NimbusMonoPS-Regular.otf', name='Nimbus Mono PS', style='normal', variant='normal', weight=400, stretch='normal', size='scalable')) = 10.05
DEBUG:matplotlib.font_manager:findfont: score(FontEntry(fname='/usr/share/fonts/truetype/ubuntu/Ubuntu-Th.ttf', name='Ubuntu', style='normal', variant='normal', weight=250, stretch='normal', size='scalable')) = 10.1925
DEBUG:matplotlib.font_manager:findfont: score(FontEntry(fname='/usr/share/fonts/opentype/urw-base35/P052-Roman.otf', name='P052', style='normal', variant='normal', weight=400, stretch='normal', size='scalable')) = 10.05
DEBUG:matplotlib.font_manager:findfont: score(FontEntry(fname='/usr/share/fonts/truetype/samyak-fonts/Samyak-Tamil.ttf', name='Samyak Tamil', style='normal', variant='normal', weight=500, stretch='normal', size='scalable')) = 10.145
DEBUG:matplotlib.font_manager:findfont: score(FontEntry(fname='/usr/share/fonts/truetype/liberation/LiberationSans-Italic.ttf', name='Liberation Sans', style='italic', variant='normal', weight=400, stretch='normal', size='scalable')) = 11.05
DEBUG:matplotlib.font_manager:findfont: score(FontEntry(fname='/usr/share/fonts/truetype/tlwg/Sawasdee-BoldOblique.ttf', name='Sawasdee', style='oblique', variant='normal', weight=700, stretch='normal', size='scalable')) = 11.335
DEBUG:matplotlib.font_manager:findfont: score(FontEntry(fname='/usr/share/fonts/opentype/urw-base35/NimbusSans-Regular.otf', name='Nimbus Sans', style='normal', variant='normal', weight=400, stretch='normal', size='scalable')) = 10.05
DEBUG:matplotlib.font_manager:findfont: score(FontEntry(fname='/usr/share/fonts/truetype/tlwg/Garuda.ttf', name='Garuda', style='normal', variant='normal', weight=400, stretch='normal', size='scalable')) = 10.05
DEBUG:matplotlib.font_manager:findfont: score(FontEntry(fname='/usr/share/fonts/truetype/ubuntu/Ubuntu-M.ttf', name='Ubuntu', style='normal', variant='normal', weight=500, stretch='normal', size='scalable')) = 10.145
DEBUG:matplotlib.font_manager:findfont: score(FontEntry(fname='/usr/share/fonts/opentype/urw-base35/D050000L.otf', name='D050000L', style='normal', variant='normal', weight=400, stretch='normal', size='scalable')) = 10.05
DEBUG:matplotlib.font_manager:findfont: score(FontEntry(fname='/usr/share/fonts/truetype/pagul/Pagul.ttf', name='Pagul', style='normal', variant='normal', weight=400, stretch='normal', size='scalable')) = 10.05
DEBUG:matplotlib.font_manager:findfont: score(FontEntry(fname='/usr/share/fonts/truetype/fonts-beng-extra/Mukti.ttf', name='Mukti', style='normal', variant='normal', weight=500, stretch='normal', size='scalable')) = 10.145
DEBUG:matplotlib.font_manager:findfont: score(FontEntry(fname='/usr/share/fonts/truetype/kacst/KacstTitle.ttf', name='KacstTitle', style='normal', variant='normal', weight=500, stretch='normal', size='scalable')) = 10.145
DEBUG:matplotlib.font_manager:findfont: score(FontEntry(fname='/usr/share/fonts/opentype/urw-base35/C059-BdIta.otf', name='C059', style='italic', variant='normal', weight=700, stretch='normal', size='scalable')) = 11.335
DEBUG:matplotlib.font_manager:findfont: score(FontEntry(fname='/usr/share/fonts/truetype/tlwg/TlwgMono-BoldOblique.ttf', name='Tlwg Mono', style='oblique', variant='normal', weight=700, stretch='normal', size='scalable')) = 11.335
DEBUG:matplotlib.font_manager:findfont: score(FontEntry(fname='/usr/share/fonts/opentype/malayalam/Gayathri-Bold.otf', name='Gayathri', style='normal', variant='normal', weight=700, stretch='normal', size='scalable')) = 10.335
DEBUG:matplotlib.font_manager:findfont: score(FontEntry(fname='/usr/share/fonts/opentype/noto/NotoSerifCJK-Regular.ttc', name='Noto Serif CJK JP', style='normal', variant='normal', weight=400, stretch='normal', size='scalable')) = 10.05
DEBUG:matplotlib.font_manager:findfont: score(FontEntry(fname='/usr/share/fonts/truetype/liberation2/LiberationMono-Italic.ttf', name='Liberation Mono', style='italic', variant='normal', weight=400, stretch='normal', size='scalable')) = 11.05
DEBUG:matplotlib.font_manager:findfont: score(FontEntry(fname='/usr/share/fonts/truetype/kacst/KacstDigital.ttf', name='KacstDigital', style='normal', variant='normal', weight=500, stretch='normal', size='scalable')) = 10.145
DEBUG:matplotlib.font_manager:findfont: score(FontEntry(fname='/usr/share/fonts/truetype/kacst/KacstBook.ttf', name='KacstBook', style='normal', variant='normal', weight=500, stretch='normal', size='scalable')) = 10.145
DEBUG:matplotlib.font_manager:findfont: score(FontEntry(fname='/usr/share/fonts/truetype/tlwg/TlwgTypist.ttf', name='Tlwg Typist', style='normal', variant='normal', weight=400, stretch='normal', size='scalable')) = 10.05
DEBUG:matplotlib.font_manager:findfont: score(FontEntry(fname='/usr/share/fonts/truetype/ubuntu/Ubuntu-RI.ttf', name='Ubuntu', style='italic', variant='normal', weight=400, stretch='normal', size='scalable')) = 11.05
DEBUG:matplotlib.font_manager:findfont: score(FontEntry(fname='/usr/share/fonts/truetype/padauk/PadaukBook-Bold.ttf', name='Padauk Book', style='normal', variant='normal', weight=700, stretch='normal', size='scalable')) = 10.335
DEBUG:matplotlib.font_manager:findfont: score(FontEntry(fname='/usr/share/fonts/truetype/Gubbi/Gubbi.ttf', name='Gubbi', style='normal', variant='normal', weight=400, stretch='normal', size='scalable')) = 10.05
DEBUG:matplotlib.font_manager:findfont: score(FontEntry(fname='/usr/share/fonts/truetype/freefont/FreeSansOblique.ttf', name='FreeSans', style='oblique', variant='normal', weight=400, stretch='normal', size='scalable')) = 11.05
DEBUG:matplotlib.font_manager:findfont: score(FontEntry(fname='/usr/share/fonts/truetype/liberation2/LiberationSerif-Bold.ttf', name='Liberation Serif', style='normal', variant='normal', weight=700, stretch='normal', size='scalable')) = 10.335
DEBUG:matplotlib.font_manager:findfont: score(FontEntry(fname='/usr/share/fonts/truetype/fonts-orya-extra/utkal.ttf', name='ori1Uni', style='normal', variant='normal', weight=500, stretch='normal', size='scalable')) = 10.145
DEBUG:matplotlib.font_manager:findfont: score(FontEntry(fname='/usr/share/fonts/truetype/liberation2/LiberationSans-BoldItalic.ttf', name='Liberation Sans', style='italic', variant='normal', weight=700, stretch='normal', size='scalable')) = 11.335
DEBUG:matplotlib.font_manager:findfont: score(FontEntry(fname='/usr/share/fonts/truetype/malayalam/Suruma.ttf', name='Suruma', style='normal', variant='normal', weight=500, stretch='normal', size='scalable')) = 10.145
DEBUG:matplotlib.font_manager:findfont: score(FontEntry(fname='/usr/share/fonts/truetype/tlwg/Purisa.ttf', name='Purisa', style='normal', variant='normal', weight=400, stretch='normal', size='scalable')) = 10.05
DEBUG:matplotlib.font_manager:findfont: score(FontEntry(fname='/usr/share/fonts/truetype/kacst/mry_KacstQurn.ttf', name='mry_KacstQurn', style='normal', variant='normal', weight=400, stretch='normal', size='scalable')) = 10.05
DEBUG:matplotlib.font_manager:findfont: score(FontEntry(fname='/usr/share/fonts/truetype/tlwg/Norasi-BoldOblique.ttf', name='Norasi', style='oblique', variant='normal', weight=700, stretch='normal', size='scalable')) = 11.335
DEBUG:matplotlib.font_manager:findfont: score(FontEntry(fname='/usr/share/fonts/opentype/urw-base35/URWBookman-Light.otf', name='URW Bookman', style='normal', variant='normal', weight=300, stretch='normal', size='scalable')) = 10.145
DEBUG:matplotlib.font_manager:findfont: score(FontEntry(fname='/usr/share/fonts/truetype/tlwg/Sawasdee-Oblique.ttf', name='Sawasdee', style='oblique', variant='normal', weight=400, stretch='normal', size='scalable')) = 11.05
DEBUG:matplotlib.font_manager:findfont: score(FontEntry(fname='/usr/share/fonts/truetype/teluguvijayam/Peddana-Regular.ttf', name='Peddana', style='normal', variant='normal', weight=400, stretch='normal', size='scalable')) = 10.05
DEBUG:matplotlib.font_manager:findfont: score(FontEntry(fname='/usr/share/fonts/opentype/urw-base35/P052-Bold.otf', name='P052', style='normal', variant='normal', weight=700, stretch='normal', size='scalable')) = 10.335
DEBUG:matplotlib.font_manager:findfont: score(FontEntry(fname='/usr/share/fonts/truetype/kacst/KacstQurn.ttf', name='KacstQurn', style='normal', variant='normal', weight=400, stretch='normal', size='scalable')) = 10.05
DEBUG:matplotlib.font_manager:findfont: score(FontEntry(fname='/usr/share/fonts/truetype/tlwg/Umpush-Oblique.ttf', name='Umpush', style='oblique', variant='normal', weight=400, stretch='normal', size='scalable')) = 11.05
DEBUG:matplotlib.font_manager:findfont: score(FontEntry(fname='/usr/share/fonts/truetype/fonts-yrsa-rasa/Yrsa-Medium.ttf', name='Yrsa', style='normal', variant='normal', weight=500, stretch='normal', size='scalable')) = 10.145
DEBUG:matplotlib.font_manager:findfont: score(FontEntry(fname='/usr/share/fonts/opentype/urw-base35/NimbusRoman-Bold.otf', name='Nimbus Roman', style='normal', variant='normal', weight=700, stretch='normal', size='scalable')) = 10.335
DEBUG:matplotlib.font_manager:findfont: score(FontEntry(fname='/usr/share/fonts/truetype/tlwg/Loma-BoldOblique.ttf', name='Loma', style='oblique', variant='normal', weight=700, stretch='normal', size='scalable')) = 11.335
DEBUG:matplotlib.font_manager:findfont: score(FontEntry(fname='/usr/share/fonts/truetype/liberation/LiberationSansNarrow-Italic.ttf', name='Liberation Sans Narrow', style='italic', variant='normal', weight=400, stretch='condensed', size='scalable')) = 11.25
DEBUG:matplotlib.font_manager:findfont: score(FontEntry(fname='/usr/share/fonts/truetype/freefont/FreeMonoBold.ttf', name='FreeMono', style='normal', variant='normal', weight=700, stretch='normal', size='scalable')) = 10.335
DEBUG:matplotlib.font_manager:findfont: score(FontEntry(fname='/usr/share/fonts/opentype/malayalam/Manjari-Regular.otf', name='Manjari', style='normal', variant='normal', weight=400, stretch='normal', size='scalable')) = 10.05
DEBUG:matplotlib.font_manager:findfont: score(FontEntry(fname='/usr/share/fonts/opentype/urw-base35/P052-Italic.otf', name='P052', style='italic', variant='normal', weight=400, stretch='normal', size='scalable')) = 11.05
DEBUG:matplotlib.font_manager:findfont: score(FontEntry(fname='/usr/share/fonts/truetype/kacst/KacstOffice.ttf', name='KacstOffice', style='normal', variant='normal', weight=500, stretch='normal', size='scalable')) = 10.145
DEBUG:matplotlib.font_manager:findfont: score(FontEntry(fname='/usr/share/fonts/truetype/noto/NotoSansMono-Bold.ttf', name='Noto Sans Mono', style='normal', variant='normal', weight=700, stretch='normal', size='scalable')) = 10.335
DEBUG:matplotlib.font_manager:findfont: score(FontEntry(fname='/usr/share/fonts/truetype/tlwg/Garuda-Bold.ttf', name='Garuda', style='normal', variant='normal', weight=700, stretch='normal', size='scalable')) = 10.335
DEBUG:matplotlib.font_manager:findfont: score(FontEntry(fname='/usr/share/fonts/truetype/liberation/LiberationSans-Bold.ttf', name='Liberation Sans', style='normal', variant='normal', weight=700, stretch='normal', size='scalable')) = 10.335
DEBUG:matplotlib.font_manager:findfont: score(FontEntry(fname='/usr/share/fonts/truetype/kacst-one/KacstOne.ttf', name='KacstOne', style='normal', variant='normal', weight=400, stretch='normal', size='scalable')) = 10.05
DEBUG:matplotlib.font_manager:findfont: score(FontEntry(fname='/usr/share/fonts/truetype/liberation/LiberationMono-Italic.ttf', name='Liberation Mono', style='italic', variant='normal', weight=400, stretch='normal', size='scalable')) = 11.05
DEBUG:matplotlib.font_manager:findfont: score(FontEntry(fname='/usr/share/fonts/truetype/teluguvijayam/SreeKrushnadevaraya.ttf', name='Sree Krushnadevaraya', style='normal', variant='normal', weight=400, stretch='normal', size='scalable')) = 10.05
DEBUG:matplotlib.font_manager:findfont: score(FontEntry(fname='/usr/share/fonts/truetype/tlwg/Purisa-BoldOblique.ttf', name='Purisa', style='oblique', variant='normal', weight=700, stretch='normal', size='scalable')) = 11.335
DEBUG:matplotlib.font_manager:findfont: score(FontEntry(fname='/usr/share/fonts/truetype/fonts-yrsa-rasa/Yrsa-MediumItalic.ttf', name='Yrsa', style='italic', variant='normal', weight=500, stretch='normal', size='scalable')) = 11.145
DEBUG:matplotlib.font_manager:findfont: score(FontEntry(fname='/usr/share/fonts/opentype/noto/NotoSerifCJK-Bold.ttc', name='Noto Serif CJK JP', style='normal', variant='normal', weight=700, stretch='normal', size='scalable')) = 10.335
DEBUG:matplotlib.font_manager:findfont: score(FontEntry(fname='/usr/share/fonts/truetype/liberation2/LiberationSerif-Regular.ttf', name='Liberation Serif', style='normal', variant='normal', weight=400, stretch='normal', size='scalable')) = 10.05
DEBUG:matplotlib.font_manager:findfont: score(FontEntry(fname='/usr/share/fonts/truetype/liberation2/LiberationMono-BoldItalic.ttf', name='Liberation Mono', style='italic', variant='normal', weight=700, stretch='normal', size='scalable')) = 11.335
DEBUG:matplotlib.font_manager:findfont: score(FontEntry(fname='/usr/share/fonts/truetype/tlwg/Loma-Oblique.ttf', name='Loma', style='oblique', variant='normal', weight=400, stretch='normal', size='scalable')) = 11.05
DEBUG:matplotlib.font_manager:findfont: score(FontEntry(fname='/usr/share/fonts/truetype/ttf-khmeros-core/KhmerOSsys.ttf', name='Khmer OS System', style='normal', variant='normal', weight=400, stretch='normal', size='scalable')) = 10.05
DEBUG:matplotlib.font_manager:findfont: score(FontEntry(fname='/usr/share/fonts/truetype/liberation2/LiberationMono-Regular.ttf', name='Liberation Mono', style='normal', variant='normal', weight=400, stretch='normal', size='scalable')) = 10.05
DEBUG:matplotlib.font_manager:findfont: score(FontEntry(fname='/usr/share/fonts/truetype/lohit-devanagari/Lohit-Devanagari.ttf', name='Lohit Devanagari', style='normal', variant='normal', weight=400, stretch='normal', size='scalable')) = 10.05
DEBUG:matplotlib.font_manager:findfont: score(FontEntry(fname='/usr/share/fonts/opentype/urw-base35/URWBookman-DemiItalic.otf', name='URW Bookman', style='italic', variant='normal', weight=600, stretch='normal', size='scalable')) = 11.24
DEBUG:matplotlib.font_manager:findfont: score(FontEntry(fname='/usr/share/fonts/truetype/fonts-beng-extra/JamrulNormal.ttf', name='Jamrul', style='normal', variant='normal', weight=500, stretch='normal', size='scalable')) = 10.145
DEBUG:matplotlib.font_manager:findfont: score(FontEntry(fname='/usr/share/fonts/truetype/kacst/KacstLetter.ttf', name='KacstLetter', style='normal', variant='normal', weight=500, stretch='normal', size='scalable')) = 10.145
DEBUG:matplotlib.font_manager:findfont: score(FontEntry(fname='/usr/share/fonts/truetype/ubuntu/Ubuntu-L.ttf', name='Ubuntu', style='normal', variant='normal', weight=300, stretch='normal', size='scalable')) = 10.145
DEBUG:matplotlib.font_manager:findfont: score(FontEntry(fname='/usr/share/fonts/truetype/tlwg/Norasi-Italic.ttf', name='Norasi', style='italic', variant='normal', weight=400, stretch='normal', size='scalable')) = 11.05
DEBUG:matplotlib.font_manager:findfont: score(FontEntry(fname='/usr/share/fonts/truetype/fonts-yrsa-rasa/Yrsa-Bold.ttf', name='Yrsa', style='normal', variant='normal', weight=700, stretch='normal', size='scalable')) = 10.335
DEBUG:matplotlib.font_manager:findfont: score(FontEntry(fname='/usr/share/fonts/truetype/malayalam/Keraleeyam-Regular.ttf', name='Keraleeyam', style='normal', variant='normal', weight=400, stretch='normal', size='scalable')) = 10.05
DEBUG:matplotlib.font_manager:findfont: score(FontEntry(fname='/usr/share/fonts/opentype/urw-base35/URWGothic-DemiOblique.otf', name='URW Gothic', style='oblique', variant='normal', weight=600, stretch='normal', size='scalable')) = 11.24
DEBUG:matplotlib.font_manager:findfont: Matching sans\-serif:style=normal:variant=normal:weight=normal:stretch=normal:size=9.0 to DejaVu Sans ('/home/oth/.local/lib/python3.10/site-packages/matplotlib/mpl-data/fonts/ttf/DejaVuSans.ttf') with score of 0.050000.
DEBUG:root:ics_tab.py: fill_celltype_combobox(): ['c_beijerinckii', 'm_barkeri']
DEBUG:root:ics_tab.py: ------- fill_substrate_combobox
DEBUG:root: --> glucose
DEBUG:matplotlib.colorbar:colorbar update normal <matplotlib.colors.Normalize object at 0x783fa2341270> <matplotlib.colors.Normalize object at 0x783fa22cb6a0>
DEBUG:matplotlib.colorbar:locator: <matplotlib.ticker.AutoLocator object at 0x783fa2340ca0>
DEBUG:matplotlib.colorbar:colorbar update normal <matplotlib.colors.Normalize object at 0x783fa22cb6a0> <matplotlib.colors.Normalize object at 0x783fa2341270>
DEBUG:matplotlib.colorbar:locator: <matplotlib.ticker.AutoLocator object at 0x783fa23973a0>
DEBUG:root: --> methane
DEBUG:root: --> CO2
DEBUG:root: --> H2
DEBUG:root:ics_tab.py: fill_celltype_combobox(): ['c_beijerinckii', 'm_barkeri']
DEBUG:root:ics_tab.py: ------- fill_substrate_combobox
DEBUG:matplotlib.colorbar:colorbar update normal <matplotlib.colors.Normalize object at 0x783fa2397370> <matplotlib.colors.Normalize object at 0x783fa22cb6a0>
DEBUG:matplotlib.colorbar:locator: <matplotlib.ticker.AutoLocator object at 0x783fa2394eb0>
DEBUG:matplotlib.colorbar:colorbar update normal <matplotlib.colors.Normalize object at 0x783fa23189d0> <matplotlib.colors.Normalize object at 0x783fa2397370>
DEBUG:matplotlib.colorbar:locator: <matplotlib.ticker.AutoLocator object at 0x783fa2340610>
DEBUG:root: --> glucose
DEBUG:matplotlib.colorbar:colorbar update normal <matplotlib.colors.Normalize object at 0x783fa2318b80> <matplotlib.colors.Normalize object at 0x783fa23189d0>
DEBUG:matplotlib.colorbar:locator: <matplotlib.ticker.AutoLocator object at 0x783fa2340df0>
DEBUG:matplotlib.colorbar:colorbar update normal <matplotlib.colors.Normalize object at 0x783fa22cb6a0> <matplotlib.colors.Normalize object at 0x783fa2318b80>
DEBUG:matplotlib.colorbar:locator: <matplotlib.ticker.AutoLocator object at 0x783fa2394e80>
DEBUG:root: --> methane
DEBUG:root: --> CO2
DEBUG:root: --> H2
DEBUG:root:ics_tab.py: ------- fill_substrate_combobox
DEBUG:matplotlib.colorbar:colorbar update normal <matplotlib.colors.Normalize object at 0x783fa231ab60> <matplotlib.colors.Normalize object at 0x783fa22cb6a0>
DEBUG:matplotlib.colorbar:locator: <matplotlib.ticker.AutoLocator object at 0x783fa2340d60>
DEBUG:matplotlib.colorbar:colorbar update normal <matplotlib.colors.Normalize object at 0x783fa2343580> <matplotlib.colors.Normalize object at 0x783fa231ab60>
DEBUG:matplotlib.colorbar:locator: <matplotlib.ticker.AutoLocator object at 0x783fa2341270>
DEBUG:root: --> glucose
DEBUG:matplotlib.colorbar:colorbar update normal <matplotlib.colors.Normalize object at 0x783fa2318670> <matplotlib.colors.Normalize object at 0x783fa2343580>
DEBUG:matplotlib.colorbar:locator: <matplotlib.ticker.AutoLocator object at 0x783fa2397700>
DEBUG:matplotlib.colorbar:colorbar update normal <matplotlib.colors.Normalize object at 0x783fa23973a0> <matplotlib.colors.Normalize object at 0x783fa2318670>
DEBUG:matplotlib.colorbar:locator: <matplotlib.ticker.AutoLocator object at 0x783fa1f13f40>
DEBUG:root: --> methane
DEBUG:root: --> CO2
DEBUG:root: --> H2
DEBUG:root:studio.py: calling vis_tab.substrates_cbox_changed_cb(2)
DEBUG:matplotlib.font_manager:findfont: Matching sans\-serif:style=normal:variant=normal:weight=normal:stretch=normal:size=7.0.
DEBUG:matplotlib.font_manager:findfont: score(FontEntry(fname='/home/oth/.local/lib/python3.10/site-packages/matplotlib/mpl-data/fonts/ttf/STIXSizFourSymBol.ttf', name='STIXSizeFourSym', style='normal', variant='normal', weight=700, stretch='normal', size='scalable')) = 10.335
DEBUG:matplotlib.font_manager:findfont: score(FontEntry(fname='/home/oth/.local/lib/python3.10/site-packages/matplotlib/mpl-data/fonts/ttf/DejaVuSansMono-Bold.ttf', name='DejaVu Sans Mono', style='normal', variant='normal', weight=700, stretch='normal', size='scalable')) = 10.335
DEBUG:matplotlib.font_manager:findfont: score(FontEntry(fname='/home/oth/.local/lib/python3.10/site-packages/matplotlib/mpl-data/fonts/ttf/cmsy10.ttf', name='cmsy10', style='normal', variant='normal', weight=400, stretch='normal', size='scalable')) = 10.05
DEBUG:matplotlib.font_manager:findfont: score(FontEntry(fname='/home/oth/.local/lib/python3.10/site-packages/matplotlib/mpl-data/fonts/ttf/STIXGeneral.ttf', name='STIXGeneral', style='normal', variant='normal', weight=400, stretch='normal', size='scalable')) = 10.05
DEBUG:matplotlib.font_manager:findfont: score(FontEntry(fname='/home/oth/.local/lib/python3.10/site-packages/matplotlib/mpl-data/fonts/ttf/cmmi10.ttf', name='cmmi10', style='normal', variant='normal', weight=400, stretch='normal', size='scalable')) = 10.05
DEBUG:matplotlib.font_manager:findfont: score(FontEntry(fname='/home/oth/.local/lib/python3.10/site-packages/matplotlib/mpl-data/fonts/ttf/DejaVuSerif-Italic.ttf', name='DejaVu Serif', style='italic', variant='normal', weight=400, stretch='normal', size='scalable')) = 11.05
DEBUG:matplotlib.font_manager:findfont: score(FontEntry(fname='/home/oth/.local/lib/python3.10/site-packages/matplotlib/mpl-data/fonts/ttf/cmex10.ttf', name='cmex10', style='normal', variant='normal', weight=400, stretch='normal', size='scalable')) = 10.05
DEBUG:matplotlib.font_manager:findfont: score(FontEntry(fname='/home/oth/.local/lib/python3.10/site-packages/matplotlib/mpl-data/fonts/ttf/cmss10.ttf', name='cmss10', style='normal', variant='normal', weight=400, stretch='normal', size='scalable')) = 10.05
DEBUG:matplotlib.font_manager:findfont: score(FontEntry(fname='/home/oth/.local/lib/python3.10/site-packages/matplotlib/mpl-data/fonts/ttf/DejaVuSerif.ttf', name='DejaVu Serif', style='normal', variant='normal', weight=400, stretch='normal', size='scalable')) = 10.05
DEBUG:matplotlib.font_manager:findfont: score(FontEntry(fname='/home/oth/.local/lib/python3.10/site-packages/matplotlib/mpl-data/fonts/ttf/STIXSizTwoSymBol.ttf', name='STIXSizeTwoSym', style='normal', variant='normal', weight=700, stretch='normal', size='scalable')) = 10.335
DEBUG:matplotlib.font_manager:findfont: score(FontEntry(fname='/home/oth/.local/lib/python3.10/site-packages/matplotlib/mpl-data/fonts/ttf/DejaVuSans.ttf', name='DejaVu Sans', style='normal', variant='normal', weight=400, stretch='normal', size='scalable')) = 0.05
DEBUG:matplotlib.font_manager:findfont: score(FontEntry(fname='/home/oth/.local/lib/python3.10/site-packages/matplotlib/mpl-data/fonts/ttf/DejaVuSans-Oblique.ttf', name='DejaVu Sans', style='oblique', variant='normal', weight=400, stretch='normal', size='scalable')) = 1.05
DEBUG:matplotlib.font_manager:findfont: score(FontEntry(fname='/home/oth/.local/lib/python3.10/site-packages/matplotlib/mpl-data/fonts/ttf/STIXGeneralItalic.ttf', name='STIXGeneral', style='italic', variant='normal', weight=400, stretch='normal', size='scalable')) = 11.05
DEBUG:matplotlib.font_manager:findfont: score(FontEntry(fname='/home/oth/.local/lib/python3.10/site-packages/matplotlib/mpl-data/fonts/ttf/DejaVuSansDisplay.ttf', name='DejaVu Sans Display', style='normal', variant='normal', weight=400, stretch='normal', size='scalable')) = 10.05
DEBUG:matplotlib.font_manager:findfont: score(FontEntry(fname='/home/oth/.local/lib/python3.10/site-packages/matplotlib/mpl-data/fonts/ttf/STIXSizOneSymBol.ttf', name='STIXSizeOneSym', style='normal', variant='normal', weight=700, stretch='normal', size='scalable')) = 10.335
DEBUG:matplotlib.font_manager:findfont: score(FontEntry(fname='/home/oth/.local/lib/python3.10/site-packages/matplotlib/mpl-data/fonts/ttf/STIXSizTwoSymReg.ttf', name='STIXSizeTwoSym', style='normal', variant='normal', weight=400, stretch='normal', size='scalable')) = 10.05
DEBUG:matplotlib.font_manager:findfont: score(FontEntry(fname='/home/oth/.local/lib/python3.10/site-packages/matplotlib/mpl-data/fonts/ttf/STIXGeneralBolIta.ttf', name='STIXGeneral', style='italic', variant='normal', weight=700, stretch='normal', size='scalable')) = 11.335
DEBUG:matplotlib.font_manager:findfont: score(FontEntry(fname='/home/oth/.local/lib/python3.10/site-packages/matplotlib/mpl-data/fonts/ttf/DejaVuSansMono-BoldOblique.ttf', name='DejaVu Sans Mono', style='oblique', variant='normal', weight=700, stretch='normal', size='scalable')) = 11.335
DEBUG:matplotlib.font_manager:findfont: score(FontEntry(fname='/home/oth/.local/lib/python3.10/site-packages/matplotlib/mpl-data/fonts/ttf/DejaVuSans-BoldOblique.ttf', name='DejaVu Sans', style='oblique', variant='normal', weight=700, stretch='normal', size='scalable')) = 1.335
DEBUG:matplotlib.font_manager:findfont: score(FontEntry(fname='/home/oth/.local/lib/python3.10/site-packages/matplotlib/mpl-data/fonts/ttf/STIXSizThreeSymReg.ttf', name='STIXSizeThreeSym', style='normal', variant='normal', weight=400, stretch='normal', size='scalable')) = 10.05
DEBUG:matplotlib.font_manager:findfont: score(FontEntry(fname='/home/oth/.local/lib/python3.10/site-packages/matplotlib/mpl-data/fonts/ttf/DejaVuSerif-BoldItalic.ttf', name='DejaVu Serif', style='italic', variant='normal', weight=700, stretch='normal', size='scalable')) = 11.335
DEBUG:matplotlib.font_manager:findfont: score(FontEntry(fname='/home/oth/.local/lib/python3.10/site-packages/matplotlib/mpl-data/fonts/ttf/STIXNonUniBol.ttf', name='STIXNonUnicode', style='normal', variant='normal', weight=700, stretch='normal', size='scalable')) = 10.335
DEBUG:matplotlib.font_manager:findfont: score(FontEntry(fname='/home/oth/.local/lib/python3.10/site-packages/matplotlib/mpl-data/fonts/ttf/STIXNonUni.ttf', name='STIXNonUnicode', style='normal', variant='normal', weight=400, stretch='normal', size='scalable')) = 10.05
DEBUG:matplotlib.font_manager:findfont: score(FontEntry(fname='/home/oth/.local/lib/python3.10/site-packages/matplotlib/mpl-data/fonts/ttf/DejaVuSerifDisplay.ttf', name='DejaVu Serif Display', style='normal', variant='normal', weight=400, stretch='normal', size='scalable')) = 10.05
DEBUG:matplotlib.font_manager:findfont: score(FontEntry(fname='/home/oth/.local/lib/python3.10/site-packages/matplotlib/mpl-data/fonts/ttf/STIXNonUniBolIta.ttf', name='STIXNonUnicode', style='italic', variant='normal', weight=700, stretch='normal', size='scalable')) = 11.335
DEBUG:matplotlib.font_manager:findfont: score(FontEntry(fname='/home/oth/.local/lib/python3.10/site-packages/matplotlib/mpl-data/fonts/ttf/DejaVuSansMono.ttf', name='DejaVu Sans Mono', style='normal', variant='normal', weight=400, stretch='normal', size='scalable')) = 10.05
DEBUG:matplotlib.font_manager:findfont: score(FontEntry(fname='/home/oth/.local/lib/python3.10/site-packages/matplotlib/mpl-data/fonts/ttf/cmtt10.ttf', name='cmtt10', style='normal', variant='normal', weight=400, stretch='normal', size='scalable')) = 10.05
DEBUG:matplotlib.font_manager:findfont: score(FontEntry(fname='/home/oth/.local/lib/python3.10/site-packages/matplotlib/mpl-data/fonts/ttf/cmr10.ttf', name='cmr10', style='normal', variant='normal', weight=400, stretch='normal', size='scalable')) = 10.05
DEBUG:matplotlib.font_manager:findfont: score(FontEntry(fname='/home/oth/.local/lib/python3.10/site-packages/matplotlib/mpl-data/fonts/ttf/DejaVuSansMono-Oblique.ttf', name='DejaVu Sans Mono', style='oblique', variant='normal', weight=400, stretch='normal', size='scalable')) = 11.05
DEBUG:matplotlib.font_manager:findfont: score(FontEntry(fname='/home/oth/.local/lib/python3.10/site-packages/matplotlib/mpl-data/fonts/ttf/STIXSizFiveSymReg.ttf', name='STIXSizeFiveSym', style='normal', variant='normal', weight=400, stretch='normal', size='scalable')) = 10.05
DEBUG:matplotlib.font_manager:findfont: score(FontEntry(fname='/home/oth/.local/lib/python3.10/site-packages/matplotlib/mpl-data/fonts/ttf/STIXSizFourSymReg.ttf', name='STIXSizeFourSym', style='normal', variant='normal', weight=400, stretch='normal', size='scalable')) = 10.05
DEBUG:matplotlib.font_manager:findfont: score(FontEntry(fname='/home/oth/.local/lib/python3.10/site-packages/matplotlib/mpl-data/fonts/ttf/cmb10.ttf', name='cmb10', style='normal', variant='normal', weight=400, stretch='normal', size='scalable')) = 10.05
DEBUG:matplotlib.font_manager:findfont: score(FontEntry(fname='/home/oth/.local/lib/python3.10/site-packages/matplotlib/mpl-data/fonts/ttf/STIXNonUniIta.ttf', name='STIXNonUnicode', style='italic', variant='normal', weight=400, stretch='normal', size='scalable')) = 11.05
DEBUG:matplotlib.font_manager:findfont: score(FontEntry(fname='/home/oth/.local/lib/python3.10/site-packages/matplotlib/mpl-data/fonts/ttf/DejaVuSerif-Bold.ttf', name='DejaVu Serif', style='normal', variant='normal', weight=700, stretch='normal', size='scalable')) = 10.335
DEBUG:matplotlib.font_manager:findfont: score(FontEntry(fname='/home/oth/.local/lib/python3.10/site-packages/matplotlib/mpl-data/fonts/ttf/STIXGeneralBol.ttf', name='STIXGeneral', style='normal', variant='normal', weight=700, stretch='normal', size='scalable')) = 10.335
DEBUG:matplotlib.font_manager:findfont: score(FontEntry(fname='/home/oth/.local/lib/python3.10/site-packages/matplotlib/mpl-data/fonts/ttf/STIXSizOneSymReg.ttf', name='STIXSizeOneSym', style='normal', variant='normal', weight=400, stretch='normal', size='scalable')) = 10.05
DEBUG:matplotlib.font_manager:findfont: score(FontEntry(fname='/home/oth/.local/lib/python3.10/site-packages/matplotlib/mpl-data/fonts/ttf/STIXSizThreeSymBol.ttf', name='STIXSizeThreeSym', style='normal', variant='normal', weight=700, stretch='normal', size='scalable')) = 10.335
DEBUG:matplotlib.font_manager:findfont: score(FontEntry(fname='/home/oth/.local/lib/python3.10/site-packages/matplotlib/mpl-data/fonts/ttf/DejaVuSans-Bold.ttf', name='DejaVu Sans', style='normal', variant='normal', weight=700, stretch='normal', size='scalable')) = 0.33499999999999996
DEBUG:matplotlib.font_manager:findfont: score(FontEntry(fname='/usr/share/fonts/truetype/fonts-yrsa-rasa/Rasa-Regular.ttf', name='Rasa', style='normal', variant='normal', weight=400, stretch='normal', size='scalable')) = 10.05
DEBUG:matplotlib.font_manager:findfont: score(FontEntry(fname='/usr/share/fonts/truetype/liberation/LiberationSerif-Regular.ttf', name='Liberation Serif', style='normal', variant='normal', weight=400, stretch='normal', size='scalable')) = 10.05
DEBUG:matplotlib.font_manager:findfont: score(FontEntry(fname='/usr/share/fonts/truetype/lohit-tamil/Lohit-Tamil.ttf', name='Lohit Tamil', style='normal', variant='normal', weight=400, stretch='normal', size='scalable')) = 10.05
DEBUG:matplotlib.font_manager:findfont: score(FontEntry(fname='/usr/share/fonts/truetype/tlwg/Umpush-BoldOblique.ttf', name='Umpush', style='oblique', variant='normal', weight=700, stretch='normal', size='scalable')) = 11.335
DEBUG:matplotlib.font_manager:findfont: score(FontEntry(fname='/usr/share/fonts/truetype/fonts-yrsa-rasa/Yrsa-Light.ttf', name='Yrsa', style='normal', variant='normal', weight=300, stretch='normal', size='scalable')) = 10.145
DEBUG:matplotlib.font_manager:findfont: score(FontEntry(fname='/usr/share/fonts/truetype/liberation2/LiberationSans-Bold.ttf', name='Liberation Sans', style='normal', variant='normal', weight=700, stretch='normal', size='scalable')) = 10.335
DEBUG:matplotlib.font_manager:findfont: score(FontEntry(fname='/usr/share/fonts/truetype/samyak-fonts/Samyak-Gujarati.ttf', name='Samyak Gujarati', style='normal', variant='normal', weight=500, stretch='normal', size='scalable')) = 10.145
DEBUG:matplotlib.font_manager:findfont: score(FontEntry(fname='/usr/share/fonts/truetype/tlwg/Waree.ttf', name='Waree', style='normal', variant='normal', weight=400, stretch='normal', size='scalable')) = 10.05
DEBUG:matplotlib.font_manager:findfont: score(FontEntry(fname='/usr/share/fonts/truetype/tlwg/Laksaman-BoldItalic.ttf', name='Laksaman', style='italic', variant='normal', weight=700, stretch='normal', size='scalable')) = 11.335
DEBUG:matplotlib.font_manager:findfont: score(FontEntry(fname='/usr/share/fonts/truetype/lohit-punjabi/Lohit-Gurmukhi.ttf', name='Lohit Gurmukhi', style='normal', variant='normal', weight=400, stretch='normal', size='scalable')) = 10.05
DEBUG:matplotlib.font_manager:findfont: score(FontEntry(fname='/usr/share/fonts/truetype/liberation/LiberationSans-Regular.ttf', name='Liberation Sans', style='normal', variant='normal', weight=400, stretch='normal', size='scalable')) = 10.05
DEBUG:matplotlib.font_manager:findfont: score(FontEntry(fname='/usr/share/fonts/truetype/liberation/LiberationSansNarrow-Regular.ttf', name='Liberation Sans Narrow', style='normal', variant='normal', weight=400, stretch='condensed', size='scalable')) = 10.25
DEBUG:matplotlib.font_manager:findfont: score(FontEntry(fname='/usr/share/fonts/truetype/tlwg/Norasi.ttf', name='Norasi', style='normal', variant='normal', weight=400, stretch='normal', size='scalable')) = 10.05
DEBUG:matplotlib.font_manager:findfont: score(FontEntry(fname='/usr/share/fonts/truetype/fonts-yrsa-rasa/Rasa-SemiBold.ttf', name='Rasa', style='normal', variant='normal', weight=600, stretch='normal', size='scalable')) = 10.24
DEBUG:matplotlib.font_manager:findfont: score(FontEntry(fname='/usr/share/fonts/truetype/tlwg/Laksaman-Italic.ttf', name='Laksaman', style='italic', variant='normal', weight=400, stretch='normal', size='scalable')) = 11.05
DEBUG:matplotlib.font_manager:findfont: score(FontEntry(fname='/usr/share/fonts/truetype/malayalam/Rachana-Bold.ttf', name='Rachana', style='normal', variant='normal', weight=700, stretch='normal', size='scalable')) = 10.335
DEBUG:matplotlib.font_manager:findfont: score(FontEntry(fname='/usr/share/fonts/truetype/tlwg/TlwgTypist-Bold.ttf', name='Tlwg Typist', style='normal', variant='normal', weight=700, stretch='normal', size='scalable')) = 10.335
DEBUG:matplotlib.font_manager:findfont: score(FontEntry(fname='/usr/share/fonts/truetype/freefont/FreeMonoOblique.ttf', name='FreeMono', style='oblique', variant='normal', weight=400, stretch='normal', size='scalable')) = 11.05
DEBUG:matplotlib.font_manager:findfont: score(FontEntry(fname='/usr/share/fonts/truetype/teluguvijayam/RaviPrakash.ttf', name='RaviPrakash', style='normal', variant='normal', weight=400, stretch='normal', size='scalable')) = 10.05
DEBUG:matplotlib.font_manager:findfont: score(FontEntry(fname='/usr/share/fonts/truetype/malayalam/Karumbi-Regular.ttf', name='Karumbi', style='normal', variant='normal', weight=400, stretch='normal', size='scalable')) = 10.05
DEBUG:matplotlib.font_manager:findfont: score(FontEntry(fname='/usr/share/fonts/truetype/padauk/Padauk-Bold.ttf', name='Padauk', style='normal', variant='normal', weight=700, stretch='normal', size='scalable')) = 10.335
DEBUG:matplotlib.font_manager:findfont: score(FontEntry(fname='/usr/share/fonts/truetype/lohit-tamil-classical/Lohit-Tamil-Classical.ttf', name='Lohit Tamil Classical', style='normal', variant='normal', weight=400, stretch='normal', size='scalable')) = 10.05
DEBUG:matplotlib.font_manager:findfont: score(FontEntry(fname='/usr/share/fonts/opentype/malayalam/Chilanka-Regular.otf', name='Chilanka', style='normal', variant='normal', weight=400, stretch='normal', size='scalable')) = 10.05
DEBUG:matplotlib.font_manager:findfont: score(FontEntry(fname='/usr/share/fonts/truetype/tlwg/Waree-BoldOblique.ttf', name='Waree', style='oblique', variant='normal', weight=700, stretch='normal', size='scalable')) = 11.335
DEBUG:matplotlib.font_manager:findfont: score(FontEntry(fname='/usr/share/fonts/truetype/malayalam/AnjaliOldLipi-Regular.ttf', name='AnjaliOldLipi', style='normal', variant='normal', weight=400, stretch='normal', size='scalable')) = 10.05
DEBUG:matplotlib.font_manager:findfont: score(FontEntry(fname='/usr/share/fonts/truetype/padauk/PadaukBook-Regular.ttf', name='Padauk Book', style='normal', variant='normal', weight=400, stretch='normal', size='scalable')) = 10.05
DEBUG:matplotlib.font_manager:findfont: score(FontEntry(fname='/usr/share/fonts/truetype/tlwg/Loma.ttf', name='Loma', style='normal', variant='normal', weight=400, stretch='normal', size='scalable')) = 10.05
DEBUG:matplotlib.font_manager:findfont: score(FontEntry(fname='/usr/share/fonts/truetype/ubuntu/UbuntuMono-R.ttf', name='Ubuntu Mono', style='normal', variant='normal', weight=400, stretch='normal', size='scalable')) = 10.05
DEBUG:matplotlib.font_manager:findfont: score(FontEntry(fname='/usr/share/fonts/truetype/ubuntu/Ubuntu-BI.ttf', name='Ubuntu', style='italic', variant='normal', weight=700, stretch='normal', size='scalable')) = 11.335
DEBUG:matplotlib.font_manager:findfont: score(FontEntry(fname='/usr/share/fonts/truetype/kacst/KacstFarsi.ttf', name='KacstFarsi', style='normal', variant='normal', weight=500, stretch='normal', size='scalable')) = 10.145
DEBUG:matplotlib.font_manager:findfont: score(FontEntry(fname='/usr/share/fonts/truetype/tlwg/Sawasdee-Bold.ttf', name='Sawasdee', style='normal', variant='normal', weight=700, stretch='normal', size='scalable')) = 10.335
DEBUG:matplotlib.font_manager:findfont: score(FontEntry(fname='/usr/share/fonts/truetype/malayalam/Dyuthi-Regular.ttf', name='Dyuthi', style='normal', variant='normal', weight=400, stretch='normal', size='scalable')) = 10.05
DEBUG:matplotlib.font_manager:findfont: score(FontEntry(fname='/usr/share/fonts/truetype/liberation/LiberationSansNarrow-Bold.ttf', name='Liberation Sans Narrow', style='normal', variant='normal', weight=700, stretch='condensed', size='scalable')) = 10.535
DEBUG:matplotlib.font_manager:findfont: score(FontEntry(fname='/usr/share/fonts/truetype/kacst/KacstArt.ttf', name='KacstArt', style='normal', variant='normal', weight=500, stretch='normal', size='scalable')) = 10.145
DEBUG:matplotlib.font_manager:findfont: score(FontEntry(fname='/usr/share/fonts/truetype/tlwg/Kinnari-Oblique.ttf', name='Kinnari', style='oblique', variant='normal', weight=400, stretch='normal', size='scalable')) = 11.05
DEBUG:matplotlib.font_manager:findfont: score(FontEntry(fname='/usr/share/fonts/opentype/urw-base35/NimbusSansNarrow-BoldOblique.otf', name='Nimbus Sans Narrow', style='oblique', variant='normal', weight=700, stretch='condensed', size='scalable')) = 11.535
DEBUG:matplotlib.font_manager:findfont: score(FontEntry(fname='/usr/share/fonts/truetype/fonts-beng-extra/Muktibold.ttf', name='Mukti', style='normal', variant='normal', weight=700, stretch='normal', size='scalable')) = 10.335
DEBUG:matplotlib.font_manager:findfont: score(FontEntry(fname='/usr/share/fonts/opentype/urw-base35/URWBookman-LightItalic.otf', name='URW Bookman', style='italic', variant='normal', weight=300, stretch='normal', size='scalable')) = 11.145
DEBUG:matplotlib.font_manager:findfont: score(FontEntry(fname='/usr/share/fonts/truetype/freefont/FreeSans.ttf', name='FreeSans', style='normal', variant='normal', weight=400, stretch='normal', size='scalable')) = 10.05
DEBUG:matplotlib.font_manager:findfont: score(FontEntry(fname='/usr/share/fonts/truetype/padauk/Padauk-Regular.ttf', name='Padauk', style='normal', variant='normal', weight=400, stretch='normal', size='scalable')) = 10.05
DEBUG:matplotlib.font_manager:findfont: score(FontEntry(fname='/usr/share/fonts/truetype/freefont/FreeMonoBoldOblique.ttf', name='FreeMono', style='oblique', variant='normal', weight=700, stretch='normal', size='scalable')) = 11.335
DEBUG:matplotlib.font_manager:findfont: score(FontEntry(fname='/usr/share/fonts/truetype/lohit-telugu/Lohit-Telugu.ttf', name='Lohit Telugu', style='normal', variant='normal', weight=400, stretch='normal', size='scalable')) = 10.05
DEBUG:matplotlib.font_manager:findfont: score(FontEntry(fname='/usr/share/fonts/truetype/teluguvijayam/Ponnala.ttf', name='Ponnala', style='normal', variant='normal', weight=400, stretch='normal', size='scalable')) = 10.05
DEBUG:matplotlib.font_manager:findfont: score(FontEntry(fname='/usr/share/fonts/truetype/fonts-guru-extra/Saab.ttf', name='Saab', style='normal', variant='normal', weight=400, stretch='normal', size='scalable')) = 10.05
DEBUG:matplotlib.font_manager:findfont: score(FontEntry(fname='/usr/share/fonts/truetype/liberation2/LiberationSerif-BoldItalic.ttf', name='Liberation Serif', style='italic', variant='normal', weight=700, stretch='normal', size='scalable')) = 11.335
DEBUG:matplotlib.font_manager:findfont: score(FontEntry(fname='/usr/share/fonts/truetype/fonts-yrsa-rasa/Yrsa-SemiBold.ttf', name='Yrsa', style='normal', variant='normal', weight=600, stretch='normal', size='scalable')) = 10.24
DEBUG:matplotlib.font_manager:findfont: score(FontEntry(fname='/usr/share/fonts/opentype/urw-base35/NimbusSansNarrow-Regular.otf', name='Nimbus Sans Narrow', style='normal', variant='normal', weight=400, stretch='condensed', size='scalable')) = 10.25
DEBUG:matplotlib.font_manager:findfont: score(FontEntry(fname='/usr/share/fonts/truetype/tlwg/Kinnari.ttf', name='Kinnari', style='normal', variant='normal', weight=400, stretch='normal', size='scalable')) = 10.05
DEBUG:matplotlib.font_manager:findfont: score(FontEntry(fname='/usr/share/fonts/truetype/lohit-kannada/Lohit-Kannada.ttf', name='Lohit Kannada', style='normal', variant='normal', weight=400, stretch='normal', size='scalable')) = 10.05
DEBUG:matplotlib.font_manager:findfont: score(FontEntry(fname='/usr/share/fonts/truetype/freefont/FreeSerifItalic.ttf', name='FreeSerif', style='italic', variant='normal', weight=400, stretch='normal', size='scalable')) = 11.05
DEBUG:matplotlib.font_manager:findfont: score(FontEntry(fname='/usr/share/fonts/truetype/fonts-yrsa-rasa/Yrsa-Regular.ttf', name='Yrsa', style='normal', variant='normal', weight=400, stretch='normal', size='scalable')) = 10.05
DEBUG:matplotlib.font_manager:findfont: score(FontEntry(fname='/usr/share/fonts/truetype/Sarai/Sarai.ttf', name='Sarai', style='normal', variant='normal', weight=400, stretch='normal', size='scalable')) = 10.05
DEBUG:matplotlib.font_manager:findfont: score(FontEntry(fname='/usr/share/fonts/truetype/Navilu/Navilu.ttf', name='Navilu', style='normal', variant='normal', weight=400, stretch='normal', size='scalable')) = 10.05
DEBUG:matplotlib.font_manager:findfont: score(FontEntry(fname='/usr/share/fonts/truetype/tlwg/Norasi-Bold.ttf', name='Norasi', style='normal', variant='normal', weight=700, stretch='normal', size='scalable')) = 10.335
DEBUG:matplotlib.font_manager:findfont: score(FontEntry(fname='/usr/share/fonts/truetype/malayalam/Rachana-Regular.ttf', name='Rachana', style='normal', variant='normal', weight=400, stretch='normal', size='scalable')) = 10.05
DEBUG:matplotlib.font_manager:findfont: score(FontEntry(fname='/usr/share/fonts/truetype/fonts-gujr-extra/Rekha.ttf', name='Rekha', style='normal', variant='normal', weight=500, stretch='normal', size='scalable')) = 10.145
DEBUG:matplotlib.font_manager:findfont: score(FontEntry(fname='/usr/share/fonts/truetype/tlwg/TlwgTypo.ttf', name='Tlwg Typo', style='normal', variant='normal', weight=400, stretch='normal', size='scalable')) = 10.05
DEBUG:matplotlib.font_manager:findfont: score(FontEntry(fname='/usr/share/fonts/opentype/urw-base35/C059-Roman.otf', name='C059', style='normal', variant='normal', weight=400, stretch='normal', size='scalable')) = 10.05
DEBUG:matplotlib.font_manager:findfont: score(FontEntry(fname='/usr/share/fonts/opentype/noto/NotoSansCJK-Regular.ttc', name='Noto Sans CJK JP', style='normal', variant='normal', weight=400, stretch='normal', size='scalable')) = 10.05
DEBUG:matplotlib.font_manager:findfont: score(FontEntry(fname='/usr/share/fonts/truetype/fonts-deva-extra/kalimati.ttf', name='Kalimati', style='normal', variant='normal', weight=400, stretch='normal', size='scalable')) = 10.05
DEBUG:matplotlib.font_manager:findfont: score(FontEntry(fname='/usr/share/fonts/truetype/liberation2/LiberationSans-Italic.ttf', name='Liberation Sans', style='italic', variant='normal', weight=400, stretch='normal', size='scalable')) = 11.05
DEBUG:matplotlib.font_manager:findfont: score(FontEntry(fname='/usr/share/fonts/truetype/fonts-deva-extra/samanata.ttf', name='Samanata', style='normal', variant='normal', weight=400, stretch='normal', size='scalable')) = 10.05
DEBUG:matplotlib.font_manager:findfont: score(FontEntry(fname='/usr/share/fonts/truetype/ttf-khmeros-core/KhmerOS.ttf', name='Khmer OS', style='normal', variant='normal', weight=400, stretch='normal', size='scalable')) = 10.05
DEBUG:matplotlib.font_manager:findfont: score(FontEntry(fname='/usr/share/fonts/truetype/fonts-yrsa-rasa/Yrsa-BoldItalic.ttf', name='Yrsa', style='italic', variant='normal', weight=700, stretch='normal', size='scalable')) = 11.335
DEBUG:matplotlib.font_manager:findfont: score(FontEntry(fname='/usr/share/fonts/truetype/kacst/KacstTitleL.ttf', name='KacstTitleL', style='normal', variant='normal', weight=400, stretch='normal', size='scalable')) = 10.05
DEBUG:matplotlib.font_manager:findfont: score(FontEntry(fname='/usr/share/fonts/truetype/tlwg/Norasi-BoldItalic.ttf', name='Norasi', style='italic', variant='normal', weight=700, stretch='normal', size='scalable')) = 11.335
DEBUG:matplotlib.font_manager:findfont: score(FontEntry(fname='/usr/share/fonts/truetype/teluguvijayam/NATS.ttf', name='NATS', style='normal', variant='normal', weight=400, stretch='normal', size='scalable')) = 10.05
DEBUG:matplotlib.font_manager:findfont: score(FontEntry(fname='/usr/share/fonts/truetype/tlwg/TlwgTypo-BoldOblique.ttf', name='Tlwg Typo', style='oblique', variant='normal', weight=700, stretch='normal', size='scalable')) = 11.335
DEBUG:matplotlib.font_manager:findfont: score(FontEntry(fname='/usr/share/fonts/truetype/lao/Phetsarath_OT.ttf', name='Phetsarath OT', style='normal', variant='normal', weight=400, stretch='normal', size='scalable')) = 10.05
DEBUG:matplotlib.font_manager:findfont: score(FontEntry(fname='/usr/share/fonts/truetype/ubuntu/Ubuntu-B.ttf', name='Ubuntu', style='normal', variant='normal', weight=700, stretch='normal', size='scalable')) = 10.335
DEBUG:matplotlib.font_manager:findfont: score(FontEntry(fname='/usr/share/fonts/truetype/teluguvijayam/LakkiReddy.ttf', name='LakkiReddy', style='normal', variant='normal', weight=400, stretch='normal', size='scalable')) = 10.05
DEBUG:matplotlib.font_manager:findfont: score(FontEntry(fname='/usr/share/fonts/truetype/fonts-yrsa-rasa/Yrsa-SemiBoldItalic.ttf', name='Yrsa', style='italic', variant='normal', weight=600, stretch='normal', size='scalable')) = 11.24
DEBUG:matplotlib.font_manager:findfont: score(FontEntry(fname='/usr/share/fonts/truetype/samyak-fonts/Samyak-Malayalam.ttf', name='Samyak Malayalam', style='normal', variant='normal', weight=400, stretch='normal', size='scalable')) = 10.05
DEBUG:matplotlib.font_manager:findfont: score(FontEntry(fname='/usr/share/fonts/truetype/fonts-telu-extra/Pothana2000.ttf', name='Pothana2000', style='normal', variant='normal', weight=400, stretch='normal', size='scalable')) = 10.05
DEBUG:matplotlib.font_manager:findfont: score(FontEntry(fname='/usr/share/fonts/truetype/dejavu/DejaVuSerif-Bold.ttf', name='DejaVu Serif', style='normal', variant='normal', weight=700, stretch='normal', size='scalable')) = 10.335
DEBUG:matplotlib.font_manager:findfont: score(FontEntry(fname='/usr/share/fonts/truetype/tlwg/Laksaman-Bold.ttf', name='Laksaman', style='normal', variant='normal', weight=700, stretch='normal', size='scalable')) = 10.335
DEBUG:matplotlib.font_manager:findfont: score(FontEntry(fname='/usr/share/fonts/truetype/liberation2/LiberationSerif-Italic.ttf', name='Liberation Serif', style='italic', variant='normal', weight=400, stretch='normal', size='scalable')) = 11.05
DEBUG:matplotlib.font_manager:findfont: score(FontEntry(fname='/usr/share/fonts/opentype/urw-base35/NimbusRoman-Italic.otf', name='Nimbus Roman', style='italic', variant='normal', weight=400, stretch='normal', size='scalable')) = 11.05
DEBUG:matplotlib.font_manager:findfont: score(FontEntry(fname='/usr/share/fonts/truetype/fonts-kalapi/Kalapi.ttf', name='Kalapi', style='normal', variant='normal', weight=400, stretch='normal', size='scalable')) = 10.05
DEBUG:matplotlib.font_manager:findfont: score(FontEntry(fname='/usr/share/fonts/truetype/lohit-assamese/Lohit-Assamese.ttf', name='Lohit Assamese', style='normal', variant='normal', weight=400, stretch='normal', size='scalable')) = 10.05
DEBUG:matplotlib.font_manager:findfont: score(FontEntry(fname='/usr/share/fonts/truetype/Sahadeva/sahadeva.ttf', name='Sahadeva', style='normal', variant='normal', weight=400, stretch='normal', size='scalable')) = 10.05
DEBUG:matplotlib.font_manager:findfont: score(FontEntry(fname='/usr/share/fonts/truetype/malayalam/Uroob-Regular.ttf', name='Uroob', style='normal', variant='normal', weight=400, stretch='normal', size='scalable')) = 10.05
DEBUG:matplotlib.font_manager:findfont: score(FontEntry(fname='/usr/share/fonts/opentype/urw-base35/URWBookman-Demi.otf', name='URW Bookman', style='normal', variant='normal', weight=600, stretch='normal', size='scalable')) = 10.24
DEBUG:matplotlib.font_manager:findfont: score(FontEntry(fname='/usr/share/fonts/truetype/freefont/FreeSerif.ttf', name='FreeSerif', style='normal', variant='normal', weight=400, stretch='normal', size='scalable')) = 10.05
DEBUG:matplotlib.font_manager:findfont: score(FontEntry(fname='/usr/share/fonts/truetype/fonts-beng-extra/Ani.ttf', name='Ani', style='normal', variant='normal', weight=400, stretch='normal', size='scalable')) = 10.05
DEBUG:matplotlib.font_manager:findfont: score(FontEntry(fname='/usr/share/fonts/truetype/tlwg/Garuda-BoldOblique.ttf', name='Garuda', style='oblique', variant='normal', weight=700, stretch='normal', size='scalable')) = 11.335
DEBUG:matplotlib.font_manager:findfont: score(FontEntry(fname='/usr/share/fonts/truetype/tlwg/TlwgTypewriter.ttf', name='Tlwg Typewriter', style='normal', variant='normal', weight=400, stretch='normal', size='scalable')) = 10.05
DEBUG:matplotlib.font_manager:findfont: score(FontEntry(fname='/usr/share/fonts/truetype/tlwg/Garuda-Oblique.ttf', name='Garuda', style='oblique', variant='normal', weight=400, stretch='normal', size='scalable')) = 11.05
DEBUG:matplotlib.font_manager:findfont: score(FontEntry(fname='/usr/share/fonts/truetype/kacst/KacstNaskh.ttf', name='KacstNaskh', style='normal', variant='normal', weight=500, stretch='normal', size='scalable')) = 10.145
DEBUG:matplotlib.font_manager:findfont: score(FontEntry(fname='/usr/share/fonts/truetype/fonts-deva-extra/chandas1-2.ttf', name='Chandas', style='normal', variant='normal', weight=400, stretch='normal', size='scalable')) = 10.05
DEBUG:matplotlib.font_manager:findfont: score(FontEntry(fname='/usr/share/fonts/truetype/tlwg/Purisa-Oblique.ttf', name='Purisa', style='oblique', variant='normal', weight=400, stretch='normal', size='scalable')) = 11.05
DEBUG:matplotlib.font_manager:findfont: score(FontEntry(fname='/usr/share/fonts/truetype/liberation/LiberationSerif-Bold.ttf', name='Liberation Serif', style='normal', variant='normal', weight=700, stretch='normal', size='scalable')) = 10.335
DEBUG:matplotlib.font_manager:findfont: score(FontEntry(fname='/usr/share/fonts/opentype/urw-base35/NimbusSansNarrow-Bold.otf', name='Nimbus Sans Narrow', style='normal', variant='normal', weight=700, stretch='condensed', size='scalable')) = 10.535
DEBUG:matplotlib.font_manager:findfont: score(FontEntry(fname='/usr/share/fonts/truetype/ubuntu/Ubuntu-MI.ttf', name='Ubuntu', style='italic', variant='normal', weight=500, stretch='normal', size='scalable')) = 11.145
DEBUG:matplotlib.font_manager:findfont: score(FontEntry(fname='/usr/share/fonts/truetype/malayalam/Meera-Regular.ttf', name='Meera', style='normal', variant='normal', weight=400, stretch='normal', size='scalable')) = 10.05
DEBUG:matplotlib.font_manager:findfont: score(FontEntry(fname='/usr/share/fonts/truetype/kacst/KacstPen.ttf', name='KacstPen', style='normal', variant='normal', weight=500, stretch='normal', size='scalable')) = 10.145
DEBUG:matplotlib.font_manager:findfont: score(FontEntry(fname='/usr/share/fonts/truetype/freefont/FreeSerifBoldItalic.ttf', name='FreeSerif', style='italic', variant='normal', weight=700, stretch='normal', size='scalable')) = 11.335
DEBUG:matplotlib.font_manager:findfont: score(FontEntry(fname='/usr/share/fonts/truetype/tlwg/Kinnari-Italic.ttf', name='Kinnari', style='italic', variant='normal', weight=400, stretch='normal', size='scalable')) = 11.05
DEBUG:matplotlib.font_manager:findfont: score(FontEntry(fname='/usr/share/fonts/opentype/urw-base35/URWGothic-BookOblique.otf', name='URW Gothic', style='oblique', variant='normal', weight=400, stretch='normal', size='scalable')) = 11.05
DEBUG:matplotlib.font_manager:findfont: score(FontEntry(fname='/usr/share/fonts/truetype/tlwg/Umpush.ttf', name='Umpush', style='normal', variant='normal', weight=400, stretch='normal', size='scalable')) = 10.05
DEBUG:matplotlib.font_manager:findfont: score(FontEntry(fname='/usr/share/fonts/truetype/teluguvijayam/NTR.ttf', name='NTR', style='normal', variant='normal', weight=400, stretch='normal', size='scalable')) = 10.05
DEBUG:matplotlib.font_manager:findfont: score(FontEntry(fname='/usr/share/fonts/truetype/tlwg/Waree-Oblique.ttf', name='Waree', style='oblique', variant='normal', weight=400, stretch='normal', size='scalable')) = 11.05
DEBUG:matplotlib.font_manager:findfont: score(FontEntry(fname='/usr/share/fonts/truetype/fonts-yrsa-rasa/Rasa-Light.ttf', name='Rasa', style='normal', variant='normal', weight=300, stretch='normal', size='scalable')) = 10.145
DEBUG:matplotlib.font_manager:findfont: score(FontEntry(fname='/usr/share/fonts/truetype/kacst/KacstPoster.ttf', name='KacstPoster', style='normal', variant='normal', weight=500, stretch='normal', size='scalable')) = 10.145
DEBUG:matplotlib.font_manager:findfont: score(FontEntry(fname='/usr/share/fonts/truetype/liberation/LiberationMono-Bold.ttf', name='Liberation Mono', style='normal', variant='normal', weight=700, stretch='normal', size='scalable')) = 10.335
DEBUG:matplotlib.font_manager:findfont: score(FontEntry(fname='/usr/share/fonts/truetype/tlwg/TlwgTypist-Oblique.ttf', name='Tlwg Typist', style='oblique', variant='normal', weight=400, stretch='normal', size='scalable')) = 11.05
DEBUG:matplotlib.font_manager:findfont: score(FontEntry(fname='/usr/share/fonts/truetype/teluguvijayam/Suravaram.ttf', name='Suravaram', style='normal', variant='normal', weight=400, stretch='normal', size='scalable')) = 10.05
DEBUG:matplotlib.font_manager:findfont: score(FontEntry(fname='/usr/share/fonts/truetype/ubuntu/Ubuntu-R.ttf', name='Ubuntu', style='normal', variant='normal', weight=400, stretch='normal', size='scalable')) = 10.05
DEBUG:matplotlib.font_manager:findfont: score(FontEntry(fname='/usr/share/fonts/truetype/tlwg/TlwgTypewriter-Bold.ttf', name='Tlwg Typewriter', style='normal', variant='normal', weight=700, stretch='normal', size='scalable')) = 10.335
DEBUG:matplotlib.font_manager:findfont: score(FontEntry(fname='/usr/share/fonts/truetype/kacst/KacstDecorative.ttf', name='KacstDecorative', style='normal', variant='normal', weight=500, stretch='normal', size='scalable')) = 10.145
DEBUG:matplotlib.font_manager:findfont: score(FontEntry(fname='/usr/share/fonts/truetype/tlwg/TlwgTypo-Oblique.ttf', name='Tlwg Typo', style='oblique', variant='normal', weight=400, stretch='normal', size='scalable')) = 11.05
DEBUG:matplotlib.font_manager:findfont: score(FontEntry(fname='/usr/share/fonts/truetype/dejavu/DejaVuSansMono-Bold.ttf', name='DejaVu Sans Mono', style='normal', variant='normal', weight=700, stretch='normal', size='scalable')) = 10.335
DEBUG:matplotlib.font_manager:findfont: score(FontEntry(fname='/usr/share/fonts/truetype/teluguvijayam/Ramaraja-Regular.ttf', name='Ramaraja', style='normal', variant='normal', weight=400, stretch='normal', size='scalable')) = 10.05
DEBUG:matplotlib.font_manager:findfont: score(FontEntry(fname='/usr/share/fonts/truetype/abyssinica/AbyssinicaSIL-Regular.ttf', name='Abyssinica SIL', style='normal', variant='normal', weight=400, stretch='normal', size='scalable')) = 10.05
DEBUG:matplotlib.font_manager:findfont: score(FontEntry(fname='/usr/share/fonts/truetype/freefont/FreeSansBoldOblique.ttf', name='FreeSans', style='oblique', variant='normal', weight=600, stretch='normal', size='scalable')) = 11.24
DEBUG:matplotlib.font_manager:findfont: score(FontEntry(fname='/usr/share/fonts/truetype/dejavu/DejaVuSansMono.ttf', name='DejaVu Sans Mono', style='normal', variant='normal', weight=400, stretch='normal', size='scalable')) = 10.05
DEBUG:matplotlib.font_manager:findfont: score(FontEntry(fname='/usr/share/fonts/truetype/tlwg/Umpush-Bold.ttf', name='Umpush', style='normal', variant='normal', weight=700, stretch='normal', size='scalable')) = 10.335
DEBUG:matplotlib.font_manager:findfont: score(FontEntry(fname='/usr/share/fonts/truetype/kacst/KacstScreen.ttf', name='KacstScreen', style='normal', variant='normal', weight=500, stretch='normal', size='scalable')) = 10.145
DEBUG:matplotlib.font_manager:findfont: score(FontEntry(fname='/usr/share/fonts/opentype/urw-base35/NimbusSans-Italic.otf', name='Nimbus Sans', style='italic', variant='normal', weight=400, stretch='normal', size='scalable')) = 11.05
DEBUG:matplotlib.font_manager:findfont: score(FontEntry(fname='/usr/share/fonts/truetype/noto/NotoSansMono-Regular.ttf', name='Noto Sans Mono', style='normal', variant='normal', weight=400, stretch='normal', size='scalable')) = 10.05
DEBUG:matplotlib.font_manager:findfont: score(FontEntry(fname='/usr/share/fonts/truetype/dejavu/DejaVuSans.ttf', name='DejaVu Sans', style='normal', variant='normal', weight=400, stretch='normal', size='scalable')) = 0.05
DEBUG:matplotlib.font_manager:findfont: score(FontEntry(fname='/usr/share/fonts/opentype/malayalam/Gayathri-Thin.otf', name='Gayathri', style='normal', variant='normal', weight=100, stretch='normal', size='scalable')) = 10.335
DEBUG:matplotlib.font_manager:findfont: score(FontEntry(fname='/usr/share/fonts/truetype/liberation/LiberationSerif-Italic.ttf', name='Liberation Serif', style='italic', variant='normal', weight=400, stretch='normal', size='scalable')) = 11.05
DEBUG:matplotlib.font_manager:findfont: score(FontEntry(fname='/usr/share/fonts/truetype/kacst-one/KacstOne-Bold.ttf', name='KacstOne', style='normal', variant='normal', weight=700, stretch='normal', size='scalable')) = 10.335
DEBUG:matplotlib.font_manager:findfont: score(FontEntry(fname='/usr/share/fonts/truetype/fonts-gujr-extra/padmaa-Medium-0.5.ttf', name='padmaa', style='normal', variant='normal', weight=500, stretch='normal', size='scalable')) = 10.145
DEBUG:matplotlib.font_manager:findfont: score(FontEntry(fname='/usr/share/fonts/truetype/tlwg/Sawasdee.ttf', name='Sawasdee', style='normal', variant='normal', weight=400, stretch='normal', size='scalable')) = 10.05
DEBUG:matplotlib.font_manager:findfont: score(FontEntry(fname='/usr/share/fonts/opentype/urw-base35/NimbusSans-Bold.otf', name='Nimbus Sans', style='normal', variant='normal', weight=700, stretch='normal', size='scalable')) = 10.335
DEBUG:matplotlib.font_manager:findfont: score(FontEntry(fname='/usr/share/fonts/opentype/urw-base35/NimbusRoman-BoldItalic.otf', name='Nimbus Roman', style='italic', variant='normal', weight=700, stretch='normal', size='scalable')) = 11.335
DEBUG:matplotlib.font_manager:findfont: score(FontEntry(fname='/usr/share/fonts/truetype/fonts-beng-extra/LikhanNormal.ttf', name='Likhan', style='normal', variant='normal', weight=500, stretch='normal', size='scalable')) = 10.145
DEBUG:matplotlib.font_manager:findfont: score(FontEntry(fname='/usr/share/fonts/opentype/urw-base35/URWGothic-Book.otf', name='URW Gothic', style='normal', variant='normal', weight=400, stretch='normal', size='scalable')) = 10.05
DEBUG:matplotlib.font_manager:findfont: score(FontEntry(fname='/usr/share/fonts/truetype/fonts-gujr-extra/padmaa.ttf', name='padmaa', style='normal', variant='normal', weight=500, stretch='normal', size='scalable')) = 10.145
DEBUG:matplotlib.font_manager:findfont: score(FontEntry(fname='/usr/share/fonts/truetype/tlwg/TlwgMono.ttf', name='Tlwg Mono', style='normal', variant='normal', weight=400, stretch='normal', size='scalable')) = 10.05
DEBUG:matplotlib.font_manager:findfont: score(FontEntry(fname='/usr/share/fonts/truetype/teluguvijayam/mallanna.ttf', name='Mallanna', style='normal', variant='normal', weight=400, stretch='normal', size='scalable')) = 10.05
DEBUG:matplotlib.font_manager:findfont: score(FontEntry(fname='/usr/share/fonts/truetype/teluguvijayam/dhurjati.ttf', name='Dhurjati', style='normal', variant='normal', weight=400, stretch='normal', size='scalable')) = 10.05
DEBUG:matplotlib.font_manager:findfont: score(FontEntry(fname='/usr/share/fonts/opentype/urw-base35/StandardSymbolsPS.otf', name='Standard Symbols PS', style='normal', variant='normal', weight=400, stretch='normal', size='scalable')) = 10.05
DEBUG:matplotlib.font_manager:findfont: score(FontEntry(fname='/usr/share/fonts/truetype/dejavu/DejaVuSans-Bold.ttf', name='DejaVu Sans', style='normal', variant='normal', weight=700, stretch='normal', size='scalable')) = 0.33499999999999996
DEBUG:matplotlib.font_manager:findfont: score(FontEntry(fname='/usr/share/fonts/truetype/tibetan-machine/TibetanMachineUni.ttf', name='Tibetan Machine Uni', style='normal', variant='normal', weight=400, stretch='normal', size='scalable')) = 10.05
DEBUG:matplotlib.font_manager:findfont: score(FontEntry(fname='/usr/share/fonts/truetype/fonts-yrsa-rasa/Yrsa-LightItalic.ttf', name='Yrsa', style='italic', variant='normal', weight=300, stretch='normal', size='scalable')) = 11.145
DEBUG:matplotlib.font_manager:findfont: score(FontEntry(fname='/usr/share/fonts/truetype/tlwg/Kinnari-BoldItalic.ttf', name='Kinnari', style='italic', variant='normal', weight=700, stretch='normal', size='scalable')) = 11.335
DEBUG:matplotlib.font_manager:findfont: score(FontEntry(fname='/usr/share/fonts/truetype/libreoffice/opens___.ttf', name='OpenSymbol', style='normal', variant='normal', weight=400, stretch='normal', size='scalable')) = 10.05
DEBUG:matplotlib.font_manager:findfont: score(FontEntry(fname='/usr/share/fonts/truetype/teluguvijayam/TenaliRamakrishna-Regular.ttf', name='TenaliRamakrishna', style='normal', variant='normal', weight=400, stretch='normal', size='scalable')) = 10.05
DEBUG:matplotlib.font_manager:findfont: score(FontEntry(fname='/usr/share/fonts/truetype/tlwg/Laksaman.ttf', name='Laksaman', style='normal', variant='normal', weight=400, stretch='normal', size='scalable')) = 10.05
DEBUG:matplotlib.font_manager:findfont: score(FontEntry(fname='/usr/share/fonts/truetype/teluguvijayam/PottiSreeramulu.ttf', name='Potti Sreeramulu', style='normal', variant='normal', weight=400, stretch='normal', size='scalable')) = 10.05
DEBUG:matplotlib.font_manager:findfont: score(FontEntry(fname='/usr/share/fonts/truetype/sinhala/lklug.ttf', name='LKLUG', style='normal', variant='normal', weight=400, stretch='normal', size='scalable')) = 10.05
DEBUG:matplotlib.font_manager:findfont: score(FontEntry(fname='/usr/share/fonts/truetype/tlwg/TlwgTypewriter-BoldOblique.ttf', name='Tlwg Typewriter', style='oblique', variant='normal', weight=700, stretch='normal', size='scalable')) = 11.335
DEBUG:matplotlib.font_manager:findfont: score(FontEntry(fname='/usr/share/fonts/truetype/malayalam/RaghuMalayalamSans-Regular.ttf', name='RaghuMalayalamSans', style='normal', variant='normal', weight=400, stretch='normal', size='scalable')) = 10.05
DEBUG:matplotlib.font_manager:findfont: score(FontEntry(fname='/usr/share/fonts/truetype/samyak/Samyak-Devanagari.ttf', name='Samyak Devanagari', style='normal', variant='normal', weight=500, stretch='normal', size='scalable')) = 10.145
DEBUG:matplotlib.font_manager:findfont: score(FontEntry(fname='/usr/share/fonts/truetype/tlwg/Umpush-Light.ttf', name='Umpush', style='normal', variant='normal', weight=300, stretch='normal', size='scalable')) = 10.145
DEBUG:matplotlib.font_manager:findfont: score(FontEntry(fname='/usr/share/fonts/truetype/noto/NotoMono-Regular.ttf', name='Noto Mono', style='normal', variant='normal', weight=400, stretch='normal', size='scalable')) = 10.05
DEBUG:matplotlib.font_manager:findfont: score(FontEntry(fname='/usr/share/fonts/truetype/teluguvijayam/suranna.ttf', name='Suranna', style='normal', variant='normal', weight=400, stretch='normal', size='scalable')) = 10.05
DEBUG:matplotlib.font_manager:findfont: score(FontEntry(fname='/usr/share/fonts/opentype/urw-base35/NimbusMonoPS-BoldItalic.otf', name='Nimbus Mono PS', style='italic', variant='normal', weight=700, stretch='normal', size='scalable')) = 11.335
DEBUG:matplotlib.font_manager:findfont: score(FontEntry(fname='/usr/share/fonts/opentype/urw-base35/NimbusRoman-Regular.otf', name='Nimbus Roman', style='normal', variant='normal', weight=400, stretch='normal', size='scalable')) = 10.05
DEBUG:matplotlib.font_manager:findfont: score(FontEntry(fname='/usr/share/fonts/truetype/lohit-oriya/Lohit-Odia.ttf', name='Lohit Odia', style='normal', variant='normal', weight=400, stretch='normal', size='scalable')) = 10.05
DEBUG:matplotlib.font_manager:findfont: score(FontEntry(fname='/usr/share/fonts/truetype/tlwg/Norasi-Oblique.ttf', name='Norasi', style='oblique', variant='normal', weight=400, stretch='normal', size='scalable')) = 11.05
DEBUG:matplotlib.font_manager:findfont: score(FontEntry(fname='/usr/share/fonts/truetype/lohit-gujarati/Lohit-Gujarati.ttf', name='Lohit Gujarati', style='normal', variant='normal', weight=400, stretch='normal', size='scalable')) = 10.05
DEBUG:matplotlib.font_manager:findfont: score(FontEntry(fname='/usr/share/fonts/truetype/tlwg/TlwgMono-Oblique.ttf', name='Tlwg Mono', style='oblique', variant='normal', weight=400, stretch='normal', size='scalable')) = 11.05
DEBUG:matplotlib.font_manager:findfont: score(FontEntry(fname='/usr/share/fonts/truetype/tlwg/Waree-Bold.ttf', name='Waree', style='normal', variant='normal', weight=700, stretch='normal', size='scalable')) = 10.335
DEBUG:matplotlib.font_manager:findfont: score(FontEntry(fname='/usr/share/fonts/opentype/urw-base35/P052-BoldItalic.otf', name='P052', style='italic', variant='normal', weight=700, stretch='normal', size='scalable')) = 11.335
DEBUG:matplotlib.font_manager:findfont: score(FontEntry(fname='/usr/share/fonts/truetype/fonts-beng-extra/MitraMono.ttf', name='Mitra ', style='normal', variant='normal', weight=400, stretch='normal', size='scalable')) = 10.05
DEBUG:matplotlib.font_manager:findfont: score(FontEntry(fname='/usr/share/fonts/truetype/ubuntu/UbuntuMono-BI.ttf', name='Ubuntu Mono', style='italic', variant='normal', weight=700, stretch='normal', size='scalable')) = 11.335
DEBUG:matplotlib.font_manager:findfont: score(FontEntry(fname='/usr/share/fonts/truetype/teluguvijayam/SyamalaRamana.ttf', name='Syamala Ramana', style='normal', variant='normal', weight=400, stretch='normal', size='scalable')) = 10.05
DEBUG:matplotlib.font_manager:findfont: score(FontEntry(fname='/usr/share/fonts/opentype/urw-base35/Z003-MediumItalic.otf', name='Z003', style='italic', variant='normal', weight=500, stretch='normal', size='scalable')) = 11.145
DEBUG:matplotlib.font_manager:findfont: score(FontEntry(fname='/usr/share/fonts/opentype/malayalam/Gayathri-Regular.otf', name='Gayathri', style='normal', variant='normal', weight=400, stretch='normal', size='scalable')) = 10.05
DEBUG:matplotlib.font_manager:findfont: score(FontEntry(fname='/usr/share/fonts/truetype/tlwg/TlwgMono-Bold.ttf', name='Tlwg Mono', style='normal', variant='normal', weight=700, stretch='normal', size='scalable')) = 10.335
DEBUG:matplotlib.font_manager:findfont: score(FontEntry(fname='/usr/share/fonts/truetype/freefont/FreeMono.ttf', name='FreeMono', style='normal', variant='normal', weight=400, stretch='normal', size='scalable')) = 10.05
DEBUG:matplotlib.font_manager:findfont: score(FontEntry(fname='/usr/share/fonts/truetype/freefont/FreeSansBold.ttf', name='FreeSans', style='normal', variant='normal', weight=600, stretch='normal', size='scalable')) = 10.24
DEBUG:matplotlib.font_manager:findfont: score(FontEntry(fname='/usr/share/fonts/opentype/malayalam/Manjari-Bold.otf', name='Manjari', style='normal', variant='normal', weight=700, stretch='normal', size='scalable')) = 10.335
DEBUG:matplotlib.font_manager:findfont: score(FontEntry(fname='/usr/share/fonts/opentype/urw-base35/NimbusMonoPS-Italic.otf', name='Nimbus Mono PS', style='italic', variant='normal', weight=400, stretch='normal', size='scalable')) = 11.05
DEBUG:matplotlib.font_manager:findfont: score(FontEntry(fname='/usr/share/fonts/truetype/liberation/LiberationMono-Regular.ttf', name='Liberation Mono', style='normal', variant='normal', weight=400, stretch='normal', size='scalable')) = 10.05
DEBUG:matplotlib.font_manager:findfont: score(FontEntry(fname='/usr/share/fonts/truetype/teluguvijayam/Gurajada.ttf', name='Gurajada', style='normal', variant='normal', weight=400, stretch='normal', size='scalable')) = 10.05
DEBUG:matplotlib.font_manager:findfont: score(FontEntry(fname='/usr/share/fonts/truetype/tlwg/Purisa-Bold.ttf', name='Purisa', style='normal', variant='normal', weight=700, stretch='normal', size='scalable')) = 10.335
DEBUG:matplotlib.font_manager:findfont: score(FontEntry(fname='/usr/share/fonts/truetype/dejavu/DejaVuSerif.ttf', name='DejaVu Serif', style='normal', variant='normal', weight=400, stretch='normal', size='scalable')) = 10.05
DEBUG:matplotlib.font_manager:findfont: score(FontEntry(fname='/usr/share/fonts/truetype/fonts-yrsa-rasa/Rasa-Bold.ttf', name='Rasa', style='normal', variant='normal', weight=700, stretch='normal', size='scalable')) = 10.335
DEBUG:matplotlib.font_manager:findfont: score(FontEntry(fname='/usr/share/fonts/truetype/tlwg/TlwgTypo-Bold.ttf', name='Tlwg Typo', style='normal', variant='normal', weight=700, stretch='normal', size='scalable')) = 10.335
DEBUG:matplotlib.font_manager:findfont: score(FontEntry(fname='/usr/share/fonts/truetype/lohit-bengali/Lohit-Bengali.ttf', name='Lohit Bengali', style='normal', variant='normal', weight=400, stretch='normal', size='scalable')) = 10.05
DEBUG:matplotlib.font_manager:findfont: score(FontEntry(fname='/usr/share/fonts/truetype/teluguvijayam/TimmanaRegular.ttf', name='Timmana', style='normal', variant='normal', weight=900, stretch='normal', size='scalable')) = 10.525
DEBUG:matplotlib.font_manager:findfont: score(FontEntry(fname='/usr/share/fonts/opentype/urw-base35/NimbusMonoPS-Bold.otf', name='Nimbus Mono PS', style='normal', variant='normal', weight=700, stretch='normal', size='scalable')) = 10.335
DEBUG:matplotlib.font_manager:findfont: score(FontEntry(fname='/usr/share/fonts/opentype/malayalam/Manjari-Thin.otf', name='Manjari', style='normal', variant='normal', weight=100, stretch='normal', size='scalable')) = 10.335
DEBUG:matplotlib.font_manager:findfont: score(FontEntry(fname='/usr/share/fonts/truetype/liberation/LiberationMono-BoldItalic.ttf', name='Liberation Mono', style='italic', variant='normal', weight=700, stretch='normal', size='scalable')) = 11.335
DEBUG:matplotlib.font_manager:findfont: score(FontEntry(fname='/usr/share/fonts/truetype/tlwg/Loma-Bold.ttf', name='Loma', style='normal', variant='normal', weight=700, stretch='normal', size='scalable')) = 10.335
DEBUG:matplotlib.font_manager:findfont: score(FontEntry(fname='/usr/share/fonts/truetype/fonts-yrsa-rasa/Rasa-Medium.ttf', name='Rasa', style='normal', variant='normal', weight=500, stretch='normal', size='scalable')) = 10.145
DEBUG:matplotlib.font_manager:findfont: score(FontEntry(fname='/usr/share/fonts/truetype/tlwg/Kinnari-BoldOblique.ttf', name='Kinnari', style='oblique', variant='normal', weight=700, stretch='normal', size='scalable')) = 11.335
DEBUG:matplotlib.font_manager:findfont: score(FontEntry(fname='/usr/share/fonts/truetype/liberation2/LiberationMono-Bold.ttf', name='Liberation Mono', style='normal', variant='normal', weight=700, stretch='normal', size='scalable')) = 10.335
DEBUG:matplotlib.font_manager:findfont: score(FontEntry(fname='/usr/share/fonts/truetype/ubuntu/UbuntuMono-RI.ttf', name='Ubuntu Mono', style='italic', variant='normal', weight=400, stretch='normal', size='scalable')) = 11.05
DEBUG:matplotlib.font_manager:findfont: score(FontEntry(fname='/usr/share/fonts/truetype/liberation/LiberationSerif-BoldItalic.ttf', name='Liberation Serif', style='italic', variant='normal', weight=700, stretch='normal', size='scalable')) = 11.335
DEBUG:matplotlib.font_manager:findfont: score(FontEntry(fname='/usr/share/fonts/truetype/droid/DroidSansFallbackFull.ttf', name='Droid Sans Fallback', style='normal', variant='normal', weight=400, stretch='normal', size='scalable')) = 10.05
DEBUG:matplotlib.font_manager:findfont: score(FontEntry(fname='/usr/share/fonts/truetype/Gargi/Gargi.ttf', name='Gargi', style='normal', variant='normal', weight=400, stretch='normal', size='scalable')) = 10.05
DEBUG:matplotlib.font_manager:findfont: score(FontEntry(fname='/usr/share/fonts/truetype/teluguvijayam/Gidugu.ttf', name='Gidugu', style='normal', variant='normal', weight=400, stretch='normal', size='scalable')) = 10.05
DEBUG:matplotlib.font_manager:findfont: score(FontEntry(fname='/usr/share/fonts/opentype/urw-base35/NimbusSans-BoldItalic.otf', name='Nimbus Sans', style='italic', variant='normal', weight=700, stretch='normal', size='scalable')) = 11.335
DEBUG:matplotlib.font_manager:findfont: score(FontEntry(fname='/usr/share/fonts/opentype/urw-base35/URWGothic-Demi.otf', name='URW Gothic', style='normal', variant='normal', weight=600, stretch='normal', size='scalable')) = 10.24
DEBUG:matplotlib.font_manager:findfont: score(FontEntry(fname='/usr/share/fonts/truetype/tlwg/Umpush-LightOblique.ttf', name='Umpush', style='oblique', variant='normal', weight=300, stretch='normal', size='scalable')) = 11.145
DEBUG:matplotlib.font_manager:findfont: score(FontEntry(fname='/usr/share/fonts/truetype/tlwg/TlwgTypewriter-Oblique.ttf', name='Tlwg Typewriter', style='oblique', variant='normal', weight=400, stretch='normal', size='scalable')) = 11.05
DEBUG:matplotlib.font_manager:findfont: score(FontEntry(fname='/usr/share/fonts/truetype/fonts-telu-extra/vemana2000.ttf', name='Vemana2000', style='normal', variant='normal', weight=400, stretch='normal', size='scalable')) = 10.05
DEBUG:matplotlib.font_manager:findfont: score(FontEntry(fname='/usr/share/fonts/truetype/tlwg/Kinnari-Bold.ttf', name='Kinnari', style='normal', variant='normal', weight=700, stretch='normal', size='scalable')) = 10.335
DEBUG:matplotlib.font_manager:findfont: score(FontEntry(fname='/usr/share/fonts/truetype/fonts-gujr-extra/padmaa-Bold.1.1.ttf', name='padmaa-Bold.1.1', style='normal', variant='normal', weight=700, stretch='normal', size='scalable')) = 10.335
DEBUG:matplotlib.font_manager:findfont: score(FontEntry(fname='/usr/share/fonts/truetype/liberation2/LiberationSans-Regular.ttf', name='Liberation Sans', style='normal', variant='normal', weight=400, stretch='normal', size='scalable')) = 10.05
DEBUG:matplotlib.font_manager:findfont: score(FontEntry(fname='/usr/share/fonts/truetype/ubuntu/Ubuntu-C.ttf', name='Ubuntu Condensed', style='normal', variant='normal', weight=400, stretch='condensed', size='scalable')) = 10.25
DEBUG:matplotlib.font_manager:findfont: score(FontEntry(fname='/usr/share/fonts/opentype/noto/NotoSansCJK-Bold.ttc', name='Noto Sans CJK JP', style='normal', variant='normal', weight=700, stretch='normal', size='scalable')) = 10.335
DEBUG:matplotlib.font_manager:findfont: score(FontEntry(fname='/usr/share/fonts/truetype/liberation/LiberationSans-BoldItalic.ttf', name='Liberation Sans', style='italic', variant='normal', weight=700, stretch='normal', size='scalable')) = 11.335
DEBUG:matplotlib.font_manager:findfont: score(FontEntry(fname='/usr/share/fonts/opentype/urw-base35/NimbusSansNarrow-Oblique.otf', name='Nimbus Sans Narrow', style='oblique', variant='normal', weight=400, stretch='condensed', size='scalable')) = 11.25
DEBUG:matplotlib.font_manager:findfont: score(FontEntry(fname='/usr/share/fonts/truetype/ubuntu/UbuntuMono-B.ttf', name='Ubuntu Mono', style='normal', variant='normal', weight=700, stretch='normal', size='scalable')) = 10.335
DEBUG:matplotlib.font_manager:findfont: score(FontEntry(fname='/usr/share/fonts/truetype/liberation/LiberationSansNarrow-BoldItalic.ttf', name='Liberation Sans Narrow', style='italic', variant='normal', weight=700, stretch='condensed', size='scalable')) = 11.535
DEBUG:matplotlib.font_manager:findfont: score(FontEntry(fname='/usr/share/fonts/truetype/fonts-gujr-extra/aakar-medium.ttf', name='aakar', style='normal', variant='normal', weight=500, stretch='normal', size='scalable')) = 10.145
DEBUG:matplotlib.font_manager:findfont: score(FontEntry(fname='/usr/share/fonts/truetype/Nakula/nakula.ttf', name='Nakula', style='normal', variant='normal', weight=400, stretch='normal', size='scalable')) = 10.05
DEBUG:matplotlib.font_manager:findfont: score(FontEntry(fname='/usr/share/fonts/opentype/urw-base35/C059-Italic.otf', name='C059', style='italic', variant='normal', weight=400, stretch='normal', size='scalable')) = 11.05
DEBUG:matplotlib.font_manager:findfont: score(FontEntry(fname='/usr/share/fonts/truetype/ubuntu/Ubuntu-LI.ttf', name='Ubuntu', style='italic', variant='normal', weight=300, stretch='normal', size='scalable')) = 11.145
DEBUG:matplotlib.font_manager:findfont: score(FontEntry(fname='/usr/share/fonts/truetype/tlwg/TlwgTypist-BoldOblique.ttf', name='Tlwg Typist', style='oblique', variant='normal', weight=700, stretch='normal', size='scalable')) = 11.335
DEBUG:matplotlib.font_manager:findfont: score(FontEntry(fname='/usr/share/fonts/truetype/teluguvijayam/Mandali-Regular.ttf', name='Mandali', style='normal', variant='normal', weight=400, stretch='normal', size='scalable')) = 10.05
DEBUG:matplotlib.font_manager:findfont: score(FontEntry(fname='/usr/share/fonts/opentype/urw-base35/C059-Bold.otf', name='C059', style='normal', variant='normal', weight=700, stretch='normal', size='scalable')) = 10.335
DEBUG:matplotlib.font_manager:findfont: score(FontEntry(fname='/usr/share/fonts/truetype/lohit-malayalam/Lohit-Malayalam.ttf', name='Lohit Malayalam', style='normal', variant='normal', weight=400, stretch='normal', size='scalable')) = 10.05
DEBUG:matplotlib.font_manager:findfont: score(FontEntry(fname='/usr/share/fonts/truetype/teluguvijayam/ramabhadra.ttf', name='Ramabhadra', style='normal', variant='normal', weight=400, stretch='normal', size='scalable')) = 10.05
DEBUG:matplotlib.font_manager:findfont: score(FontEntry(fname='/usr/share/fonts/truetype/freefont/FreeSerifBold.ttf', name='FreeSerif', style='normal', variant='normal', weight=700, stretch='normal', size='scalable')) = 10.335
DEBUG:matplotlib.font_manager:findfont: score(FontEntry(fname='/usr/share/fonts/truetype/fonts-yrsa-rasa/Yrsa-Italic.ttf', name='Yrsa', style='italic', variant='normal', weight=400, stretch='normal', size='scalable')) = 11.05
DEBUG:matplotlib.font_manager:findfont: score(FontEntry(fname='/usr/share/fonts/opentype/urw-base35/NimbusMonoPS-Regular.otf', name='Nimbus Mono PS', style='normal', variant='normal', weight=400, stretch='normal', size='scalable')) = 10.05
DEBUG:matplotlib.font_manager:findfont: score(FontEntry(fname='/usr/share/fonts/truetype/ubuntu/Ubuntu-Th.ttf', name='Ubuntu', style='normal', variant='normal', weight=250, stretch='normal', size='scalable')) = 10.1925
DEBUG:matplotlib.font_manager:findfont: score(FontEntry(fname='/usr/share/fonts/opentype/urw-base35/P052-Roman.otf', name='P052', style='normal', variant='normal', weight=400, stretch='normal', size='scalable')) = 10.05
DEBUG:matplotlib.font_manager:findfont: score(FontEntry(fname='/usr/share/fonts/truetype/samyak-fonts/Samyak-Tamil.ttf', name='Samyak Tamil', style='normal', variant='normal', weight=500, stretch='normal', size='scalable')) = 10.145
DEBUG:matplotlib.font_manager:findfont: score(FontEntry(fname='/usr/share/fonts/truetype/liberation/LiberationSans-Italic.ttf', name='Liberation Sans', style='italic', variant='normal', weight=400, stretch='normal', size='scalable')) = 11.05
DEBUG:matplotlib.font_manager:findfont: score(FontEntry(fname='/usr/share/fonts/truetype/tlwg/Sawasdee-BoldOblique.ttf', name='Sawasdee', style='oblique', variant='normal', weight=700, stretch='normal', size='scalable')) = 11.335
DEBUG:matplotlib.font_manager:findfont: score(FontEntry(fname='/usr/share/fonts/opentype/urw-base35/NimbusSans-Regular.otf', name='Nimbus Sans', style='normal', variant='normal', weight=400, stretch='normal', size='scalable')) = 10.05
DEBUG:matplotlib.font_manager:findfont: score(FontEntry(fname='/usr/share/fonts/truetype/tlwg/Garuda.ttf', name='Garuda', style='normal', variant='normal', weight=400, stretch='normal', size='scalable')) = 10.05
DEBUG:matplotlib.font_manager:findfont: score(FontEntry(fname='/usr/share/fonts/truetype/ubuntu/Ubuntu-M.ttf', name='Ubuntu', style='normal', variant='normal', weight=500, stretch='normal', size='scalable')) = 10.145
DEBUG:matplotlib.font_manager:findfont: score(FontEntry(fname='/usr/share/fonts/opentype/urw-base35/D050000L.otf', name='D050000L', style='normal', variant='normal', weight=400, stretch='normal', size='scalable')) = 10.05
DEBUG:matplotlib.font_manager:findfont: score(FontEntry(fname='/usr/share/fonts/truetype/pagul/Pagul.ttf', name='Pagul', style='normal', variant='normal', weight=400, stretch='normal', size='scalable')) = 10.05
DEBUG:matplotlib.font_manager:findfont: score(FontEntry(fname='/usr/share/fonts/truetype/fonts-beng-extra/Mukti.ttf', name='Mukti', style='normal', variant='normal', weight=500, stretch='normal', size='scalable')) = 10.145
DEBUG:matplotlib.font_manager:findfont: score(FontEntry(fname='/usr/share/fonts/truetype/kacst/KacstTitle.ttf', name='KacstTitle', style='normal', variant='normal', weight=500, stretch='normal', size='scalable')) = 10.145
DEBUG:matplotlib.font_manager:findfont: score(FontEntry(fname='/usr/share/fonts/opentype/urw-base35/C059-BdIta.otf', name='C059', style='italic', variant='normal', weight=700, stretch='normal', size='scalable')) = 11.335
DEBUG:matplotlib.font_manager:findfont: score(FontEntry(fname='/usr/share/fonts/truetype/tlwg/TlwgMono-BoldOblique.ttf', name='Tlwg Mono', style='oblique', variant='normal', weight=700, stretch='normal', size='scalable')) = 11.335
DEBUG:matplotlib.font_manager:findfont: score(FontEntry(fname='/usr/share/fonts/opentype/malayalam/Gayathri-Bold.otf', name='Gayathri', style='normal', variant='normal', weight=700, stretch='normal', size='scalable')) = 10.335
DEBUG:matplotlib.font_manager:findfont: score(FontEntry(fname='/usr/share/fonts/opentype/noto/NotoSerifCJK-Regular.ttc', name='Noto Serif CJK JP', style='normal', variant='normal', weight=400, stretch='normal', size='scalable')) = 10.05
DEBUG:matplotlib.font_manager:findfont: score(FontEntry(fname='/usr/share/fonts/truetype/liberation2/LiberationMono-Italic.ttf', name='Liberation Mono', style='italic', variant='normal', weight=400, stretch='normal', size='scalable')) = 11.05
DEBUG:matplotlib.font_manager:findfont: score(FontEntry(fname='/usr/share/fonts/truetype/kacst/KacstDigital.ttf', name='KacstDigital', style='normal', variant='normal', weight=500, stretch='normal', size='scalable')) = 10.145
DEBUG:matplotlib.font_manager:findfont: score(FontEntry(fname='/usr/share/fonts/truetype/kacst/KacstBook.ttf', name='KacstBook', style='normal', variant='normal', weight=500, stretch='normal', size='scalable')) = 10.145
DEBUG:matplotlib.font_manager:findfont: score(FontEntry(fname='/usr/share/fonts/truetype/tlwg/TlwgTypist.ttf', name='Tlwg Typist', style='normal', variant='normal', weight=400, stretch='normal', size='scalable')) = 10.05
DEBUG:matplotlib.font_manager:findfont: score(FontEntry(fname='/usr/share/fonts/truetype/ubuntu/Ubuntu-RI.ttf', name='Ubuntu', style='italic', variant='normal', weight=400, stretch='normal', size='scalable')) = 11.05
DEBUG:matplotlib.font_manager:findfont: score(FontEntry(fname='/usr/share/fonts/truetype/padauk/PadaukBook-Bold.ttf', name='Padauk Book', style='normal', variant='normal', weight=700, stretch='normal', size='scalable')) = 10.335
DEBUG:matplotlib.font_manager:findfont: score(FontEntry(fname='/usr/share/fonts/truetype/Gubbi/Gubbi.ttf', name='Gubbi', style='normal', variant='normal', weight=400, stretch='normal', size='scalable')) = 10.05
DEBUG:matplotlib.font_manager:findfont: score(FontEntry(fname='/usr/share/fonts/truetype/freefont/FreeSansOblique.ttf', name='FreeSans', style='oblique', variant='normal', weight=400, stretch='normal', size='scalable')) = 11.05
DEBUG:matplotlib.font_manager:findfont: score(FontEntry(fname='/usr/share/fonts/truetype/liberation2/LiberationSerif-Bold.ttf', name='Liberation Serif', style='normal', variant='normal', weight=700, stretch='normal', size='scalable')) = 10.335
DEBUG:matplotlib.font_manager:findfont: score(FontEntry(fname='/usr/share/fonts/truetype/fonts-orya-extra/utkal.ttf', name='ori1Uni', style='normal', variant='normal', weight=500, stretch='normal', size='scalable')) = 10.145
DEBUG:matplotlib.font_manager:findfont: score(FontEntry(fname='/usr/share/fonts/truetype/liberation2/LiberationSans-BoldItalic.ttf', name='Liberation Sans', style='italic', variant='normal', weight=700, stretch='normal', size='scalable')) = 11.335
DEBUG:matplotlib.font_manager:findfont: score(FontEntry(fname='/usr/share/fonts/truetype/malayalam/Suruma.ttf', name='Suruma', style='normal', variant='normal', weight=500, stretch='normal', size='scalable')) = 10.145
DEBUG:matplotlib.font_manager:findfont: score(FontEntry(fname='/usr/share/fonts/truetype/tlwg/Purisa.ttf', name='Purisa', style='normal', variant='normal', weight=400, stretch='normal', size='scalable')) = 10.05
DEBUG:matplotlib.font_manager:findfont: score(FontEntry(fname='/usr/share/fonts/truetype/kacst/mry_KacstQurn.ttf', name='mry_KacstQurn', style='normal', variant='normal', weight=400, stretch='normal', size='scalable')) = 10.05
DEBUG:matplotlib.font_manager:findfont: score(FontEntry(fname='/usr/share/fonts/truetype/tlwg/Norasi-BoldOblique.ttf', name='Norasi', style='oblique', variant='normal', weight=700, stretch='normal', size='scalable')) = 11.335
DEBUG:matplotlib.font_manager:findfont: score(FontEntry(fname='/usr/share/fonts/opentype/urw-base35/URWBookman-Light.otf', name='URW Bookman', style='normal', variant='normal', weight=300, stretch='normal', size='scalable')) = 10.145
DEBUG:matplotlib.font_manager:findfont: score(FontEntry(fname='/usr/share/fonts/truetype/tlwg/Sawasdee-Oblique.ttf', name='Sawasdee', style='oblique', variant='normal', weight=400, stretch='normal', size='scalable')) = 11.05
DEBUG:matplotlib.font_manager:findfont: score(FontEntry(fname='/usr/share/fonts/truetype/teluguvijayam/Peddana-Regular.ttf', name='Peddana', style='normal', variant='normal', weight=400, stretch='normal', size='scalable')) = 10.05
DEBUG:matplotlib.font_manager:findfont: score(FontEntry(fname='/usr/share/fonts/opentype/urw-base35/P052-Bold.otf', name='P052', style='normal', variant='normal', weight=700, stretch='normal', size='scalable')) = 10.335
DEBUG:matplotlib.font_manager:findfont: score(FontEntry(fname='/usr/share/fonts/truetype/kacst/KacstQurn.ttf', name='KacstQurn', style='normal', variant='normal', weight=400, stretch='normal', size='scalable')) = 10.05
DEBUG:matplotlib.font_manager:findfont: score(FontEntry(fname='/usr/share/fonts/truetype/tlwg/Umpush-Oblique.ttf', name='Umpush', style='oblique', variant='normal', weight=400, stretch='normal', size='scalable')) = 11.05
DEBUG:matplotlib.font_manager:findfont: score(FontEntry(fname='/usr/share/fonts/truetype/fonts-yrsa-rasa/Yrsa-Medium.ttf', name='Yrsa', style='normal', variant='normal', weight=500, stretch='normal', size='scalable')) = 10.145
DEBUG:matplotlib.font_manager:findfont: score(FontEntry(fname='/usr/share/fonts/opentype/urw-base35/NimbusRoman-Bold.otf', name='Nimbus Roman', style='normal', variant='normal', weight=700, stretch='normal', size='scalable')) = 10.335
DEBUG:matplotlib.font_manager:findfont: score(FontEntry(fname='/usr/share/fonts/truetype/tlwg/Loma-BoldOblique.ttf', name='Loma', style='oblique', variant='normal', weight=700, stretch='normal', size='scalable')) = 11.335
DEBUG:matplotlib.font_manager:findfont: score(FontEntry(fname='/usr/share/fonts/truetype/liberation/LiberationSansNarrow-Italic.ttf', name='Liberation Sans Narrow', style='italic', variant='normal', weight=400, stretch='condensed', size='scalable')) = 11.25
DEBUG:matplotlib.font_manager:findfont: score(FontEntry(fname='/usr/share/fonts/truetype/freefont/FreeMonoBold.ttf', name='FreeMono', style='normal', variant='normal', weight=700, stretch='normal', size='scalable')) = 10.335
DEBUG:matplotlib.font_manager:findfont: score(FontEntry(fname='/usr/share/fonts/opentype/malayalam/Manjari-Regular.otf', name='Manjari', style='normal', variant='normal', weight=400, stretch='normal', size='scalable')) = 10.05
DEBUG:matplotlib.font_manager:findfont: score(FontEntry(fname='/usr/share/fonts/opentype/urw-base35/P052-Italic.otf', name='P052', style='italic', variant='normal', weight=400, stretch='normal', size='scalable')) = 11.05
DEBUG:matplotlib.font_manager:findfont: score(FontEntry(fname='/usr/share/fonts/truetype/kacst/KacstOffice.ttf', name='KacstOffice', style='normal', variant='normal', weight=500, stretch='normal', size='scalable')) = 10.145
DEBUG:matplotlib.font_manager:findfont: score(FontEntry(fname='/usr/share/fonts/truetype/noto/NotoSansMono-Bold.ttf', name='Noto Sans Mono', style='normal', variant='normal', weight=700, stretch='normal', size='scalable')) = 10.335
DEBUG:matplotlib.font_manager:findfont: score(FontEntry(fname='/usr/share/fonts/truetype/tlwg/Garuda-Bold.ttf', name='Garuda', style='normal', variant='normal', weight=700, stretch='normal', size='scalable')) = 10.335
DEBUG:matplotlib.font_manager:findfont: score(FontEntry(fname='/usr/share/fonts/truetype/liberation/LiberationSans-Bold.ttf', name='Liberation Sans', style='normal', variant='normal', weight=700, stretch='normal', size='scalable')) = 10.335
DEBUG:matplotlib.font_manager:findfont: score(FontEntry(fname='/usr/share/fonts/truetype/kacst-one/KacstOne.ttf', name='KacstOne', style='normal', variant='normal', weight=400, stretch='normal', size='scalable')) = 10.05
DEBUG:matplotlib.font_manager:findfont: score(FontEntry(fname='/usr/share/fonts/truetype/liberation/LiberationMono-Italic.ttf', name='Liberation Mono', style='italic', variant='normal', weight=400, stretch='normal', size='scalable')) = 11.05
DEBUG:matplotlib.font_manager:findfont: score(FontEntry(fname='/usr/share/fonts/truetype/teluguvijayam/SreeKrushnadevaraya.ttf', name='Sree Krushnadevaraya', style='normal', variant='normal', weight=400, stretch='normal', size='scalable')) = 10.05
DEBUG:matplotlib.font_manager:findfont: score(FontEntry(fname='/usr/share/fonts/truetype/tlwg/Purisa-BoldOblique.ttf', name='Purisa', style='oblique', variant='normal', weight=700, stretch='normal', size='scalable')) = 11.335
DEBUG:matplotlib.font_manager:findfont: score(FontEntry(fname='/usr/share/fonts/truetype/fonts-yrsa-rasa/Yrsa-MediumItalic.ttf', name='Yrsa', style='italic', variant='normal', weight=500, stretch='normal', size='scalable')) = 11.145
DEBUG:matplotlib.font_manager:findfont: score(FontEntry(fname='/usr/share/fonts/opentype/noto/NotoSerifCJK-Bold.ttc', name='Noto Serif CJK JP', style='normal', variant='normal', weight=700, stretch='normal', size='scalable')) = 10.335
DEBUG:matplotlib.font_manager:findfont: score(FontEntry(fname='/usr/share/fonts/truetype/liberation2/LiberationSerif-Regular.ttf', name='Liberation Serif', style='normal', variant='normal', weight=400, stretch='normal', size='scalable')) = 10.05
DEBUG:matplotlib.font_manager:findfont: score(FontEntry(fname='/usr/share/fonts/truetype/liberation2/LiberationMono-BoldItalic.ttf', name='Liberation Mono', style='italic', variant='normal', weight=700, stretch='normal', size='scalable')) = 11.335
DEBUG:matplotlib.font_manager:findfont: score(FontEntry(fname='/usr/share/fonts/truetype/tlwg/Loma-Oblique.ttf', name='Loma', style='oblique', variant='normal', weight=400, stretch='normal', size='scalable')) = 11.05
DEBUG:matplotlib.font_manager:findfont: score(FontEntry(fname='/usr/share/fonts/truetype/ttf-khmeros-core/KhmerOSsys.ttf', name='Khmer OS System', style='normal', variant='normal', weight=400, stretch='normal', size='scalable')) = 10.05
DEBUG:matplotlib.font_manager:findfont: score(FontEntry(fname='/usr/share/fonts/truetype/liberation2/LiberationMono-Regular.ttf', name='Liberation Mono', style='normal', variant='normal', weight=400, stretch='normal', size='scalable')) = 10.05
DEBUG:matplotlib.font_manager:findfont: score(FontEntry(fname='/usr/share/fonts/truetype/lohit-devanagari/Lohit-Devanagari.ttf', name='Lohit Devanagari', style='normal', variant='normal', weight=400, stretch='normal', size='scalable')) = 10.05
DEBUG:matplotlib.font_manager:findfont: score(FontEntry(fname='/usr/share/fonts/opentype/urw-base35/URWBookman-DemiItalic.otf', name='URW Bookman', style='italic', variant='normal', weight=600, stretch='normal', size='scalable')) = 11.24
DEBUG:matplotlib.font_manager:findfont: score(FontEntry(fname='/usr/share/fonts/truetype/fonts-beng-extra/JamrulNormal.ttf', name='Jamrul', style='normal', variant='normal', weight=500, stretch='normal', size='scalable')) = 10.145
DEBUG:matplotlib.font_manager:findfont: score(FontEntry(fname='/usr/share/fonts/truetype/kacst/KacstLetter.ttf', name='KacstLetter', style='normal', variant='normal', weight=500, stretch='normal', size='scalable')) = 10.145
DEBUG:matplotlib.font_manager:findfont: score(FontEntry(fname='/usr/share/fonts/truetype/ubuntu/Ubuntu-L.ttf', name='Ubuntu', style='normal', variant='normal', weight=300, stretch='normal', size='scalable')) = 10.145
DEBUG:matplotlib.font_manager:findfont: score(FontEntry(fname='/usr/share/fonts/truetype/tlwg/Norasi-Italic.ttf', name='Norasi', style='italic', variant='normal', weight=400, stretch='normal', size='scalable')) = 11.05
DEBUG:matplotlib.font_manager:findfont: score(FontEntry(fname='/usr/share/fonts/truetype/fonts-yrsa-rasa/Yrsa-Bold.ttf', name='Yrsa', style='normal', variant='normal', weight=700, stretch='normal', size='scalable')) = 10.335
DEBUG:matplotlib.font_manager:findfont: score(FontEntry(fname='/usr/share/fonts/truetype/malayalam/Keraleeyam-Regular.ttf', name='Keraleeyam', style='normal', variant='normal', weight=400, stretch='normal', size='scalable')) = 10.05
DEBUG:matplotlib.font_manager:findfont: score(FontEntry(fname='/usr/share/fonts/opentype/urw-base35/URWGothic-DemiOblique.otf', name='URW Gothic', style='oblique', variant='normal', weight=600, stretch='normal', size='scalable')) = 11.24
DEBUG:matplotlib.font_manager:findfont: Matching sans\-serif:style=normal:variant=normal:weight=normal:stretch=normal:size=7.0 to DejaVu Sans ('/home/oth/.local/lib/python3.10/site-packages/matplotlib/mpl-data/fonts/ttf/DejaVuSans.ttf') with score of 0.050000.
DEBUG:matplotlib.colorbar:locator: <matplotlib.ticker.AutoLocator object at 0x783fa1fdc2b0>
DEBUG:matplotlib.font_manager:findfont: Matching sans\-serif:style=normal:variant=normal:weight=normal:stretch=normal:size=8.0.
DEBUG:matplotlib.font_manager:findfont: score(FontEntry(fname='/home/oth/.local/lib/python3.10/site-packages/matplotlib/mpl-data/fonts/ttf/STIXSizFourSymBol.ttf', name='STIXSizeFourSym', style='normal', variant='normal', weight=700, stretch='normal', size='scalable')) = 10.335
DEBUG:matplotlib.font_manager:findfont: score(FontEntry(fname='/home/oth/.local/lib/python3.10/site-packages/matplotlib/mpl-data/fonts/ttf/DejaVuSansMono-Bold.ttf', name='DejaVu Sans Mono', style='normal', variant='normal', weight=700, stretch='normal', size='scalable')) = 10.335
DEBUG:matplotlib.font_manager:findfont: score(FontEntry(fname='/home/oth/.local/lib/python3.10/site-packages/matplotlib/mpl-data/fonts/ttf/cmsy10.ttf', name='cmsy10', style='normal', variant='normal', weight=400, stretch='normal', size='scalable')) = 10.05
DEBUG:matplotlib.font_manager:findfont: score(FontEntry(fname='/home/oth/.local/lib/python3.10/site-packages/matplotlib/mpl-data/fonts/ttf/STIXGeneral.ttf', name='STIXGeneral', style='normal', variant='normal', weight=400, stretch='normal', size='scalable')) = 10.05
DEBUG:matplotlib.font_manager:findfont: score(FontEntry(fname='/home/oth/.local/lib/python3.10/site-packages/matplotlib/mpl-data/fonts/ttf/cmmi10.ttf', name='cmmi10', style='normal', variant='normal', weight=400, stretch='normal', size='scalable')) = 10.05
DEBUG:matplotlib.font_manager:findfont: score(FontEntry(fname='/home/oth/.local/lib/python3.10/site-packages/matplotlib/mpl-data/fonts/ttf/DejaVuSerif-Italic.ttf', name='DejaVu Serif', style='italic', variant='normal', weight=400, stretch='normal', size='scalable')) = 11.05
DEBUG:matplotlib.font_manager:findfont: score(FontEntry(fname='/home/oth/.local/lib/python3.10/site-packages/matplotlib/mpl-data/fonts/ttf/cmex10.ttf', name='cmex10', style='normal', variant='normal', weight=400, stretch='normal', size='scalable')) = 10.05
DEBUG:matplotlib.font_manager:findfont: score(FontEntry(fname='/home/oth/.local/lib/python3.10/site-packages/matplotlib/mpl-data/fonts/ttf/cmss10.ttf', name='cmss10', style='normal', variant='normal', weight=400, stretch='normal', size='scalable')) = 10.05
DEBUG:matplotlib.font_manager:findfont: score(FontEntry(fname='/home/oth/.local/lib/python3.10/site-packages/matplotlib/mpl-data/fonts/ttf/DejaVuSerif.ttf', name='DejaVu Serif', style='normal', variant='normal', weight=400, stretch='normal', size='scalable')) = 10.05
DEBUG:matplotlib.font_manager:findfont: score(FontEntry(fname='/home/oth/.local/lib/python3.10/site-packages/matplotlib/mpl-data/fonts/ttf/STIXSizTwoSymBol.ttf', name='STIXSizeTwoSym', style='normal', variant='normal', weight=700, stretch='normal', size='scalable')) = 10.335
DEBUG:matplotlib.font_manager:findfont: score(FontEntry(fname='/home/oth/.local/lib/python3.10/site-packages/matplotlib/mpl-data/fonts/ttf/DejaVuSans.ttf', name='DejaVu Sans', style='normal', variant='normal', weight=400, stretch='normal', size='scalable')) = 0.05
DEBUG:matplotlib.font_manager:findfont: score(FontEntry(fname='/home/oth/.local/lib/python3.10/site-packages/matplotlib/mpl-data/fonts/ttf/DejaVuSans-Oblique.ttf', name='DejaVu Sans', style='oblique', variant='normal', weight=400, stretch='normal', size='scalable')) = 1.05
DEBUG:matplotlib.font_manager:findfont: score(FontEntry(fname='/home/oth/.local/lib/python3.10/site-packages/matplotlib/mpl-data/fonts/ttf/STIXGeneralItalic.ttf', name='STIXGeneral', style='italic', variant='normal', weight=400, stretch='normal', size='scalable')) = 11.05
DEBUG:matplotlib.font_manager:findfont: score(FontEntry(fname='/home/oth/.local/lib/python3.10/site-packages/matplotlib/mpl-data/fonts/ttf/DejaVuSansDisplay.ttf', name='DejaVu Sans Display', style='normal', variant='normal', weight=400, stretch='normal', size='scalable')) = 10.05
DEBUG:matplotlib.font_manager:findfont: score(FontEntry(fname='/home/oth/.local/lib/python3.10/site-packages/matplotlib/mpl-data/fonts/ttf/STIXSizOneSymBol.ttf', name='STIXSizeOneSym', style='normal', variant='normal', weight=700, stretch='normal', size='scalable')) = 10.335
DEBUG:matplotlib.font_manager:findfont: score(FontEntry(fname='/home/oth/.local/lib/python3.10/site-packages/matplotlib/mpl-data/fonts/ttf/STIXSizTwoSymReg.ttf', name='STIXSizeTwoSym', style='normal', variant='normal', weight=400, stretch='normal', size='scalable')) = 10.05
DEBUG:matplotlib.font_manager:findfont: score(FontEntry(fname='/home/oth/.local/lib/python3.10/site-packages/matplotlib/mpl-data/fonts/ttf/STIXGeneralBolIta.ttf', name='STIXGeneral', style='italic', variant='normal', weight=700, stretch='normal', size='scalable')) = 11.335
DEBUG:matplotlib.font_manager:findfont: score(FontEntry(fname='/home/oth/.local/lib/python3.10/site-packages/matplotlib/mpl-data/fonts/ttf/DejaVuSansMono-BoldOblique.ttf', name='DejaVu Sans Mono', style='oblique', variant='normal', weight=700, stretch='normal', size='scalable')) = 11.335
DEBUG:matplotlib.font_manager:findfont: score(FontEntry(fname='/home/oth/.local/lib/python3.10/site-packages/matplotlib/mpl-data/fonts/ttf/DejaVuSans-BoldOblique.ttf', name='DejaVu Sans', style='oblique', variant='normal', weight=700, stretch='normal', size='scalable')) = 1.335
DEBUG:matplotlib.font_manager:findfont: score(FontEntry(fname='/home/oth/.local/lib/python3.10/site-packages/matplotlib/mpl-data/fonts/ttf/STIXSizThreeSymReg.ttf', name='STIXSizeThreeSym', style='normal', variant='normal', weight=400, stretch='normal', size='scalable')) = 10.05
DEBUG:matplotlib.font_manager:findfont: score(FontEntry(fname='/home/oth/.local/lib/python3.10/site-packages/matplotlib/mpl-data/fonts/ttf/DejaVuSerif-BoldItalic.ttf', name='DejaVu Serif', style='italic', variant='normal', weight=700, stretch='normal', size='scalable')) = 11.335
DEBUG:matplotlib.font_manager:findfont: score(FontEntry(fname='/home/oth/.local/lib/python3.10/site-packages/matplotlib/mpl-data/fonts/ttf/STIXNonUniBol.ttf', name='STIXNonUnicode', style='normal', variant='normal', weight=700, stretch='normal', size='scalable')) = 10.335
DEBUG:matplotlib.font_manager:findfont: score(FontEntry(fname='/home/oth/.local/lib/python3.10/site-packages/matplotlib/mpl-data/fonts/ttf/STIXNonUni.ttf', name='STIXNonUnicode', style='normal', variant='normal', weight=400, stretch='normal', size='scalable')) = 10.05
DEBUG:matplotlib.font_manager:findfont: score(FontEntry(fname='/home/oth/.local/lib/python3.10/site-packages/matplotlib/mpl-data/fonts/ttf/DejaVuSerifDisplay.ttf', name='DejaVu Serif Display', style='normal', variant='normal', weight=400, stretch='normal', size='scalable')) = 10.05
DEBUG:matplotlib.font_manager:findfont: score(FontEntry(fname='/home/oth/.local/lib/python3.10/site-packages/matplotlib/mpl-data/fonts/ttf/STIXNonUniBolIta.ttf', name='STIXNonUnicode', style='italic', variant='normal', weight=700, stretch='normal', size='scalable')) = 11.335
DEBUG:matplotlib.font_manager:findfont: score(FontEntry(fname='/home/oth/.local/lib/python3.10/site-packages/matplotlib/mpl-data/fonts/ttf/DejaVuSansMono.ttf', name='DejaVu Sans Mono', style='normal', variant='normal', weight=400, stretch='normal', size='scalable')) = 10.05
DEBUG:matplotlib.font_manager:findfont: score(FontEntry(fname='/home/oth/.local/lib/python3.10/site-packages/matplotlib/mpl-data/fonts/ttf/cmtt10.ttf', name='cmtt10', style='normal', variant='normal', weight=400, stretch='normal', size='scalable')) = 10.05
DEBUG:matplotlib.font_manager:findfont: score(FontEntry(fname='/home/oth/.local/lib/python3.10/site-packages/matplotlib/mpl-data/fonts/ttf/cmr10.ttf', name='cmr10', style='normal', variant='normal', weight=400, stretch='normal', size='scalable')) = 10.05
DEBUG:matplotlib.font_manager:findfont: score(FontEntry(fname='/home/oth/.local/lib/python3.10/site-packages/matplotlib/mpl-data/fonts/ttf/DejaVuSansMono-Oblique.ttf', name='DejaVu Sans Mono', style='oblique', variant='normal', weight=400, stretch='normal', size='scalable')) = 11.05
DEBUG:matplotlib.font_manager:findfont: score(FontEntry(fname='/home/oth/.local/lib/python3.10/site-packages/matplotlib/mpl-data/fonts/ttf/STIXSizFiveSymReg.ttf', name='STIXSizeFiveSym', style='normal', variant='normal', weight=400, stretch='normal', size='scalable')) = 10.05
DEBUG:matplotlib.font_manager:findfont: score(FontEntry(fname='/home/oth/.local/lib/python3.10/site-packages/matplotlib/mpl-data/fonts/ttf/STIXSizFourSymReg.ttf', name='STIXSizeFourSym', style='normal', variant='normal', weight=400, stretch='normal', size='scalable')) = 10.05
DEBUG:matplotlib.font_manager:findfont: score(FontEntry(fname='/home/oth/.local/lib/python3.10/site-packages/matplotlib/mpl-data/fonts/ttf/cmb10.ttf', name='cmb10', style='normal', variant='normal', weight=400, stretch='normal', size='scalable')) = 10.05
DEBUG:matplotlib.font_manager:findfont: score(FontEntry(fname='/home/oth/.local/lib/python3.10/site-packages/matplotlib/mpl-data/fonts/ttf/STIXNonUniIta.ttf', name='STIXNonUnicode', style='italic', variant='normal', weight=400, stretch='normal', size='scalable')) = 11.05
DEBUG:matplotlib.font_manager:findfont: score(FontEntry(fname='/home/oth/.local/lib/python3.10/site-packages/matplotlib/mpl-data/fonts/ttf/DejaVuSerif-Bold.ttf', name='DejaVu Serif', style='normal', variant='normal', weight=700, stretch='normal', size='scalable')) = 10.335
DEBUG:matplotlib.font_manager:findfont: score(FontEntry(fname='/home/oth/.local/lib/python3.10/site-packages/matplotlib/mpl-data/fonts/ttf/STIXGeneralBol.ttf', name='STIXGeneral', style='normal', variant='normal', weight=700, stretch='normal', size='scalable')) = 10.335
DEBUG:matplotlib.font_manager:findfont: score(FontEntry(fname='/home/oth/.local/lib/python3.10/site-packages/matplotlib/mpl-data/fonts/ttf/STIXSizOneSymReg.ttf', name='STIXSizeOneSym', style='normal', variant='normal', weight=400, stretch='normal', size='scalable')) = 10.05
DEBUG:matplotlib.font_manager:findfont: score(FontEntry(fname='/home/oth/.local/lib/python3.10/site-packages/matplotlib/mpl-data/fonts/ttf/STIXSizThreeSymBol.ttf', name='STIXSizeThreeSym', style='normal', variant='normal', weight=700, stretch='normal', size='scalable')) = 10.335
DEBUG:matplotlib.font_manager:findfont: score(FontEntry(fname='/home/oth/.local/lib/python3.10/site-packages/matplotlib/mpl-data/fonts/ttf/DejaVuSans-Bold.ttf', name='DejaVu Sans', style='normal', variant='normal', weight=700, stretch='normal', size='scalable')) = 0.33499999999999996
DEBUG:matplotlib.font_manager:findfont: score(FontEntry(fname='/usr/share/fonts/truetype/fonts-yrsa-rasa/Rasa-Regular.ttf', name='Rasa', style='normal', variant='normal', weight=400, stretch='normal', size='scalable')) = 10.05
DEBUG:matplotlib.font_manager:findfont: score(FontEntry(fname='/usr/share/fonts/truetype/liberation/LiberationSerif-Regular.ttf', name='Liberation Serif', style='normal', variant='normal', weight=400, stretch='normal', size='scalable')) = 10.05
DEBUG:matplotlib.font_manager:findfont: score(FontEntry(fname='/usr/share/fonts/truetype/lohit-tamil/Lohit-Tamil.ttf', name='Lohit Tamil', style='normal', variant='normal', weight=400, stretch='normal', size='scalable')) = 10.05
DEBUG:matplotlib.font_manager:findfont: score(FontEntry(fname='/usr/share/fonts/truetype/tlwg/Umpush-BoldOblique.ttf', name='Umpush', style='oblique', variant='normal', weight=700, stretch='normal', size='scalable')) = 11.335
DEBUG:matplotlib.font_manager:findfont: score(FontEntry(fname='/usr/share/fonts/truetype/fonts-yrsa-rasa/Yrsa-Light.ttf', name='Yrsa', style='normal', variant='normal', weight=300, stretch='normal', size='scalable')) = 10.145
DEBUG:matplotlib.font_manager:findfont: score(FontEntry(fname='/usr/share/fonts/truetype/liberation2/LiberationSans-Bold.ttf', name='Liberation Sans', style='normal', variant='normal', weight=700, stretch='normal', size='scalable')) = 10.335
DEBUG:matplotlib.font_manager:findfont: score(FontEntry(fname='/usr/share/fonts/truetype/samyak-fonts/Samyak-Gujarati.ttf', name='Samyak Gujarati', style='normal', variant='normal', weight=500, stretch='normal', size='scalable')) = 10.145
DEBUG:matplotlib.font_manager:findfont: score(FontEntry(fname='/usr/share/fonts/truetype/tlwg/Waree.ttf', name='Waree', style='normal', variant='normal', weight=400, stretch='normal', size='scalable')) = 10.05
DEBUG:matplotlib.font_manager:findfont: score(FontEntry(fname='/usr/share/fonts/truetype/tlwg/Laksaman-BoldItalic.ttf', name='Laksaman', style='italic', variant='normal', weight=700, stretch='normal', size='scalable')) = 11.335
DEBUG:matplotlib.font_manager:findfont: score(FontEntry(fname='/usr/share/fonts/truetype/lohit-punjabi/Lohit-Gurmukhi.ttf', name='Lohit Gurmukhi', style='normal', variant='normal', weight=400, stretch='normal', size='scalable')) = 10.05
DEBUG:matplotlib.font_manager:findfont: score(FontEntry(fname='/usr/share/fonts/truetype/liberation/LiberationSans-Regular.ttf', name='Liberation Sans', style='normal', variant='normal', weight=400, stretch='normal', size='scalable')) = 10.05
DEBUG:matplotlib.font_manager:findfont: score(FontEntry(fname='/usr/share/fonts/truetype/liberation/LiberationSansNarrow-Regular.ttf', name='Liberation Sans Narrow', style='normal', variant='normal', weight=400, stretch='condensed', size='scalable')) = 10.25
DEBUG:matplotlib.font_manager:findfont: score(FontEntry(fname='/usr/share/fonts/truetype/tlwg/Norasi.ttf', name='Norasi', style='normal', variant='normal', weight=400, stretch='normal', size='scalable')) = 10.05
DEBUG:matplotlib.font_manager:findfont: score(FontEntry(fname='/usr/share/fonts/truetype/fonts-yrsa-rasa/Rasa-SemiBold.ttf', name='Rasa', style='normal', variant='normal', weight=600, stretch='normal', size='scalable')) = 10.24
DEBUG:matplotlib.font_manager:findfont: score(FontEntry(fname='/usr/share/fonts/truetype/tlwg/Laksaman-Italic.ttf', name='Laksaman', style='italic', variant='normal', weight=400, stretch='normal', size='scalable')) = 11.05
DEBUG:matplotlib.font_manager:findfont: score(FontEntry(fname='/usr/share/fonts/truetype/malayalam/Rachana-Bold.ttf', name='Rachana', style='normal', variant='normal', weight=700, stretch='normal', size='scalable')) = 10.335
DEBUG:matplotlib.font_manager:findfont: score(FontEntry(fname='/usr/share/fonts/truetype/tlwg/TlwgTypist-Bold.ttf', name='Tlwg Typist', style='normal', variant='normal', weight=700, stretch='normal', size='scalable')) = 10.335
DEBUG:matplotlib.font_manager:findfont: score(FontEntry(fname='/usr/share/fonts/truetype/freefont/FreeMonoOblique.ttf', name='FreeMono', style='oblique', variant='normal', weight=400, stretch='normal', size='scalable')) = 11.05
DEBUG:matplotlib.font_manager:findfont: score(FontEntry(fname='/usr/share/fonts/truetype/teluguvijayam/RaviPrakash.ttf', name='RaviPrakash', style='normal', variant='normal', weight=400, stretch='normal', size='scalable')) = 10.05
DEBUG:matplotlib.font_manager:findfont: score(FontEntry(fname='/usr/share/fonts/truetype/malayalam/Karumbi-Regular.ttf', name='Karumbi', style='normal', variant='normal', weight=400, stretch='normal', size='scalable')) = 10.05
DEBUG:matplotlib.font_manager:findfont: score(FontEntry(fname='/usr/share/fonts/truetype/padauk/Padauk-Bold.ttf', name='Padauk', style='normal', variant='normal', weight=700, stretch='normal', size='scalable')) = 10.335
DEBUG:matplotlib.font_manager:findfont: score(FontEntry(fname='/usr/share/fonts/truetype/lohit-tamil-classical/Lohit-Tamil-Classical.ttf', name='Lohit Tamil Classical', style='normal', variant='normal', weight=400, stretch='normal', size='scalable')) = 10.05
DEBUG:matplotlib.font_manager:findfont: score(FontEntry(fname='/usr/share/fonts/opentype/malayalam/Chilanka-Regular.otf', name='Chilanka', style='normal', variant='normal', weight=400, stretch='normal', size='scalable')) = 10.05
DEBUG:matplotlib.font_manager:findfont: score(FontEntry(fname='/usr/share/fonts/truetype/tlwg/Waree-BoldOblique.ttf', name='Waree', style='oblique', variant='normal', weight=700, stretch='normal', size='scalable')) = 11.335
DEBUG:matplotlib.font_manager:findfont: score(FontEntry(fname='/usr/share/fonts/truetype/malayalam/AnjaliOldLipi-Regular.ttf', name='AnjaliOldLipi', style='normal', variant='normal', weight=400, stretch='normal', size='scalable')) = 10.05
DEBUG:matplotlib.font_manager:findfont: score(FontEntry(fname='/usr/share/fonts/truetype/padauk/PadaukBook-Regular.ttf', name='Padauk Book', style='normal', variant='normal', weight=400, stretch='normal', size='scalable')) = 10.05
DEBUG:matplotlib.font_manager:findfont: score(FontEntry(fname='/usr/share/fonts/truetype/tlwg/Loma.ttf', name='Loma', style='normal', variant='normal', weight=400, stretch='normal', size='scalable')) = 10.05
DEBUG:matplotlib.font_manager:findfont: score(FontEntry(fname='/usr/share/fonts/truetype/ubuntu/UbuntuMono-R.ttf', name='Ubuntu Mono', style='normal', variant='normal', weight=400, stretch='normal', size='scalable')) = 10.05
DEBUG:matplotlib.font_manager:findfont: score(FontEntry(fname='/usr/share/fonts/truetype/ubuntu/Ubuntu-BI.ttf', name='Ubuntu', style='italic', variant='normal', weight=700, stretch='normal', size='scalable')) = 11.335
DEBUG:matplotlib.font_manager:findfont: score(FontEntry(fname='/usr/share/fonts/truetype/kacst/KacstFarsi.ttf', name='KacstFarsi', style='normal', variant='normal', weight=500, stretch='normal', size='scalable')) = 10.145
DEBUG:matplotlib.font_manager:findfont: score(FontEntry(fname='/usr/share/fonts/truetype/tlwg/Sawasdee-Bold.ttf', name='Sawasdee', style='normal', variant='normal', weight=700, stretch='normal', size='scalable')) = 10.335
DEBUG:matplotlib.font_manager:findfont: score(FontEntry(fname='/usr/share/fonts/truetype/malayalam/Dyuthi-Regular.ttf', name='Dyuthi', style='normal', variant='normal', weight=400, stretch='normal', size='scalable')) = 10.05
DEBUG:matplotlib.font_manager:findfont: score(FontEntry(fname='/usr/share/fonts/truetype/liberation/LiberationSansNarrow-Bold.ttf', name='Liberation Sans Narrow', style='normal', variant='normal', weight=700, stretch='condensed', size='scalable')) = 10.535
DEBUG:matplotlib.font_manager:findfont: score(FontEntry(fname='/usr/share/fonts/truetype/kacst/KacstArt.ttf', name='KacstArt', style='normal', variant='normal', weight=500, stretch='normal', size='scalable')) = 10.145
DEBUG:matplotlib.font_manager:findfont: score(FontEntry(fname='/usr/share/fonts/truetype/tlwg/Kinnari-Oblique.ttf', name='Kinnari', style='oblique', variant='normal', weight=400, stretch='normal', size='scalable')) = 11.05
DEBUG:matplotlib.font_manager:findfont: score(FontEntry(fname='/usr/share/fonts/opentype/urw-base35/NimbusSansNarrow-BoldOblique.otf', name='Nimbus Sans Narrow', style='oblique', variant='normal', weight=700, stretch='condensed', size='scalable')) = 11.535
DEBUG:matplotlib.font_manager:findfont: score(FontEntry(fname='/usr/share/fonts/truetype/fonts-beng-extra/Muktibold.ttf', name='Mukti', style='normal', variant='normal', weight=700, stretch='normal', size='scalable')) = 10.335
DEBUG:matplotlib.font_manager:findfont: score(FontEntry(fname='/usr/share/fonts/opentype/urw-base35/URWBookman-LightItalic.otf', name='URW Bookman', style='italic', variant='normal', weight=300, stretch='normal', size='scalable')) = 11.145
DEBUG:matplotlib.font_manager:findfont: score(FontEntry(fname='/usr/share/fonts/truetype/freefont/FreeSans.ttf', name='FreeSans', style='normal', variant='normal', weight=400, stretch='normal', size='scalable')) = 10.05
DEBUG:matplotlib.font_manager:findfont: score(FontEntry(fname='/usr/share/fonts/truetype/padauk/Padauk-Regular.ttf', name='Padauk', style='normal', variant='normal', weight=400, stretch='normal', size='scalable')) = 10.05
DEBUG:matplotlib.font_manager:findfont: score(FontEntry(fname='/usr/share/fonts/truetype/freefont/FreeMonoBoldOblique.ttf', name='FreeMono', style='oblique', variant='normal', weight=700, stretch='normal', size='scalable')) = 11.335
DEBUG:matplotlib.font_manager:findfont: score(FontEntry(fname='/usr/share/fonts/truetype/lohit-telugu/Lohit-Telugu.ttf', name='Lohit Telugu', style='normal', variant='normal', weight=400, stretch='normal', size='scalable')) = 10.05
DEBUG:matplotlib.font_manager:findfont: score(FontEntry(fname='/usr/share/fonts/truetype/teluguvijayam/Ponnala.ttf', name='Ponnala', style='normal', variant='normal', weight=400, stretch='normal', size='scalable')) = 10.05
DEBUG:matplotlib.font_manager:findfont: score(FontEntry(fname='/usr/share/fonts/truetype/fonts-guru-extra/Saab.ttf', name='Saab', style='normal', variant='normal', weight=400, stretch='normal', size='scalable')) = 10.05
DEBUG:matplotlib.font_manager:findfont: score(FontEntry(fname='/usr/share/fonts/truetype/liberation2/LiberationSerif-BoldItalic.ttf', name='Liberation Serif', style='italic', variant='normal', weight=700, stretch='normal', size='scalable')) = 11.335
DEBUG:matplotlib.font_manager:findfont: score(FontEntry(fname='/usr/share/fonts/truetype/fonts-yrsa-rasa/Yrsa-SemiBold.ttf', name='Yrsa', style='normal', variant='normal', weight=600, stretch='normal', size='scalable')) = 10.24
DEBUG:matplotlib.font_manager:findfont: score(FontEntry(fname='/usr/share/fonts/opentype/urw-base35/NimbusSansNarrow-Regular.otf', name='Nimbus Sans Narrow', style='normal', variant='normal', weight=400, stretch='condensed', size='scalable')) = 10.25
DEBUG:matplotlib.font_manager:findfont: score(FontEntry(fname='/usr/share/fonts/truetype/tlwg/Kinnari.ttf', name='Kinnari', style='normal', variant='normal', weight=400, stretch='normal', size='scalable')) = 10.05
DEBUG:matplotlib.font_manager:findfont: score(FontEntry(fname='/usr/share/fonts/truetype/lohit-kannada/Lohit-Kannada.ttf', name='Lohit Kannada', style='normal', variant='normal', weight=400, stretch='normal', size='scalable')) = 10.05
DEBUG:matplotlib.font_manager:findfont: score(FontEntry(fname='/usr/share/fonts/truetype/freefont/FreeSerifItalic.ttf', name='FreeSerif', style='italic', variant='normal', weight=400, stretch='normal', size='scalable')) = 11.05
DEBUG:matplotlib.font_manager:findfont: score(FontEntry(fname='/usr/share/fonts/truetype/fonts-yrsa-rasa/Yrsa-Regular.ttf', name='Yrsa', style='normal', variant='normal', weight=400, stretch='normal', size='scalable')) = 10.05
DEBUG:matplotlib.font_manager:findfont: score(FontEntry(fname='/usr/share/fonts/truetype/Sarai/Sarai.ttf', name='Sarai', style='normal', variant='normal', weight=400, stretch='normal', size='scalable')) = 10.05
DEBUG:matplotlib.font_manager:findfont: score(FontEntry(fname='/usr/share/fonts/truetype/Navilu/Navilu.ttf', name='Navilu', style='normal', variant='normal', weight=400, stretch='normal', size='scalable')) = 10.05
DEBUG:matplotlib.font_manager:findfont: score(FontEntry(fname='/usr/share/fonts/truetype/tlwg/Norasi-Bold.ttf', name='Norasi', style='normal', variant='normal', weight=700, stretch='normal', size='scalable')) = 10.335
DEBUG:matplotlib.font_manager:findfont: score(FontEntry(fname='/usr/share/fonts/truetype/malayalam/Rachana-Regular.ttf', name='Rachana', style='normal', variant='normal', weight=400, stretch='normal', size='scalable')) = 10.05
DEBUG:matplotlib.font_manager:findfont: score(FontEntry(fname='/usr/share/fonts/truetype/fonts-gujr-extra/Rekha.ttf', name='Rekha', style='normal', variant='normal', weight=500, stretch='normal', size='scalable')) = 10.145
DEBUG:matplotlib.font_manager:findfont: score(FontEntry(fname='/usr/share/fonts/truetype/tlwg/TlwgTypo.ttf', name='Tlwg Typo', style='normal', variant='normal', weight=400, stretch='normal', size='scalable')) = 10.05
DEBUG:matplotlib.font_manager:findfont: score(FontEntry(fname='/usr/share/fonts/opentype/urw-base35/C059-Roman.otf', name='C059', style='normal', variant='normal', weight=400, stretch='normal', size='scalable')) = 10.05
DEBUG:matplotlib.font_manager:findfont: score(FontEntry(fname='/usr/share/fonts/opentype/noto/NotoSansCJK-Regular.ttc', name='Noto Sans CJK JP', style='normal', variant='normal', weight=400, stretch='normal', size='scalable')) = 10.05
DEBUG:matplotlib.font_manager:findfont: score(FontEntry(fname='/usr/share/fonts/truetype/fonts-deva-extra/kalimati.ttf', name='Kalimati', style='normal', variant='normal', weight=400, stretch='normal', size='scalable')) = 10.05
DEBUG:matplotlib.font_manager:findfont: score(FontEntry(fname='/usr/share/fonts/truetype/liberation2/LiberationSans-Italic.ttf', name='Liberation Sans', style='italic', variant='normal', weight=400, stretch='normal', size='scalable')) = 11.05
DEBUG:matplotlib.font_manager:findfont: score(FontEntry(fname='/usr/share/fonts/truetype/fonts-deva-extra/samanata.ttf', name='Samanata', style='normal', variant='normal', weight=400, stretch='normal', size='scalable')) = 10.05
DEBUG:matplotlib.font_manager:findfont: score(FontEntry(fname='/usr/share/fonts/truetype/ttf-khmeros-core/KhmerOS.ttf', name='Khmer OS', style='normal', variant='normal', weight=400, stretch='normal', size='scalable')) = 10.05
DEBUG:matplotlib.font_manager:findfont: score(FontEntry(fname='/usr/share/fonts/truetype/fonts-yrsa-rasa/Yrsa-BoldItalic.ttf', name='Yrsa', style='italic', variant='normal', weight=700, stretch='normal', size='scalable')) = 11.335
DEBUG:matplotlib.font_manager:findfont: score(FontEntry(fname='/usr/share/fonts/truetype/kacst/KacstTitleL.ttf', name='KacstTitleL', style='normal', variant='normal', weight=400, stretch='normal', size='scalable')) = 10.05
DEBUG:matplotlib.font_manager:findfont: score(FontEntry(fname='/usr/share/fonts/truetype/tlwg/Norasi-BoldItalic.ttf', name='Norasi', style='italic', variant='normal', weight=700, stretch='normal', size='scalable')) = 11.335
DEBUG:matplotlib.font_manager:findfont: score(FontEntry(fname='/usr/share/fonts/truetype/teluguvijayam/NATS.ttf', name='NATS', style='normal', variant='normal', weight=400, stretch='normal', size='scalable')) = 10.05
DEBUG:matplotlib.font_manager:findfont: score(FontEntry(fname='/usr/share/fonts/truetype/tlwg/TlwgTypo-BoldOblique.ttf', name='Tlwg Typo', style='oblique', variant='normal', weight=700, stretch='normal', size='scalable')) = 11.335
DEBUG:matplotlib.font_manager:findfont: score(FontEntry(fname='/usr/share/fonts/truetype/lao/Phetsarath_OT.ttf', name='Phetsarath OT', style='normal', variant='normal', weight=400, stretch='normal', size='scalable')) = 10.05
DEBUG:matplotlib.font_manager:findfont: score(FontEntry(fname='/usr/share/fonts/truetype/ubuntu/Ubuntu-B.ttf', name='Ubuntu', style='normal', variant='normal', weight=700, stretch='normal', size='scalable')) = 10.335
DEBUG:matplotlib.font_manager:findfont: score(FontEntry(fname='/usr/share/fonts/truetype/teluguvijayam/LakkiReddy.ttf', name='LakkiReddy', style='normal', variant='normal', weight=400, stretch='normal', size='scalable')) = 10.05
DEBUG:matplotlib.font_manager:findfont: score(FontEntry(fname='/usr/share/fonts/truetype/fonts-yrsa-rasa/Yrsa-SemiBoldItalic.ttf', name='Yrsa', style='italic', variant='normal', weight=600, stretch='normal', size='scalable')) = 11.24
DEBUG:matplotlib.font_manager:findfont: score(FontEntry(fname='/usr/share/fonts/truetype/samyak-fonts/Samyak-Malayalam.ttf', name='Samyak Malayalam', style='normal', variant='normal', weight=400, stretch='normal', size='scalable')) = 10.05
DEBUG:matplotlib.font_manager:findfont: score(FontEntry(fname='/usr/share/fonts/truetype/fonts-telu-extra/Pothana2000.ttf', name='Pothana2000', style='normal', variant='normal', weight=400, stretch='normal', size='scalable')) = 10.05
DEBUG:matplotlib.font_manager:findfont: score(FontEntry(fname='/usr/share/fonts/truetype/dejavu/DejaVuSerif-Bold.ttf', name='DejaVu Serif', style='normal', variant='normal', weight=700, stretch='normal', size='scalable')) = 10.335
DEBUG:matplotlib.font_manager:findfont: score(FontEntry(fname='/usr/share/fonts/truetype/tlwg/Laksaman-Bold.ttf', name='Laksaman', style='normal', variant='normal', weight=700, stretch='normal', size='scalable')) = 10.335
DEBUG:matplotlib.font_manager:findfont: score(FontEntry(fname='/usr/share/fonts/truetype/liberation2/LiberationSerif-Italic.ttf', name='Liberation Serif', style='italic', variant='normal', weight=400, stretch='normal', size='scalable')) = 11.05
DEBUG:matplotlib.font_manager:findfont: score(FontEntry(fname='/usr/share/fonts/opentype/urw-base35/NimbusRoman-Italic.otf', name='Nimbus Roman', style='italic', variant='normal', weight=400, stretch='normal', size='scalable')) = 11.05
DEBUG:matplotlib.font_manager:findfont: score(FontEntry(fname='/usr/share/fonts/truetype/fonts-kalapi/Kalapi.ttf', name='Kalapi', style='normal', variant='normal', weight=400, stretch='normal', size='scalable')) = 10.05
DEBUG:matplotlib.font_manager:findfont: score(FontEntry(fname='/usr/share/fonts/truetype/lohit-assamese/Lohit-Assamese.ttf', name='Lohit Assamese', style='normal', variant='normal', weight=400, stretch='normal', size='scalable')) = 10.05
DEBUG:matplotlib.font_manager:findfont: score(FontEntry(fname='/usr/share/fonts/truetype/Sahadeva/sahadeva.ttf', name='Sahadeva', style='normal', variant='normal', weight=400, stretch='normal', size='scalable')) = 10.05
DEBUG:matplotlib.font_manager:findfont: score(FontEntry(fname='/usr/share/fonts/truetype/malayalam/Uroob-Regular.ttf', name='Uroob', style='normal', variant='normal', weight=400, stretch='normal', size='scalable')) = 10.05
DEBUG:matplotlib.font_manager:findfont: score(FontEntry(fname='/usr/share/fonts/opentype/urw-base35/URWBookman-Demi.otf', name='URW Bookman', style='normal', variant='normal', weight=600, stretch='normal', size='scalable')) = 10.24
DEBUG:matplotlib.font_manager:findfont: score(FontEntry(fname='/usr/share/fonts/truetype/freefont/FreeSerif.ttf', name='FreeSerif', style='normal', variant='normal', weight=400, stretch='normal', size='scalable')) = 10.05
DEBUG:matplotlib.font_manager:findfont: score(FontEntry(fname='/usr/share/fonts/truetype/fonts-beng-extra/Ani.ttf', name='Ani', style='normal', variant='normal', weight=400, stretch='normal', size='scalable')) = 10.05
DEBUG:matplotlib.font_manager:findfont: score(FontEntry(fname='/usr/share/fonts/truetype/tlwg/Garuda-BoldOblique.ttf', name='Garuda', style='oblique', variant='normal', weight=700, stretch='normal', size='scalable')) = 11.335
DEBUG:matplotlib.font_manager:findfont: score(FontEntry(fname='/usr/share/fonts/truetype/tlwg/TlwgTypewriter.ttf', name='Tlwg Typewriter', style='normal', variant='normal', weight=400, stretch='normal', size='scalable')) = 10.05
DEBUG:matplotlib.font_manager:findfont: score(FontEntry(fname='/usr/share/fonts/truetype/tlwg/Garuda-Oblique.ttf', name='Garuda', style='oblique', variant='normal', weight=400, stretch='normal', size='scalable')) = 11.05
DEBUG:matplotlib.font_manager:findfont: score(FontEntry(fname='/usr/share/fonts/truetype/kacst/KacstNaskh.ttf', name='KacstNaskh', style='normal', variant='normal', weight=500, stretch='normal', size='scalable')) = 10.145
DEBUG:matplotlib.font_manager:findfont: score(FontEntry(fname='/usr/share/fonts/truetype/fonts-deva-extra/chandas1-2.ttf', name='Chandas', style='normal', variant='normal', weight=400, stretch='normal', size='scalable')) = 10.05
DEBUG:matplotlib.font_manager:findfont: score(FontEntry(fname='/usr/share/fonts/truetype/tlwg/Purisa-Oblique.ttf', name='Purisa', style='oblique', variant='normal', weight=400, stretch='normal', size='scalable')) = 11.05
DEBUG:matplotlib.font_manager:findfont: score(FontEntry(fname='/usr/share/fonts/truetype/liberation/LiberationSerif-Bold.ttf', name='Liberation Serif', style='normal', variant='normal', weight=700, stretch='normal', size='scalable')) = 10.335
DEBUG:matplotlib.font_manager:findfont: score(FontEntry(fname='/usr/share/fonts/opentype/urw-base35/NimbusSansNarrow-Bold.otf', name='Nimbus Sans Narrow', style='normal', variant='normal', weight=700, stretch='condensed', size='scalable')) = 10.535
DEBUG:matplotlib.font_manager:findfont: score(FontEntry(fname='/usr/share/fonts/truetype/ubuntu/Ubuntu-MI.ttf', name='Ubuntu', style='italic', variant='normal', weight=500, stretch='normal', size='scalable')) = 11.145
DEBUG:matplotlib.font_manager:findfont: score(FontEntry(fname='/usr/share/fonts/truetype/malayalam/Meera-Regular.ttf', name='Meera', style='normal', variant='normal', weight=400, stretch='normal', size='scalable')) = 10.05
DEBUG:matplotlib.font_manager:findfont: score(FontEntry(fname='/usr/share/fonts/truetype/kacst/KacstPen.ttf', name='KacstPen', style='normal', variant='normal', weight=500, stretch='normal', size='scalable')) = 10.145
DEBUG:matplotlib.font_manager:findfont: score(FontEntry(fname='/usr/share/fonts/truetype/freefont/FreeSerifBoldItalic.ttf', name='FreeSerif', style='italic', variant='normal', weight=700, stretch='normal', size='scalable')) = 11.335
DEBUG:matplotlib.font_manager:findfont: score(FontEntry(fname='/usr/share/fonts/truetype/tlwg/Kinnari-Italic.ttf', name='Kinnari', style='italic', variant='normal', weight=400, stretch='normal', size='scalable')) = 11.05
DEBUG:matplotlib.font_manager:findfont: score(FontEntry(fname='/usr/share/fonts/opentype/urw-base35/URWGothic-BookOblique.otf', name='URW Gothic', style='oblique', variant='normal', weight=400, stretch='normal', size='scalable')) = 11.05
DEBUG:matplotlib.font_manager:findfont: score(FontEntry(fname='/usr/share/fonts/truetype/tlwg/Umpush.ttf', name='Umpush', style='normal', variant='normal', weight=400, stretch='normal', size='scalable')) = 10.05
DEBUG:matplotlib.font_manager:findfont: score(FontEntry(fname='/usr/share/fonts/truetype/teluguvijayam/NTR.ttf', name='NTR', style='normal', variant='normal', weight=400, stretch='normal', size='scalable')) = 10.05
DEBUG:matplotlib.font_manager:findfont: score(FontEntry(fname='/usr/share/fonts/truetype/tlwg/Waree-Oblique.ttf', name='Waree', style='oblique', variant='normal', weight=400, stretch='normal', size='scalable')) = 11.05
DEBUG:matplotlib.font_manager:findfont: score(FontEntry(fname='/usr/share/fonts/truetype/fonts-yrsa-rasa/Rasa-Light.ttf', name='Rasa', style='normal', variant='normal', weight=300, stretch='normal', size='scalable')) = 10.145
DEBUG:matplotlib.font_manager:findfont: score(FontEntry(fname='/usr/share/fonts/truetype/kacst/KacstPoster.ttf', name='KacstPoster', style='normal', variant='normal', weight=500, stretch='normal', size='scalable')) = 10.145
DEBUG:matplotlib.font_manager:findfont: score(FontEntry(fname='/usr/share/fonts/truetype/liberation/LiberationMono-Bold.ttf', name='Liberation Mono', style='normal', variant='normal', weight=700, stretch='normal', size='scalable')) = 10.335
DEBUG:matplotlib.font_manager:findfont: score(FontEntry(fname='/usr/share/fonts/truetype/tlwg/TlwgTypist-Oblique.ttf', name='Tlwg Typist', style='oblique', variant='normal', weight=400, stretch='normal', size='scalable')) = 11.05
DEBUG:matplotlib.font_manager:findfont: score(FontEntry(fname='/usr/share/fonts/truetype/teluguvijayam/Suravaram.ttf', name='Suravaram', style='normal', variant='normal', weight=400, stretch='normal', size='scalable')) = 10.05
DEBUG:matplotlib.font_manager:findfont: score(FontEntry(fname='/usr/share/fonts/truetype/ubuntu/Ubuntu-R.ttf', name='Ubuntu', style='normal', variant='normal', weight=400, stretch='normal', size='scalable')) = 10.05
DEBUG:matplotlib.font_manager:findfont: score(FontEntry(fname='/usr/share/fonts/truetype/tlwg/TlwgTypewriter-Bold.ttf', name='Tlwg Typewriter', style='normal', variant='normal', weight=700, stretch='normal', size='scalable')) = 10.335
DEBUG:matplotlib.font_manager:findfont: score(FontEntry(fname='/usr/share/fonts/truetype/kacst/KacstDecorative.ttf', name='KacstDecorative', style='normal', variant='normal', weight=500, stretch='normal', size='scalable')) = 10.145
DEBUG:matplotlib.font_manager:findfont: score(FontEntry(fname='/usr/share/fonts/truetype/tlwg/TlwgTypo-Oblique.ttf', name='Tlwg Typo', style='oblique', variant='normal', weight=400, stretch='normal', size='scalable')) = 11.05
DEBUG:matplotlib.font_manager:findfont: score(FontEntry(fname='/usr/share/fonts/truetype/dejavu/DejaVuSansMono-Bold.ttf', name='DejaVu Sans Mono', style='normal', variant='normal', weight=700, stretch='normal', size='scalable')) = 10.335
DEBUG:matplotlib.font_manager:findfont: score(FontEntry(fname='/usr/share/fonts/truetype/teluguvijayam/Ramaraja-Regular.ttf', name='Ramaraja', style='normal', variant='normal', weight=400, stretch='normal', size='scalable')) = 10.05
DEBUG:matplotlib.font_manager:findfont: score(FontEntry(fname='/usr/share/fonts/truetype/abyssinica/AbyssinicaSIL-Regular.ttf', name='Abyssinica SIL', style='normal', variant='normal', weight=400, stretch='normal', size='scalable')) = 10.05
DEBUG:matplotlib.font_manager:findfont: score(FontEntry(fname='/usr/share/fonts/truetype/freefont/FreeSansBoldOblique.ttf', name='FreeSans', style='oblique', variant='normal', weight=600, stretch='normal', size='scalable')) = 11.24
DEBUG:matplotlib.font_manager:findfont: score(FontEntry(fname='/usr/share/fonts/truetype/dejavu/DejaVuSansMono.ttf', name='DejaVu Sans Mono', style='normal', variant='normal', weight=400, stretch='normal', size='scalable')) = 10.05
DEBUG:matplotlib.font_manager:findfont: score(FontEntry(fname='/usr/share/fonts/truetype/tlwg/Umpush-Bold.ttf', name='Umpush', style='normal', variant='normal', weight=700, stretch='normal', size='scalable')) = 10.335
DEBUG:matplotlib.font_manager:findfont: score(FontEntry(fname='/usr/share/fonts/truetype/kacst/KacstScreen.ttf', name='KacstScreen', style='normal', variant='normal', weight=500, stretch='normal', size='scalable')) = 10.145
DEBUG:matplotlib.font_manager:findfont: score(FontEntry(fname='/usr/share/fonts/opentype/urw-base35/NimbusSans-Italic.otf', name='Nimbus Sans', style='italic', variant='normal', weight=400, stretch='normal', size='scalable')) = 11.05
DEBUG:matplotlib.font_manager:findfont: score(FontEntry(fname='/usr/share/fonts/truetype/noto/NotoSansMono-Regular.ttf', name='Noto Sans Mono', style='normal', variant='normal', weight=400, stretch='normal', size='scalable')) = 10.05
DEBUG:matplotlib.font_manager:findfont: score(FontEntry(fname='/usr/share/fonts/truetype/dejavu/DejaVuSans.ttf', name='DejaVu Sans', style='normal', variant='normal', weight=400, stretch='normal', size='scalable')) = 0.05
DEBUG:matplotlib.font_manager:findfont: score(FontEntry(fname='/usr/share/fonts/opentype/malayalam/Gayathri-Thin.otf', name='Gayathri', style='normal', variant='normal', weight=100, stretch='normal', size='scalable')) = 10.335
DEBUG:matplotlib.font_manager:findfont: score(FontEntry(fname='/usr/share/fonts/truetype/liberation/LiberationSerif-Italic.ttf', name='Liberation Serif', style='italic', variant='normal', weight=400, stretch='normal', size='scalable')) = 11.05
DEBUG:matplotlib.font_manager:findfont: score(FontEntry(fname='/usr/share/fonts/truetype/kacst-one/KacstOne-Bold.ttf', name='KacstOne', style='normal', variant='normal', weight=700, stretch='normal', size='scalable')) = 10.335
DEBUG:matplotlib.font_manager:findfont: score(FontEntry(fname='/usr/share/fonts/truetype/fonts-gujr-extra/padmaa-Medium-0.5.ttf', name='padmaa', style='normal', variant='normal', weight=500, stretch='normal', size='scalable')) = 10.145
DEBUG:matplotlib.font_manager:findfont: score(FontEntry(fname='/usr/share/fonts/truetype/tlwg/Sawasdee.ttf', name='Sawasdee', style='normal', variant='normal', weight=400, stretch='normal', size='scalable')) = 10.05
DEBUG:matplotlib.font_manager:findfont: score(FontEntry(fname='/usr/share/fonts/opentype/urw-base35/NimbusSans-Bold.otf', name='Nimbus Sans', style='normal', variant='normal', weight=700, stretch='normal', size='scalable')) = 10.335
DEBUG:matplotlib.font_manager:findfont: score(FontEntry(fname='/usr/share/fonts/opentype/urw-base35/NimbusRoman-BoldItalic.otf', name='Nimbus Roman', style='italic', variant='normal', weight=700, stretch='normal', size='scalable')) = 11.335
DEBUG:matplotlib.font_manager:findfont: score(FontEntry(fname='/usr/share/fonts/truetype/fonts-beng-extra/LikhanNormal.ttf', name='Likhan', style='normal', variant='normal', weight=500, stretch='normal', size='scalable')) = 10.145
DEBUG:matplotlib.font_manager:findfont: score(FontEntry(fname='/usr/share/fonts/opentype/urw-base35/URWGothic-Book.otf', name='URW Gothic', style='normal', variant='normal', weight=400, stretch='normal', size='scalable')) = 10.05
DEBUG:matplotlib.font_manager:findfont: score(FontEntry(fname='/usr/share/fonts/truetype/fonts-gujr-extra/padmaa.ttf', name='padmaa', style='normal', variant='normal', weight=500, stretch='normal', size='scalable')) = 10.145
DEBUG:matplotlib.font_manager:findfont: score(FontEntry(fname='/usr/share/fonts/truetype/tlwg/TlwgMono.ttf', name='Tlwg Mono', style='normal', variant='normal', weight=400, stretch='normal', size='scalable')) = 10.05
DEBUG:matplotlib.font_manager:findfont: score(FontEntry(fname='/usr/share/fonts/truetype/teluguvijayam/mallanna.ttf', name='Mallanna', style='normal', variant='normal', weight=400, stretch='normal', size='scalable')) = 10.05
DEBUG:matplotlib.font_manager:findfont: score(FontEntry(fname='/usr/share/fonts/truetype/teluguvijayam/dhurjati.ttf', name='Dhurjati', style='normal', variant='normal', weight=400, stretch='normal', size='scalable')) = 10.05
DEBUG:matplotlib.font_manager:findfont: score(FontEntry(fname='/usr/share/fonts/opentype/urw-base35/StandardSymbolsPS.otf', name='Standard Symbols PS', style='normal', variant='normal', weight=400, stretch='normal', size='scalable')) = 10.05
DEBUG:matplotlib.font_manager:findfont: score(FontEntry(fname='/usr/share/fonts/truetype/dejavu/DejaVuSans-Bold.ttf', name='DejaVu Sans', style='normal', variant='normal', weight=700, stretch='normal', size='scalable')) = 0.33499999999999996
DEBUG:matplotlib.font_manager:findfont: score(FontEntry(fname='/usr/share/fonts/truetype/tibetan-machine/TibetanMachineUni.ttf', name='Tibetan Machine Uni', style='normal', variant='normal', weight=400, stretch='normal', size='scalable')) = 10.05
DEBUG:matplotlib.font_manager:findfont: score(FontEntry(fname='/usr/share/fonts/truetype/fonts-yrsa-rasa/Yrsa-LightItalic.ttf', name='Yrsa', style='italic', variant='normal', weight=300, stretch='normal', size='scalable')) = 11.145
DEBUG:matplotlib.font_manager:findfont: score(FontEntry(fname='/usr/share/fonts/truetype/tlwg/Kinnari-BoldItalic.ttf', name='Kinnari', style='italic', variant='normal', weight=700, stretch='normal', size='scalable')) = 11.335
DEBUG:matplotlib.font_manager:findfont: score(FontEntry(fname='/usr/share/fonts/truetype/libreoffice/opens___.ttf', name='OpenSymbol', style='normal', variant='normal', weight=400, stretch='normal', size='scalable')) = 10.05
DEBUG:matplotlib.font_manager:findfont: score(FontEntry(fname='/usr/share/fonts/truetype/teluguvijayam/TenaliRamakrishna-Regular.ttf', name='TenaliRamakrishna', style='normal', variant='normal', weight=400, stretch='normal', size='scalable')) = 10.05
DEBUG:matplotlib.font_manager:findfont: score(FontEntry(fname='/usr/share/fonts/truetype/tlwg/Laksaman.ttf', name='Laksaman', style='normal', variant='normal', weight=400, stretch='normal', size='scalable')) = 10.05
DEBUG:matplotlib.font_manager:findfont: score(FontEntry(fname='/usr/share/fonts/truetype/teluguvijayam/PottiSreeramulu.ttf', name='Potti Sreeramulu', style='normal', variant='normal', weight=400, stretch='normal', size='scalable')) = 10.05
DEBUG:matplotlib.font_manager:findfont: score(FontEntry(fname='/usr/share/fonts/truetype/sinhala/lklug.ttf', name='LKLUG', style='normal', variant='normal', weight=400, stretch='normal', size='scalable')) = 10.05
DEBUG:matplotlib.font_manager:findfont: score(FontEntry(fname='/usr/share/fonts/truetype/tlwg/TlwgTypewriter-BoldOblique.ttf', name='Tlwg Typewriter', style='oblique', variant='normal', weight=700, stretch='normal', size='scalable')) = 11.335
DEBUG:matplotlib.font_manager:findfont: score(FontEntry(fname='/usr/share/fonts/truetype/malayalam/RaghuMalayalamSans-Regular.ttf', name='RaghuMalayalamSans', style='normal', variant='normal', weight=400, stretch='normal', size='scalable')) = 10.05
DEBUG:matplotlib.font_manager:findfont: score(FontEntry(fname='/usr/share/fonts/truetype/samyak/Samyak-Devanagari.ttf', name='Samyak Devanagari', style='normal', variant='normal', weight=500, stretch='normal', size='scalable')) = 10.145
DEBUG:matplotlib.font_manager:findfont: score(FontEntry(fname='/usr/share/fonts/truetype/tlwg/Umpush-Light.ttf', name='Umpush', style='normal', variant='normal', weight=300, stretch='normal', size='scalable')) = 10.145
DEBUG:matplotlib.font_manager:findfont: score(FontEntry(fname='/usr/share/fonts/truetype/noto/NotoMono-Regular.ttf', name='Noto Mono', style='normal', variant='normal', weight=400, stretch='normal', size='scalable')) = 10.05
DEBUG:matplotlib.font_manager:findfont: score(FontEntry(fname='/usr/share/fonts/truetype/teluguvijayam/suranna.ttf', name='Suranna', style='normal', variant='normal', weight=400, stretch='normal', size='scalable')) = 10.05
DEBUG:matplotlib.font_manager:findfont: score(FontEntry(fname='/usr/share/fonts/opentype/urw-base35/NimbusMonoPS-BoldItalic.otf', name='Nimbus Mono PS', style='italic', variant='normal', weight=700, stretch='normal', size='scalable')) = 11.335
DEBUG:matplotlib.font_manager:findfont: score(FontEntry(fname='/usr/share/fonts/opentype/urw-base35/NimbusRoman-Regular.otf', name='Nimbus Roman', style='normal', variant='normal', weight=400, stretch='normal', size='scalable')) = 10.05
DEBUG:matplotlib.font_manager:findfont: score(FontEntry(fname='/usr/share/fonts/truetype/lohit-oriya/Lohit-Odia.ttf', name='Lohit Odia', style='normal', variant='normal', weight=400, stretch='normal', size='scalable')) = 10.05
DEBUG:matplotlib.font_manager:findfont: score(FontEntry(fname='/usr/share/fonts/truetype/tlwg/Norasi-Oblique.ttf', name='Norasi', style='oblique', variant='normal', weight=400, stretch='normal', size='scalable')) = 11.05
DEBUG:matplotlib.font_manager:findfont: score(FontEntry(fname='/usr/share/fonts/truetype/lohit-gujarati/Lohit-Gujarati.ttf', name='Lohit Gujarati', style='normal', variant='normal', weight=400, stretch='normal', size='scalable')) = 10.05
DEBUG:matplotlib.font_manager:findfont: score(FontEntry(fname='/usr/share/fonts/truetype/tlwg/TlwgMono-Oblique.ttf', name='Tlwg Mono', style='oblique', variant='normal', weight=400, stretch='normal', size='scalable')) = 11.05
DEBUG:matplotlib.font_manager:findfont: score(FontEntry(fname='/usr/share/fonts/truetype/tlwg/Waree-Bold.ttf', name='Waree', style='normal', variant='normal', weight=700, stretch='normal', size='scalable')) = 10.335
DEBUG:matplotlib.font_manager:findfont: score(FontEntry(fname='/usr/share/fonts/opentype/urw-base35/P052-BoldItalic.otf', name='P052', style='italic', variant='normal', weight=700, stretch='normal', size='scalable')) = 11.335
DEBUG:matplotlib.font_manager:findfont: score(FontEntry(fname='/usr/share/fonts/truetype/fonts-beng-extra/MitraMono.ttf', name='Mitra ', style='normal', variant='normal', weight=400, stretch='normal', size='scalable')) = 10.05
DEBUG:matplotlib.font_manager:findfont: score(FontEntry(fname='/usr/share/fonts/truetype/ubuntu/UbuntuMono-BI.ttf', name='Ubuntu Mono', style='italic', variant='normal', weight=700, stretch='normal', size='scalable')) = 11.335
DEBUG:matplotlib.font_manager:findfont: score(FontEntry(fname='/usr/share/fonts/truetype/teluguvijayam/SyamalaRamana.ttf', name='Syamala Ramana', style='normal', variant='normal', weight=400, stretch='normal', size='scalable')) = 10.05
DEBUG:matplotlib.font_manager:findfont: score(FontEntry(fname='/usr/share/fonts/opentype/urw-base35/Z003-MediumItalic.otf', name='Z003', style='italic', variant='normal', weight=500, stretch='normal', size='scalable')) = 11.145
DEBUG:matplotlib.font_manager:findfont: score(FontEntry(fname='/usr/share/fonts/opentype/malayalam/Gayathri-Regular.otf', name='Gayathri', style='normal', variant='normal', weight=400, stretch='normal', size='scalable')) = 10.05
DEBUG:matplotlib.font_manager:findfont: score(FontEntry(fname='/usr/share/fonts/truetype/tlwg/TlwgMono-Bold.ttf', name='Tlwg Mono', style='normal', variant='normal', weight=700, stretch='normal', size='scalable')) = 10.335
DEBUG:matplotlib.font_manager:findfont: score(FontEntry(fname='/usr/share/fonts/truetype/freefont/FreeMono.ttf', name='FreeMono', style='normal', variant='normal', weight=400, stretch='normal', size='scalable')) = 10.05
DEBUG:matplotlib.font_manager:findfont: score(FontEntry(fname='/usr/share/fonts/truetype/freefont/FreeSansBold.ttf', name='FreeSans', style='normal', variant='normal', weight=600, stretch='normal', size='scalable')) = 10.24
DEBUG:matplotlib.font_manager:findfont: score(FontEntry(fname='/usr/share/fonts/opentype/malayalam/Manjari-Bold.otf', name='Manjari', style='normal', variant='normal', weight=700, stretch='normal', size='scalable')) = 10.335
DEBUG:matplotlib.font_manager:findfont: score(FontEntry(fname='/usr/share/fonts/opentype/urw-base35/NimbusMonoPS-Italic.otf', name='Nimbus Mono PS', style='italic', variant='normal', weight=400, stretch='normal', size='scalable')) = 11.05
DEBUG:matplotlib.font_manager:findfont: score(FontEntry(fname='/usr/share/fonts/truetype/liberation/LiberationMono-Regular.ttf', name='Liberation Mono', style='normal', variant='normal', weight=400, stretch='normal', size='scalable')) = 10.05
DEBUG:matplotlib.font_manager:findfont: score(FontEntry(fname='/usr/share/fonts/truetype/teluguvijayam/Gurajada.ttf', name='Gurajada', style='normal', variant='normal', weight=400, stretch='normal', size='scalable')) = 10.05
DEBUG:matplotlib.font_manager:findfont: score(FontEntry(fname='/usr/share/fonts/truetype/tlwg/Purisa-Bold.ttf', name='Purisa', style='normal', variant='normal', weight=700, stretch='normal', size='scalable')) = 10.335
DEBUG:matplotlib.font_manager:findfont: score(FontEntry(fname='/usr/share/fonts/truetype/dejavu/DejaVuSerif.ttf', name='DejaVu Serif', style='normal', variant='normal', weight=400, stretch='normal', size='scalable')) = 10.05
DEBUG:matplotlib.font_manager:findfont: score(FontEntry(fname='/usr/share/fonts/truetype/fonts-yrsa-rasa/Rasa-Bold.ttf', name='Rasa', style='normal', variant='normal', weight=700, stretch='normal', size='scalable')) = 10.335
DEBUG:matplotlib.font_manager:findfont: score(FontEntry(fname='/usr/share/fonts/truetype/tlwg/TlwgTypo-Bold.ttf', name='Tlwg Typo', style='normal', variant='normal', weight=700, stretch='normal', size='scalable')) = 10.335
DEBUG:matplotlib.font_manager:findfont: score(FontEntry(fname='/usr/share/fonts/truetype/lohit-bengali/Lohit-Bengali.ttf', name='Lohit Bengali', style='normal', variant='normal', weight=400, stretch='normal', size='scalable')) = 10.05
DEBUG:matplotlib.font_manager:findfont: score(FontEntry(fname='/usr/share/fonts/truetype/teluguvijayam/TimmanaRegular.ttf', name='Timmana', style='normal', variant='normal', weight=900, stretch='normal', size='scalable')) = 10.525
DEBUG:matplotlib.font_manager:findfont: score(FontEntry(fname='/usr/share/fonts/opentype/urw-base35/NimbusMonoPS-Bold.otf', name='Nimbus Mono PS', style='normal', variant='normal', weight=700, stretch='normal', size='scalable')) = 10.335
DEBUG:matplotlib.font_manager:findfont: score(FontEntry(fname='/usr/share/fonts/opentype/malayalam/Manjari-Thin.otf', name='Manjari', style='normal', variant='normal', weight=100, stretch='normal', size='scalable')) = 10.335
DEBUG:matplotlib.font_manager:findfont: score(FontEntry(fname='/usr/share/fonts/truetype/liberation/LiberationMono-BoldItalic.ttf', name='Liberation Mono', style='italic', variant='normal', weight=700, stretch='normal', size='scalable')) = 11.335
DEBUG:matplotlib.font_manager:findfont: score(FontEntry(fname='/usr/share/fonts/truetype/tlwg/Loma-Bold.ttf', name='Loma', style='normal', variant='normal', weight=700, stretch='normal', size='scalable')) = 10.335
DEBUG:matplotlib.font_manager:findfont: score(FontEntry(fname='/usr/share/fonts/truetype/fonts-yrsa-rasa/Rasa-Medium.ttf', name='Rasa', style='normal', variant='normal', weight=500, stretch='normal', size='scalable')) = 10.145
DEBUG:matplotlib.font_manager:findfont: score(FontEntry(fname='/usr/share/fonts/truetype/tlwg/Kinnari-BoldOblique.ttf', name='Kinnari', style='oblique', variant='normal', weight=700, stretch='normal', size='scalable')) = 11.335
DEBUG:matplotlib.font_manager:findfont: score(FontEntry(fname='/usr/share/fonts/truetype/liberation2/LiberationMono-Bold.ttf', name='Liberation Mono', style='normal', variant='normal', weight=700, stretch='normal', size='scalable')) = 10.335
DEBUG:matplotlib.font_manager:findfont: score(FontEntry(fname='/usr/share/fonts/truetype/ubuntu/UbuntuMono-RI.ttf', name='Ubuntu Mono', style='italic', variant='normal', weight=400, stretch='normal', size='scalable')) = 11.05
DEBUG:matplotlib.font_manager:findfont: score(FontEntry(fname='/usr/share/fonts/truetype/liberation/LiberationSerif-BoldItalic.ttf', name='Liberation Serif', style='italic', variant='normal', weight=700, stretch='normal', size='scalable')) = 11.335
DEBUG:matplotlib.font_manager:findfont: score(FontEntry(fname='/usr/share/fonts/truetype/droid/DroidSansFallbackFull.ttf', name='Droid Sans Fallback', style='normal', variant='normal', weight=400, stretch='normal', size='scalable')) = 10.05
DEBUG:matplotlib.font_manager:findfont: score(FontEntry(fname='/usr/share/fonts/truetype/Gargi/Gargi.ttf', name='Gargi', style='normal', variant='normal', weight=400, stretch='normal', size='scalable')) = 10.05
DEBUG:matplotlib.font_manager:findfont: score(FontEntry(fname='/usr/share/fonts/truetype/teluguvijayam/Gidugu.ttf', name='Gidugu', style='normal', variant='normal', weight=400, stretch='normal', size='scalable')) = 10.05
DEBUG:matplotlib.font_manager:findfont: score(FontEntry(fname='/usr/share/fonts/opentype/urw-base35/NimbusSans-BoldItalic.otf', name='Nimbus Sans', style='italic', variant='normal', weight=700, stretch='normal', size='scalable')) = 11.335
DEBUG:matplotlib.font_manager:findfont: score(FontEntry(fname='/usr/share/fonts/opentype/urw-base35/URWGothic-Demi.otf', name='URW Gothic', style='normal', variant='normal', weight=600, stretch='normal', size='scalable')) = 10.24
DEBUG:matplotlib.font_manager:findfont: score(FontEntry(fname='/usr/share/fonts/truetype/tlwg/Umpush-LightOblique.ttf', name='Umpush', style='oblique', variant='normal', weight=300, stretch='normal', size='scalable')) = 11.145
DEBUG:matplotlib.font_manager:findfont: score(FontEntry(fname='/usr/share/fonts/truetype/tlwg/TlwgTypewriter-Oblique.ttf', name='Tlwg Typewriter', style='oblique', variant='normal', weight=400, stretch='normal', size='scalable')) = 11.05
DEBUG:matplotlib.font_manager:findfont: score(FontEntry(fname='/usr/share/fonts/truetype/fonts-telu-extra/vemana2000.ttf', name='Vemana2000', style='normal', variant='normal', weight=400, stretch='normal', size='scalable')) = 10.05
DEBUG:matplotlib.font_manager:findfont: score(FontEntry(fname='/usr/share/fonts/truetype/tlwg/Kinnari-Bold.ttf', name='Kinnari', style='normal', variant='normal', weight=700, stretch='normal', size='scalable')) = 10.335
DEBUG:matplotlib.font_manager:findfont: score(FontEntry(fname='/usr/share/fonts/truetype/fonts-gujr-extra/padmaa-Bold.1.1.ttf', name='padmaa-Bold.1.1', style='normal', variant='normal', weight=700, stretch='normal', size='scalable')) = 10.335
DEBUG:matplotlib.font_manager:findfont: score(FontEntry(fname='/usr/share/fonts/truetype/liberation2/LiberationSans-Regular.ttf', name='Liberation Sans', style='normal', variant='normal', weight=400, stretch='normal', size='scalable')) = 10.05
DEBUG:matplotlib.font_manager:findfont: score(FontEntry(fname='/usr/share/fonts/truetype/ubuntu/Ubuntu-C.ttf', name='Ubuntu Condensed', style='normal', variant='normal', weight=400, stretch='condensed', size='scalable')) = 10.25
DEBUG:matplotlib.font_manager:findfont: score(FontEntry(fname='/usr/share/fonts/opentype/noto/NotoSansCJK-Bold.ttc', name='Noto Sans CJK JP', style='normal', variant='normal', weight=700, stretch='normal', size='scalable')) = 10.335
DEBUG:matplotlib.font_manager:findfont: score(FontEntry(fname='/usr/share/fonts/truetype/liberation/LiberationSans-BoldItalic.ttf', name='Liberation Sans', style='italic', variant='normal', weight=700, stretch='normal', size='scalable')) = 11.335
DEBUG:matplotlib.font_manager:findfont: score(FontEntry(fname='/usr/share/fonts/opentype/urw-base35/NimbusSansNarrow-Oblique.otf', name='Nimbus Sans Narrow', style='oblique', variant='normal', weight=400, stretch='condensed', size='scalable')) = 11.25
DEBUG:matplotlib.font_manager:findfont: score(FontEntry(fname='/usr/share/fonts/truetype/ubuntu/UbuntuMono-B.ttf', name='Ubuntu Mono', style='normal', variant='normal', weight=700, stretch='normal', size='scalable')) = 10.335
DEBUG:matplotlib.font_manager:findfont: score(FontEntry(fname='/usr/share/fonts/truetype/liberation/LiberationSansNarrow-BoldItalic.ttf', name='Liberation Sans Narrow', style='italic', variant='normal', weight=700, stretch='condensed', size='scalable')) = 11.535
DEBUG:matplotlib.font_manager:findfont: score(FontEntry(fname='/usr/share/fonts/truetype/fonts-gujr-extra/aakar-medium.ttf', name='aakar', style='normal', variant='normal', weight=500, stretch='normal', size='scalable')) = 10.145
DEBUG:matplotlib.font_manager:findfont: score(FontEntry(fname='/usr/share/fonts/truetype/Nakula/nakula.ttf', name='Nakula', style='normal', variant='normal', weight=400, stretch='normal', size='scalable')) = 10.05
DEBUG:matplotlib.font_manager:findfont: score(FontEntry(fname='/usr/share/fonts/opentype/urw-base35/C059-Italic.otf', name='C059', style='italic', variant='normal', weight=400, stretch='normal', size='scalable')) = 11.05
DEBUG:matplotlib.font_manager:findfont: score(FontEntry(fname='/usr/share/fonts/truetype/ubuntu/Ubuntu-LI.ttf', name='Ubuntu', style='italic', variant='normal', weight=300, stretch='normal', size='scalable')) = 11.145
DEBUG:matplotlib.font_manager:findfont: score(FontEntry(fname='/usr/share/fonts/truetype/tlwg/TlwgTypist-BoldOblique.ttf', name='Tlwg Typist', style='oblique', variant='normal', weight=700, stretch='normal', size='scalable')) = 11.335
DEBUG:matplotlib.font_manager:findfont: score(FontEntry(fname='/usr/share/fonts/truetype/teluguvijayam/Mandali-Regular.ttf', name='Mandali', style='normal', variant='normal', weight=400, stretch='normal', size='scalable')) = 10.05
DEBUG:matplotlib.font_manager:findfont: score(FontEntry(fname='/usr/share/fonts/opentype/urw-base35/C059-Bold.otf', name='C059', style='normal', variant='normal', weight=700, stretch='normal', size='scalable')) = 10.335
DEBUG:matplotlib.font_manager:findfont: score(FontEntry(fname='/usr/share/fonts/truetype/lohit-malayalam/Lohit-Malayalam.ttf', name='Lohit Malayalam', style='normal', variant='normal', weight=400, stretch='normal', size='scalable')) = 10.05
DEBUG:matplotlib.font_manager:findfont: score(FontEntry(fname='/usr/share/fonts/truetype/teluguvijayam/ramabhadra.ttf', name='Ramabhadra', style='normal', variant='normal', weight=400, stretch='normal', size='scalable')) = 10.05
DEBUG:matplotlib.font_manager:findfont: score(FontEntry(fname='/usr/share/fonts/truetype/freefont/FreeSerifBold.ttf', name='FreeSerif', style='normal', variant='normal', weight=700, stretch='normal', size='scalable')) = 10.335
DEBUG:matplotlib.font_manager:findfont: score(FontEntry(fname='/usr/share/fonts/truetype/fonts-yrsa-rasa/Yrsa-Italic.ttf', name='Yrsa', style='italic', variant='normal', weight=400, stretch='normal', size='scalable')) = 11.05
DEBUG:matplotlib.font_manager:findfont: score(FontEntry(fname='/usr/share/fonts/opentype/urw-base35/NimbusMonoPS-Regular.otf', name='Nimbus Mono PS', style='normal', variant='normal', weight=400, stretch='normal', size='scalable')) = 10.05
DEBUG:matplotlib.font_manager:findfont: score(FontEntry(fname='/usr/share/fonts/truetype/ubuntu/Ubuntu-Th.ttf', name='Ubuntu', style='normal', variant='normal', weight=250, stretch='normal', size='scalable')) = 10.1925
DEBUG:matplotlib.font_manager:findfont: score(FontEntry(fname='/usr/share/fonts/opentype/urw-base35/P052-Roman.otf', name='P052', style='normal', variant='normal', weight=400, stretch='normal', size='scalable')) = 10.05
DEBUG:matplotlib.font_manager:findfont: score(FontEntry(fname='/usr/share/fonts/truetype/samyak-fonts/Samyak-Tamil.ttf', name='Samyak Tamil', style='normal', variant='normal', weight=500, stretch='normal', size='scalable')) = 10.145
DEBUG:matplotlib.font_manager:findfont: score(FontEntry(fname='/usr/share/fonts/truetype/liberation/LiberationSans-Italic.ttf', name='Liberation Sans', style='italic', variant='normal', weight=400, stretch='normal', size='scalable')) = 11.05
DEBUG:matplotlib.font_manager:findfont: score(FontEntry(fname='/usr/share/fonts/truetype/tlwg/Sawasdee-BoldOblique.ttf', name='Sawasdee', style='oblique', variant='normal', weight=700, stretch='normal', size='scalable')) = 11.335
DEBUG:matplotlib.font_manager:findfont: score(FontEntry(fname='/usr/share/fonts/opentype/urw-base35/NimbusSans-Regular.otf', name='Nimbus Sans', style='normal', variant='normal', weight=400, stretch='normal', size='scalable')) = 10.05
DEBUG:matplotlib.font_manager:findfont: score(FontEntry(fname='/usr/share/fonts/truetype/tlwg/Garuda.ttf', name='Garuda', style='normal', variant='normal', weight=400, stretch='normal', size='scalable')) = 10.05
DEBUG:matplotlib.font_manager:findfont: score(FontEntry(fname='/usr/share/fonts/truetype/ubuntu/Ubuntu-M.ttf', name='Ubuntu', style='normal', variant='normal', weight=500, stretch='normal', size='scalable')) = 10.145
DEBUG:matplotlib.font_manager:findfont: score(FontEntry(fname='/usr/share/fonts/opentype/urw-base35/D050000L.otf', name='D050000L', style='normal', variant='normal', weight=400, stretch='normal', size='scalable')) = 10.05
DEBUG:matplotlib.font_manager:findfont: score(FontEntry(fname='/usr/share/fonts/truetype/pagul/Pagul.ttf', name='Pagul', style='normal', variant='normal', weight=400, stretch='normal', size='scalable')) = 10.05
DEBUG:matplotlib.font_manager:findfont: score(FontEntry(fname='/usr/share/fonts/truetype/fonts-beng-extra/Mukti.ttf', name='Mukti', style='normal', variant='normal', weight=500, stretch='normal', size='scalable')) = 10.145
DEBUG:matplotlib.font_manager:findfont: score(FontEntry(fname='/usr/share/fonts/truetype/kacst/KacstTitle.ttf', name='KacstTitle', style='normal', variant='normal', weight=500, stretch='normal', size='scalable')) = 10.145
DEBUG:matplotlib.font_manager:findfont: score(FontEntry(fname='/usr/share/fonts/opentype/urw-base35/C059-BdIta.otf', name='C059', style='italic', variant='normal', weight=700, stretch='normal', size='scalable')) = 11.335
DEBUG:matplotlib.font_manager:findfont: score(FontEntry(fname='/usr/share/fonts/truetype/tlwg/TlwgMono-BoldOblique.ttf', name='Tlwg Mono', style='oblique', variant='normal', weight=700, stretch='normal', size='scalable')) = 11.335
DEBUG:matplotlib.font_manager:findfont: score(FontEntry(fname='/usr/share/fonts/opentype/malayalam/Gayathri-Bold.otf', name='Gayathri', style='normal', variant='normal', weight=700, stretch='normal', size='scalable')) = 10.335
DEBUG:matplotlib.font_manager:findfont: score(FontEntry(fname='/usr/share/fonts/opentype/noto/NotoSerifCJK-Regular.ttc', name='Noto Serif CJK JP', style='normal', variant='normal', weight=400, stretch='normal', size='scalable')) = 10.05
DEBUG:matplotlib.font_manager:findfont: score(FontEntry(fname='/usr/share/fonts/truetype/liberation2/LiberationMono-Italic.ttf', name='Liberation Mono', style='italic', variant='normal', weight=400, stretch='normal', size='scalable')) = 11.05
DEBUG:matplotlib.font_manager:findfont: score(FontEntry(fname='/usr/share/fonts/truetype/kacst/KacstDigital.ttf', name='KacstDigital', style='normal', variant='normal', weight=500, stretch='normal', size='scalable')) = 10.145
DEBUG:matplotlib.font_manager:findfont: score(FontEntry(fname='/usr/share/fonts/truetype/kacst/KacstBook.ttf', name='KacstBook', style='normal', variant='normal', weight=500, stretch='normal', size='scalable')) = 10.145
DEBUG:matplotlib.font_manager:findfont: score(FontEntry(fname='/usr/share/fonts/truetype/tlwg/TlwgTypist.ttf', name='Tlwg Typist', style='normal', variant='normal', weight=400, stretch='normal', size='scalable')) = 10.05
DEBUG:matplotlib.font_manager:findfont: score(FontEntry(fname='/usr/share/fonts/truetype/ubuntu/Ubuntu-RI.ttf', name='Ubuntu', style='italic', variant='normal', weight=400, stretch='normal', size='scalable')) = 11.05
DEBUG:matplotlib.font_manager:findfont: score(FontEntry(fname='/usr/share/fonts/truetype/padauk/PadaukBook-Bold.ttf', name='Padauk Book', style='normal', variant='normal', weight=700, stretch='normal', size='scalable')) = 10.335
DEBUG:matplotlib.font_manager:findfont: score(FontEntry(fname='/usr/share/fonts/truetype/Gubbi/Gubbi.ttf', name='Gubbi', style='normal', variant='normal', weight=400, stretch='normal', size='scalable')) = 10.05
DEBUG:matplotlib.font_manager:findfont: score(FontEntry(fname='/usr/share/fonts/truetype/freefont/FreeSansOblique.ttf', name='FreeSans', style='oblique', variant='normal', weight=400, stretch='normal', size='scalable')) = 11.05
DEBUG:matplotlib.font_manager:findfont: score(FontEntry(fname='/usr/share/fonts/truetype/liberation2/LiberationSerif-Bold.ttf', name='Liberation Serif', style='normal', variant='normal', weight=700, stretch='normal', size='scalable')) = 10.335
DEBUG:matplotlib.font_manager:findfont: score(FontEntry(fname='/usr/share/fonts/truetype/fonts-orya-extra/utkal.ttf', name='ori1Uni', style='normal', variant='normal', weight=500, stretch='normal', size='scalable')) = 10.145
DEBUG:matplotlib.font_manager:findfont: score(FontEntry(fname='/usr/share/fonts/truetype/liberation2/LiberationSans-BoldItalic.ttf', name='Liberation Sans', style='italic', variant='normal', weight=700, stretch='normal', size='scalable')) = 11.335
DEBUG:matplotlib.font_manager:findfont: score(FontEntry(fname='/usr/share/fonts/truetype/malayalam/Suruma.ttf', name='Suruma', style='normal', variant='normal', weight=500, stretch='normal', size='scalable')) = 10.145
DEBUG:matplotlib.font_manager:findfont: score(FontEntry(fname='/usr/share/fonts/truetype/tlwg/Purisa.ttf', name='Purisa', style='normal', variant='normal', weight=400, stretch='normal', size='scalable')) = 10.05
DEBUG:matplotlib.font_manager:findfont: score(FontEntry(fname='/usr/share/fonts/truetype/kacst/mry_KacstQurn.ttf', name='mry_KacstQurn', style='normal', variant='normal', weight=400, stretch='normal', size='scalable')) = 10.05
DEBUG:matplotlib.font_manager:findfont: score(FontEntry(fname='/usr/share/fonts/truetype/tlwg/Norasi-BoldOblique.ttf', name='Norasi', style='oblique', variant='normal', weight=700, stretch='normal', size='scalable')) = 11.335
DEBUG:matplotlib.font_manager:findfont: score(FontEntry(fname='/usr/share/fonts/opentype/urw-base35/URWBookman-Light.otf', name='URW Bookman', style='normal', variant='normal', weight=300, stretch='normal', size='scalable')) = 10.145
DEBUG:matplotlib.font_manager:findfont: score(FontEntry(fname='/usr/share/fonts/truetype/tlwg/Sawasdee-Oblique.ttf', name='Sawasdee', style='oblique', variant='normal', weight=400, stretch='normal', size='scalable')) = 11.05
DEBUG:matplotlib.font_manager:findfont: score(FontEntry(fname='/usr/share/fonts/truetype/teluguvijayam/Peddana-Regular.ttf', name='Peddana', style='normal', variant='normal', weight=400, stretch='normal', size='scalable')) = 10.05
DEBUG:matplotlib.font_manager:findfont: score(FontEntry(fname='/usr/share/fonts/opentype/urw-base35/P052-Bold.otf', name='P052', style='normal', variant='normal', weight=700, stretch='normal', size='scalable')) = 10.335
DEBUG:matplotlib.font_manager:findfont: score(FontEntry(fname='/usr/share/fonts/truetype/kacst/KacstQurn.ttf', name='KacstQurn', style='normal', variant='normal', weight=400, stretch='normal', size='scalable')) = 10.05
DEBUG:matplotlib.font_manager:findfont: score(FontEntry(fname='/usr/share/fonts/truetype/tlwg/Umpush-Oblique.ttf', name='Umpush', style='oblique', variant='normal', weight=400, stretch='normal', size='scalable')) = 11.05
DEBUG:matplotlib.font_manager:findfont: score(FontEntry(fname='/usr/share/fonts/truetype/fonts-yrsa-rasa/Yrsa-Medium.ttf', name='Yrsa', style='normal', variant='normal', weight=500, stretch='normal', size='scalable')) = 10.145
DEBUG:matplotlib.font_manager:findfont: score(FontEntry(fname='/usr/share/fonts/opentype/urw-base35/NimbusRoman-Bold.otf', name='Nimbus Roman', style='normal', variant='normal', weight=700, stretch='normal', size='scalable')) = 10.335
DEBUG:matplotlib.font_manager:findfont: score(FontEntry(fname='/usr/share/fonts/truetype/tlwg/Loma-BoldOblique.ttf', name='Loma', style='oblique', variant='normal', weight=700, stretch='normal', size='scalable')) = 11.335
DEBUG:matplotlib.font_manager:findfont: score(FontEntry(fname='/usr/share/fonts/truetype/liberation/LiberationSansNarrow-Italic.ttf', name='Liberation Sans Narrow', style='italic', variant='normal', weight=400, stretch='condensed', size='scalable')) = 11.25
DEBUG:matplotlib.font_manager:findfont: score(FontEntry(fname='/usr/share/fonts/truetype/freefont/FreeMonoBold.ttf', name='FreeMono', style='normal', variant='normal', weight=700, stretch='normal', size='scalable')) = 10.335
DEBUG:matplotlib.font_manager:findfont: score(FontEntry(fname='/usr/share/fonts/opentype/malayalam/Manjari-Regular.otf', name='Manjari', style='normal', variant='normal', weight=400, stretch='normal', size='scalable')) = 10.05
DEBUG:matplotlib.font_manager:findfont: score(FontEntry(fname='/usr/share/fonts/opentype/urw-base35/P052-Italic.otf', name='P052', style='italic', variant='normal', weight=400, stretch='normal', size='scalable')) = 11.05
DEBUG:matplotlib.font_manager:findfont: score(FontEntry(fname='/usr/share/fonts/truetype/kacst/KacstOffice.ttf', name='KacstOffice', style='normal', variant='normal', weight=500, stretch='normal', size='scalable')) = 10.145
DEBUG:matplotlib.font_manager:findfont: score(FontEntry(fname='/usr/share/fonts/truetype/noto/NotoSansMono-Bold.ttf', name='Noto Sans Mono', style='normal', variant='normal', weight=700, stretch='normal', size='scalable')) = 10.335
DEBUG:matplotlib.font_manager:findfont: score(FontEntry(fname='/usr/share/fonts/truetype/tlwg/Garuda-Bold.ttf', name='Garuda', style='normal', variant='normal', weight=700, stretch='normal', size='scalable')) = 10.335
DEBUG:matplotlib.font_manager:findfont: score(FontEntry(fname='/usr/share/fonts/truetype/liberation/LiberationSans-Bold.ttf', name='Liberation Sans', style='normal', variant='normal', weight=700, stretch='normal', size='scalable')) = 10.335
DEBUG:matplotlib.font_manager:findfont: score(FontEntry(fname='/usr/share/fonts/truetype/kacst-one/KacstOne.ttf', name='KacstOne', style='normal', variant='normal', weight=400, stretch='normal', size='scalable')) = 10.05
DEBUG:matplotlib.font_manager:findfont: score(FontEntry(fname='/usr/share/fonts/truetype/liberation/LiberationMono-Italic.ttf', name='Liberation Mono', style='italic', variant='normal', weight=400, stretch='normal', size='scalable')) = 11.05
DEBUG:matplotlib.font_manager:findfont: score(FontEntry(fname='/usr/share/fonts/truetype/teluguvijayam/SreeKrushnadevaraya.ttf', name='Sree Krushnadevaraya', style='normal', variant='normal', weight=400, stretch='normal', size='scalable')) = 10.05
DEBUG:matplotlib.font_manager:findfont: score(FontEntry(fname='/usr/share/fonts/truetype/tlwg/Purisa-BoldOblique.ttf', name='Purisa', style='oblique', variant='normal', weight=700, stretch='normal', size='scalable')) = 11.335
DEBUG:matplotlib.font_manager:findfont: score(FontEntry(fname='/usr/share/fonts/truetype/fonts-yrsa-rasa/Yrsa-MediumItalic.ttf', name='Yrsa', style='italic', variant='normal', weight=500, stretch='normal', size='scalable')) = 11.145
DEBUG:matplotlib.font_manager:findfont: score(FontEntry(fname='/usr/share/fonts/opentype/noto/NotoSerifCJK-Bold.ttc', name='Noto Serif CJK JP', style='normal', variant='normal', weight=700, stretch='normal', size='scalable')) = 10.335
DEBUG:matplotlib.font_manager:findfont: score(FontEntry(fname='/usr/share/fonts/truetype/liberation2/LiberationSerif-Regular.ttf', name='Liberation Serif', style='normal', variant='normal', weight=400, stretch='normal', size='scalable')) = 10.05
DEBUG:matplotlib.font_manager:findfont: score(FontEntry(fname='/usr/share/fonts/truetype/liberation2/LiberationMono-BoldItalic.ttf', name='Liberation Mono', style='italic', variant='normal', weight=700, stretch='normal', size='scalable')) = 11.335
DEBUG:matplotlib.font_manager:findfont: score(FontEntry(fname='/usr/share/fonts/truetype/tlwg/Loma-Oblique.ttf', name='Loma', style='oblique', variant='normal', weight=400, stretch='normal', size='scalable')) = 11.05
DEBUG:matplotlib.font_manager:findfont: score(FontEntry(fname='/usr/share/fonts/truetype/ttf-khmeros-core/KhmerOSsys.ttf', name='Khmer OS System', style='normal', variant='normal', weight=400, stretch='normal', size='scalable')) = 10.05
DEBUG:matplotlib.font_manager:findfont: score(FontEntry(fname='/usr/share/fonts/truetype/liberation2/LiberationMono-Regular.ttf', name='Liberation Mono', style='normal', variant='normal', weight=400, stretch='normal', size='scalable')) = 10.05
DEBUG:matplotlib.font_manager:findfont: score(FontEntry(fname='/usr/share/fonts/truetype/lohit-devanagari/Lohit-Devanagari.ttf', name='Lohit Devanagari', style='normal', variant='normal', weight=400, stretch='normal', size='scalable')) = 10.05
DEBUG:matplotlib.font_manager:findfont: score(FontEntry(fname='/usr/share/fonts/opentype/urw-base35/URWBookman-DemiItalic.otf', name='URW Bookman', style='italic', variant='normal', weight=600, stretch='normal', size='scalable')) = 11.24
DEBUG:matplotlib.font_manager:findfont: score(FontEntry(fname='/usr/share/fonts/truetype/fonts-beng-extra/JamrulNormal.ttf', name='Jamrul', style='normal', variant='normal', weight=500, stretch='normal', size='scalable')) = 10.145
DEBUG:matplotlib.font_manager:findfont: score(FontEntry(fname='/usr/share/fonts/truetype/kacst/KacstLetter.ttf', name='KacstLetter', style='normal', variant='normal', weight=500, stretch='normal', size='scalable')) = 10.145
DEBUG:matplotlib.font_manager:findfont: score(FontEntry(fname='/usr/share/fonts/truetype/ubuntu/Ubuntu-L.ttf', name='Ubuntu', style='normal', variant='normal', weight=300, stretch='normal', size='scalable')) = 10.145
DEBUG:matplotlib.font_manager:findfont: score(FontEntry(fname='/usr/share/fonts/truetype/tlwg/Norasi-Italic.ttf', name='Norasi', style='italic', variant='normal', weight=400, stretch='normal', size='scalable')) = 11.05
DEBUG:matplotlib.font_manager:findfont: score(FontEntry(fname='/usr/share/fonts/truetype/fonts-yrsa-rasa/Yrsa-Bold.ttf', name='Yrsa', style='normal', variant='normal', weight=700, stretch='normal', size='scalable')) = 10.335
DEBUG:matplotlib.font_manager:findfont: score(FontEntry(fname='/usr/share/fonts/truetype/malayalam/Keraleeyam-Regular.ttf', name='Keraleeyam', style='normal', variant='normal', weight=400, stretch='normal', size='scalable')) = 10.05
DEBUG:matplotlib.font_manager:findfont: score(FontEntry(fname='/usr/share/fonts/opentype/urw-base35/URWGothic-DemiOblique.otf', name='URW Gothic', style='oblique', variant='normal', weight=600, stretch='normal', size='scalable')) = 11.24
DEBUG:matplotlib.font_manager:findfont: Matching sans\-serif:style=normal:variant=normal:weight=normal:stretch=normal:size=8.0 to DejaVu Sans ('/home/oth/.local/lib/python3.10/site-packages/matplotlib/mpl-data/fonts/ttf/DejaVuSans.ttf') with score of 0.050000.
DEBUG:matplotlib.colorbar:locator: <matplotlib.ticker.AutoLocator object at 0x783fa1f84a00>
DEBUG:matplotlib.colorbar:colorbar update normal <matplotlib.colors.Normalize object at 0x783fa1fe31c0> <matplotlib.colors.Normalize object at 0x783fa1fe31c0>
DEBUG:matplotlib.colorbar:locator: <matplotlib.ticker.AutoLocator object at 0x783fa004d1e0>
DEBUG:matplotlib.colorbar:colorbar update normal <matplotlib.colors.Normalize object at 0x783fa1fe31c0> <matplotlib.colors.Normalize object at 0x783fa1fe31c0>
DEBUG:matplotlib.colorbar:locator: <matplotlib.ticker.AutoLocator object at 0x783fa004d1e0>
DEBUG:matplotlib.colorbar:locator: <matplotlib.ticker.AutoLocator object at 0x783fa004c310>
DEBUG:matplotlib.colorbar:locator: <matplotlib.ticker.AutoLocator object at 0x783fa1fb79a0>
DEBUG:matplotlib.colorbar:colorbar update normal <matplotlib.colors.Normalize object at 0x783fa1fb7e80> <matplotlib.colors.Normalize object at 0x783fa1fb7e80>
DEBUG:matplotlib.colorbar:locator: <matplotlib.ticker.AutoLocator object at 0x783fa004f610>
DEBUG:matplotlib.colorbar:colorbar update normal <matplotlib.colors.Normalize object at 0x783fa1fb7e80> <matplotlib.colors.Normalize object at 0x783fa1fb7e80>
DEBUG:matplotlib.colorbar:locator: <matplotlib.ticker.AutoLocator object at 0x783fa004f610>
DEBUG:matplotlib.colorbar:locator: <matplotlib.ticker.AutoLocator object at 0x783fa004d450>
DEBUG:matplotlib.colorbar:colorbar update normal <matplotlib.colors.Normalize object at 0x783fa1fdf5e0> <matplotlib.colors.Normalize object at 0x783fa1fdf5e0>
DEBUG:matplotlib.colorbar:locator: <matplotlib.ticker.AutoLocator object at 0x783fa004efb0>
DEBUG:matplotlib.colorbar:colorbar update normal <matplotlib.colors.Normalize object at 0x783fa1fdf5e0> <matplotlib.colors.Normalize object at 0x783fa1fdf5e0>
DEBUG:matplotlib.colorbar:locator: <matplotlib.ticker.AutoLocator object at 0x783fa004efb0>
DEBUG:matplotlib.colorbar:locator: <matplotlib.ticker.AutoLocator object at 0x783fa1fdea40>
DEBUG:matplotlib.colorbar:colorbar update normal <matplotlib.colors.Normalize object at 0x783fa1503160> <matplotlib.colors.Normalize object at 0x783fa1503160>
DEBUG:matplotlib.colorbar:locator: <matplotlib.ticker.AutoLocator object at 0x783fa1fe3c10>
DEBUG:matplotlib.colorbar:colorbar update normal <matplotlib.colors.Normalize object at 0x783fa1503160> <matplotlib.colors.Normalize object at 0x783fa1503160>
DEBUG:matplotlib.colorbar:locator: <matplotlib.ticker.AutoLocator object at 0x783fa1fe3c10>
DEBUG:matplotlib.colorbar:locator: <matplotlib.ticker.AutoLocator object at 0x783fa0161c30>
DEBUG:matplotlib.colorbar:locator: <matplotlib.ticker.AutoLocator object at 0x783fa23971f0>
DEBUG:matplotlib.colorbar:locator: <matplotlib.ticker.AutoLocator object at 0x783f9aff0ac0>
DEBUG:matplotlib.colorbar:locator: <matplotlib.ticker.AutoLocator object at 0x783fa1555990>
DEBUG:matplotlib.colorbar:colorbar update normal <matplotlib.colors.Normalize object at 0x783fa15d6800> <matplotlib.colors.Normalize object at 0x783fa15d6800>
DEBUG:matplotlib.colorbar:locator: <matplotlib.ticker.AutoLocator object at 0x783f9ae727d0>
DEBUG:matplotlib.colorbar:colorbar update normal <matplotlib.colors.Normalize object at 0x783fa15d6800> <matplotlib.colors.Normalize object at 0x783fa15d6800>
DEBUG:matplotlib.colorbar:locator: <matplotlib.ticker.AutoLocator object at 0x783f9ae727d0>
DEBUG:matplotlib.colorbar:locator: <matplotlib.ticker.AutoLocator object at 0x783fa1554670>
DEBUG:matplotlib.colorbar:colorbar update normal <matplotlib.colors.Normalize object at 0x783fa2394df0> <matplotlib.colors.Normalize object at 0x783fa2394df0>
DEBUG:matplotlib.colorbar:locator: <matplotlib.ticker.AutoLocator object at 0x783fa01635e0>
DEBUG:matplotlib.colorbar:colorbar update normal <matplotlib.colors.Normalize object at 0x783fa2394df0> <matplotlib.colors.Normalize object at 0x783fa2394df0>
DEBUG:matplotlib.colorbar:locator: <matplotlib.ticker.AutoLocator object at 0x783fa01635e0>
DEBUG:matplotlib.colorbar:locator: <matplotlib.ticker.AutoLocator object at 0x783fa0161390>
DEBUG:matplotlib.colorbar:colorbar update normal <matplotlib.colors.Normalize object at 0x783fa15d64a0> <matplotlib.colors.Normalize object at 0x783fa15d64a0>
DEBUG:matplotlib.colorbar:locator: <matplotlib.ticker.AutoLocator object at 0x783f9aff3be0>
DEBUG:matplotlib.colorbar:colorbar update normal <matplotlib.colors.Normalize object at 0x783fa15d64a0> <matplotlib.colors.Normalize object at 0x783fa15d64a0>
DEBUG:matplotlib.colorbar:locator: <matplotlib.ticker.AutoLocator object at 0x783f9aff3be0>
DEBUG:matplotlib.colorbar:locator: <matplotlib.ticker.AutoLocator object at 0x783fa0bcc820>
DEBUG:matplotlib.colorbar:colorbar update normal <matplotlib.colors.Normalize object at 0x783fddf5fa30> <matplotlib.colors.Normalize object at 0x783fddf5fa30>
DEBUG:matplotlib.colorbar:locator: <matplotlib.ticker.AutoLocator object at 0x783fa15ea9b0>
DEBUG:matplotlib.colorbar:colorbar update normal <matplotlib.colors.Normalize object at 0x783fddf5fa30> <matplotlib.colors.Normalize object at 0x783fddf5fa30>
DEBUG:matplotlib.colorbar:locator: <matplotlib.ticker.AutoLocator object at 0x783fa15ea9b0>
DEBUG:matplotlib.colorbar:locator: <matplotlib.ticker.AutoLocator object at 0x783fa3b614b0>
DEBUG:matplotlib.colorbar:colorbar update normal <matplotlib.colors.Normalize object at 0x783fa15d5450> <matplotlib.colors.Normalize object at 0x783fa15d5450>
DEBUG:matplotlib.colorbar:locator: <matplotlib.ticker.AutoLocator object at 0x783fa1fb49d0>
DEBUG:matplotlib.colorbar:colorbar update normal <matplotlib.colors.Normalize object at 0x783fa15d5450> <matplotlib.colors.Normalize object at 0x783fa15d5450>
DEBUG:matplotlib.colorbar:locator: <matplotlib.ticker.AutoLocator object at 0x783fa1fb49d0>
DEBUG:matplotlib.colorbar:locator: <matplotlib.ticker.AutoLocator object at 0x783fa1501810>
DEBUG:matplotlib.colorbar:colorbar update normal <matplotlib.colors.Normalize object at 0x783fa2396350> <matplotlib.colors.Normalize object at 0x783fa2396350>
DEBUG:matplotlib.colorbar:locator: <matplotlib.ticker.AutoLocator object at 0x783f9afdeaa0>
DEBUG:matplotlib.colorbar:colorbar update normal <matplotlib.colors.Normalize object at 0x783fa2396350> <matplotlib.colors.Normalize object at 0x783fa2396350>
DEBUG:matplotlib.colorbar:locator: <matplotlib.ticker.AutoLocator object at 0x783f9afdeaa0>
DEBUG:matplotlib.colorbar:locator: <matplotlib.ticker.AutoLocator object at 0x783fa0032710>
DEBUG:root:===========  run_model_cb():  ============
DEBUG:root:run_tab.py:  doing: mkdir output
DEBUG:root:----------- microenv_tab.py: fill_xml(): ----------
DEBUG:root:microenv_tab.py: fill_xml(): num subtrates = 4
DEBUG:root:substrates_in_tree =['glucose', 'methane', 'CO2', 'H2']
DEBUG:root:microrenv_tab.py: key in param_d.keys() = glucose
DEBUG:root:matched! glucose
DEBUG:root:microrenv_tab.py: key in param_d.keys() = methane
DEBUG:root:matched! methane
DEBUG:root:microrenv_tab.py: key in param_d.keys() = CO2
DEBUG:root:matched! CO2
DEBUG:root:microrenv_tab.py: key in param_d.keys() = H2
DEBUG:root:matched! H2
DEBUG:root:microrenv_tab.py: key in param_d.keys() = gradients
DEBUG:root:microrenv_tab.py: key in param_d.keys() = track_in_agents
DEBUG:root:

----------- cell_def_tab.py: fill_xml(): ----------
DEBUG:root:num cell defs = 2
DEBUG:root:cdefs_in_tree =['c_beijerinckii', 'm_barkeri']
DEBUG:root:
--- key in param_d.keys() = c_beijerinckii
DEBUG:root:matched! c_beijerinckii
DEBUG:root:--- cell_adhesion_affinity= {'c_beijerinckii': '1.0', 'm_barkeri': '1.0'}
DEBUG:root:c_beijerinckii  --> 1.0
DEBUG:root:m_barkeri  --> 1.0
DEBUG:root:

 ====================> fill_xml_motility(): glucose = glucose 


DEBUG:root:fill_xml_motility(): {'glucose': '0.0', 'methane': '0.0', 'CO2': '0.0', 'H2': '0.0', 'acetate': '0.0'}
DEBUG:root:glucose  --> 0.0
DEBUG:root:methane  --> 0.0
DEBUG:root:CO2  --> 0.0
DEBUG:root:H2  --> 0.0
DEBUG:root:acetate  --> 0.0
DEBUG:root:

 ====================> fill_xml_secretion()

DEBUG:root:self.substrate_list = ['glucose', 'methane', 'CO2', 'H2']
DEBUG:root:substrate = glucose
DEBUG:root:substrate = methane
DEBUG:root:substrate = CO2
DEBUG:root:substrate = H2
DEBUG:root:------------------- fill_xml_interactions():  cdef= c_beijerinckii
DEBUG:root:--- live_phagocytosis_rate= {'c_beijerinckii': '0.0', 'm_barkeri': '0.0', '': '0.0'}
DEBUG:root:  key in live_phagocytosis_rate= c_beijerinckii
DEBUG:root:c_beijerinckii  --> 0.0
DEBUG:root:  key in live_phagocytosis_rate= m_barkeri
DEBUG:root:m_barkeri  --> 0.0
DEBUG:root:  key in live_phagocytosis_rate= 
DEBUG:root:--- attack_rate= {'c_beijerinckii': '0.0', 'm_barkeri': '0.0', '': '0.0'}
DEBUG:root:c_beijerinckii  --> 0.0
DEBUG:root:m_barkeri  --> 0.0
DEBUG:root:--- fusion_rate= {'c_beijerinckii': '0.0', 'm_barkeri': '0.0', '': '0.0'}
DEBUG:root:c_beijerinckii  --> 0.0
DEBUG:root:m_barkeri  --> 0.0
DEBUG:root:c_beijerinckii  --> 0.0
DEBUG:root:m_barkeri  --> 0.0
DEBUG:root:------------------- cell_def_tab.py:  fill_xml_intracellular()
DEBUG:root:------ ["intracellular"]: for c_beijerinckii
DEBUG:root:{'type': 'dfba', 'sbml_filename': './config/MODEL1507180034_url.xml', 'transport_model': {'exchanges': [{'substrate': 'glucose', 'fba_flux': 'R_ex_glc_D_e', 'Km': '0.02', 'Vmax': '8.0'}, {'substrate': 'H2', 'fba_flux': 'R_ex_h2_e', 'Km': '0.002', 'Vmax': '18'}]}, 'growth_model': {'cell_density': '1.04', 'max_growth_rate': '0.8', 'objective_reaction': 'biomass'}, 'death_model': {'enabled': True, 'death_type': 'necrosis', 'death_trigger_flux': None, 'death_flux_threshold': None, 'death_rate_increase': '1.67e-5'}}
DEBUG:root:

DEBUG:root:------ ["custom_data"]: for c_beijerinckii
DEBUG:root:------ ["initial_parameter_distributions"]: for c_beijerinckii
DEBUG:root:
--- key in param_d.keys() = m_barkeri
DEBUG:root:matched! m_barkeri
DEBUG:root:--- cell_adhesion_affinity= {'c_beijerinckii': '1.0'}
DEBUG:root:c_beijerinckii  --> 1.0
DEBUG:root:

 ====================> fill_xml_motility(): glucose = glucose 


DEBUG:root:fill_xml_motility(): {'glucose': '0.0', 'methane': '0.0', 'CO2': '0.0', 'H2': '0.0'}
DEBUG:root:glucose  --> 0.0
DEBUG:root:methane  --> 0.0
DEBUG:root:CO2  --> 0.0
DEBUG:root:H2  --> 0.0
DEBUG:root:

 ====================> fill_xml_secretion()

DEBUG:root:self.substrate_list = ['glucose', 'methane', 'CO2', 'H2']
DEBUG:root:substrate = glucose
DEBUG:root:substrate = methane
DEBUG:root:substrate = CO2
DEBUG:root:substrate = H2
DEBUG:root:------------------- fill_xml_interactions():  cdef= m_barkeri
DEBUG:root:--- live_phagocytosis_rate= {'c_beijerinckii': '0.0'}
DEBUG:root:  key in live_phagocytosis_rate= c_beijerinckii
DEBUG:root:c_beijerinckii  --> 0.0
DEBUG:root:--- attack_rate= {'c_beijerinckii': '0.0'}
DEBUG:root:c_beijerinckii  --> 0.0
DEBUG:root:--- fusion_rate= {'c_beijerinckii': '0.0'}
DEBUG:root:c_beijerinckii  --> 0.0
DEBUG:root:c_beijerinckii  --> 0.0
DEBUG:root:------------------- cell_def_tab.py:  fill_xml_intracellular()
DEBUG:root:------ ["intracellular"]: for m_barkeri
DEBUG:root:{'type': 'dfba', 'sbml_filename': './config/iAF692.xml', 'transport_model': {'exchanges': [{'substrate': 'CO2', 'fba_flux': 'R_EX_co2_e', 'Km': '0.02', 'Vmax': '8.0'}, {'substrate': 'H2', 'fba_flux': 'R_EX_h2_e', 'Km': '0.002', 'Vmax': '18'}, {'substrate': 'methane', 'fba_flux': 'R_EX_ch4_e', 'Km': '0.02', 'Vmax': '8.0'}]}, 'growth_model': {'cell_density': '', 'max_growth_rate': '', 'objective_reaction': ''}, 'death_model': {'enabled': False, 'death_type': '', 'death_trigger_flux': None, 'death_flux_threshold': None, 'death_rate_increase': ''}}
DEBUG:root:

DEBUG:root:------ ["custom_data"]: for m_barkeri
DEBUG:root:------ ["initial_parameter_distributions"]: for m_barkeri
DEBUG:root:----------- end cell_def_tab.py: fill_xml(): ----------
DEBUG:root:
--------- user_params_tab.py:  fill_xml(): self.count = 100
DEBUG:root:--------- found //user_parameters
DEBUG:root:random_seed
DEBUG:root:colony_radius
DEBUG:root:number_of_cells
DEBUG:root:nutrient_reintroduction
DEBUG:root:found 4
DEBUG:matplotlib.colorbar:colorbar update normal <matplotlib.colors.Normalize object at 0x783fa00335e0> <matplotlib.colors.Normalize object at 0x783fa00335e0>
DEBUG:matplotlib.colorbar:locator: <matplotlib.ticker.AutoLocator object at 0x783f9aee3550>
DEBUG:matplotlib.colorbar:colorbar update normal <matplotlib.colors.Normalize object at 0x783fa00335e0> <matplotlib.colors.Normalize object at 0x783fa00335e0>
DEBUG:matplotlib.colorbar:locator: <matplotlib.ticker.AutoLocator object at 0x783f9aee3550>
DEBUG:matplotlib.colorbar:locator: <matplotlib.ticker.AutoLocator object at 0x783fa15c4ee0>
DEBUG:matplotlib.colorbar:colorbar update normal <matplotlib.colors.Normalize object at 0x783f9aee3d30> <matplotlib.colors.Normalize object at 0x783f9aee3d30>
DEBUG:matplotlib.colorbar:locator: <matplotlib.ticker.AutoLocator object at 0x783fa1fdb550>
DEBUG:matplotlib.colorbar:colorbar update normal <matplotlib.colors.Normalize object at 0x783f9aee3d30> <matplotlib.colors.Normalize object at 0x783f9aee3d30>
DEBUG:matplotlib.colorbar:locator: <matplotlib.ticker.AutoLocator object at 0x783fa1fdb550>
DEBUG:matplotlib.colorbar:locator: <matplotlib.ticker.AutoLocator object at 0x783f9aee00d0>
DEBUG:matplotlib.colorbar:colorbar update normal <matplotlib.colors.Normalize object at 0x783fa0bccf70> <matplotlib.colors.Normalize object at 0x783fa0bccf70>
DEBUG:matplotlib.colorbar:locator: <matplotlib.ticker.AutoLocator object at 0x783fa1f3c070>
DEBUG:matplotlib.colorbar:colorbar update normal <matplotlib.colors.Normalize object at 0x783fa0bccf70> <matplotlib.colors.Normalize object at 0x783fa0bccf70>
DEBUG:matplotlib.colorbar:locator: <matplotlib.ticker.AutoLocator object at 0x783fa1f3c070>
DEBUG:matplotlib.colorbar:locator: <matplotlib.ticker.AutoLocator object at 0x783fa1f3c2b0>
DEBUG:matplotlib.font_manager:findfont: Matching sans\-serif:style=normal:variant=normal:weight=normal:stretch=normal:size=12.0.
DEBUG:matplotlib.font_manager:findfont: score(FontEntry(fname='/home/oth/.local/lib/python3.10/site-packages/matplotlib/mpl-data/fonts/ttf/STIXSizFourSymBol.ttf', name='STIXSizeFourSym', style='normal', variant='normal', weight=700, stretch='normal', size='scalable')) = 10.335
DEBUG:matplotlib.font_manager:findfont: score(FontEntry(fname='/home/oth/.local/lib/python3.10/site-packages/matplotlib/mpl-data/fonts/ttf/DejaVuSansMono-Bold.ttf', name='DejaVu Sans Mono', style='normal', variant='normal', weight=700, stretch='normal', size='scalable')) = 10.335
DEBUG:matplotlib.font_manager:findfont: score(FontEntry(fname='/home/oth/.local/lib/python3.10/site-packages/matplotlib/mpl-data/fonts/ttf/cmsy10.ttf', name='cmsy10', style='normal', variant='normal', weight=400, stretch='normal', size='scalable')) = 10.05
DEBUG:matplotlib.font_manager:findfont: score(FontEntry(fname='/home/oth/.local/lib/python3.10/site-packages/matplotlib/mpl-data/fonts/ttf/STIXGeneral.ttf', name='STIXGeneral', style='normal', variant='normal', weight=400, stretch='normal', size='scalable')) = 10.05
DEBUG:matplotlib.font_manager:findfont: score(FontEntry(fname='/home/oth/.local/lib/python3.10/site-packages/matplotlib/mpl-data/fonts/ttf/cmmi10.ttf', name='cmmi10', style='normal', variant='normal', weight=400, stretch='normal', size='scalable')) = 10.05
DEBUG:matplotlib.font_manager:findfont: score(FontEntry(fname='/home/oth/.local/lib/python3.10/site-packages/matplotlib/mpl-data/fonts/ttf/DejaVuSerif-Italic.ttf', name='DejaVu Serif', style='italic', variant='normal', weight=400, stretch='normal', size='scalable')) = 11.05
DEBUG:matplotlib.font_manager:findfont: score(FontEntry(fname='/home/oth/.local/lib/python3.10/site-packages/matplotlib/mpl-data/fonts/ttf/cmex10.ttf', name='cmex10', style='normal', variant='normal', weight=400, stretch='normal', size='scalable')) = 10.05
DEBUG:matplotlib.font_manager:findfont: score(FontEntry(fname='/home/oth/.local/lib/python3.10/site-packages/matplotlib/mpl-data/fonts/ttf/cmss10.ttf', name='cmss10', style='normal', variant='normal', weight=400, stretch='normal', size='scalable')) = 10.05
DEBUG:matplotlib.font_manager:findfont: score(FontEntry(fname='/home/oth/.local/lib/python3.10/site-packages/matplotlib/mpl-data/fonts/ttf/DejaVuSerif.ttf', name='DejaVu Serif', style='normal', variant='normal', weight=400, stretch='normal', size='scalable')) = 10.05
DEBUG:matplotlib.font_manager:findfont: score(FontEntry(fname='/home/oth/.local/lib/python3.10/site-packages/matplotlib/mpl-data/fonts/ttf/STIXSizTwoSymBol.ttf', name='STIXSizeTwoSym', style='normal', variant='normal', weight=700, stretch='normal', size='scalable')) = 10.335
DEBUG:matplotlib.font_manager:findfont: score(FontEntry(fname='/home/oth/.local/lib/python3.10/site-packages/matplotlib/mpl-data/fonts/ttf/DejaVuSans.ttf', name='DejaVu Sans', style='normal', variant='normal', weight=400, stretch='normal', size='scalable')) = 0.05
DEBUG:matplotlib.font_manager:findfont: score(FontEntry(fname='/home/oth/.local/lib/python3.10/site-packages/matplotlib/mpl-data/fonts/ttf/DejaVuSans-Oblique.ttf', name='DejaVu Sans', style='oblique', variant='normal', weight=400, stretch='normal', size='scalable')) = 1.05
DEBUG:matplotlib.font_manager:findfont: score(FontEntry(fname='/home/oth/.local/lib/python3.10/site-packages/matplotlib/mpl-data/fonts/ttf/STIXGeneralItalic.ttf', name='STIXGeneral', style='italic', variant='normal', weight=400, stretch='normal', size='scalable')) = 11.05
DEBUG:matplotlib.font_manager:findfont: score(FontEntry(fname='/home/oth/.local/lib/python3.10/site-packages/matplotlib/mpl-data/fonts/ttf/DejaVuSansDisplay.ttf', name='DejaVu Sans Display', style='normal', variant='normal', weight=400, stretch='normal', size='scalable')) = 10.05
DEBUG:matplotlib.font_manager:findfont: score(FontEntry(fname='/home/oth/.local/lib/python3.10/site-packages/matplotlib/mpl-data/fonts/ttf/STIXSizOneSymBol.ttf', name='STIXSizeOneSym', style='normal', variant='normal', weight=700, stretch='normal', size='scalable')) = 10.335
DEBUG:matplotlib.font_manager:findfont: score(FontEntry(fname='/home/oth/.local/lib/python3.10/site-packages/matplotlib/mpl-data/fonts/ttf/STIXSizTwoSymReg.ttf', name='STIXSizeTwoSym', style='normal', variant='normal', weight=400, stretch='normal', size='scalable')) = 10.05
DEBUG:matplotlib.font_manager:findfont: score(FontEntry(fname='/home/oth/.local/lib/python3.10/site-packages/matplotlib/mpl-data/fonts/ttf/STIXGeneralBolIta.ttf', name='STIXGeneral', style='italic', variant='normal', weight=700, stretch='normal', size='scalable')) = 11.335
DEBUG:matplotlib.font_manager:findfont: score(FontEntry(fname='/home/oth/.local/lib/python3.10/site-packages/matplotlib/mpl-data/fonts/ttf/DejaVuSansMono-BoldOblique.ttf', name='DejaVu Sans Mono', style='oblique', variant='normal', weight=700, stretch='normal', size='scalable')) = 11.335
DEBUG:matplotlib.font_manager:findfont: score(FontEntry(fname='/home/oth/.local/lib/python3.10/site-packages/matplotlib/mpl-data/fonts/ttf/DejaVuSans-BoldOblique.ttf', name='DejaVu Sans', style='oblique', variant='normal', weight=700, stretch='normal', size='scalable')) = 1.335
DEBUG:matplotlib.font_manager:findfont: score(FontEntry(fname='/home/oth/.local/lib/python3.10/site-packages/matplotlib/mpl-data/fonts/ttf/STIXSizThreeSymReg.ttf', name='STIXSizeThreeSym', style='normal', variant='normal', weight=400, stretch='normal', size='scalable')) = 10.05
DEBUG:matplotlib.font_manager:findfont: score(FontEntry(fname='/home/oth/.local/lib/python3.10/site-packages/matplotlib/mpl-data/fonts/ttf/DejaVuSerif-BoldItalic.ttf', name='DejaVu Serif', style='italic', variant='normal', weight=700, stretch='normal', size='scalable')) = 11.335
DEBUG:matplotlib.font_manager:findfont: score(FontEntry(fname='/home/oth/.local/lib/python3.10/site-packages/matplotlib/mpl-data/fonts/ttf/STIXNonUniBol.ttf', name='STIXNonUnicode', style='normal', variant='normal', weight=700, stretch='normal', size='scalable')) = 10.335
DEBUG:matplotlib.font_manager:findfont: score(FontEntry(fname='/home/oth/.local/lib/python3.10/site-packages/matplotlib/mpl-data/fonts/ttf/STIXNonUni.ttf', name='STIXNonUnicode', style='normal', variant='normal', weight=400, stretch='normal', size='scalable')) = 10.05
DEBUG:matplotlib.font_manager:findfont: score(FontEntry(fname='/home/oth/.local/lib/python3.10/site-packages/matplotlib/mpl-data/fonts/ttf/DejaVuSerifDisplay.ttf', name='DejaVu Serif Display', style='normal', variant='normal', weight=400, stretch='normal', size='scalable')) = 10.05
DEBUG:matplotlib.font_manager:findfont: score(FontEntry(fname='/home/oth/.local/lib/python3.10/site-packages/matplotlib/mpl-data/fonts/ttf/STIXNonUniBolIta.ttf', name='STIXNonUnicode', style='italic', variant='normal', weight=700, stretch='normal', size='scalable')) = 11.335
DEBUG:matplotlib.font_manager:findfont: score(FontEntry(fname='/home/oth/.local/lib/python3.10/site-packages/matplotlib/mpl-data/fonts/ttf/DejaVuSansMono.ttf', name='DejaVu Sans Mono', style='normal', variant='normal', weight=400, stretch='normal', size='scalable')) = 10.05
DEBUG:matplotlib.font_manager:findfont: score(FontEntry(fname='/home/oth/.local/lib/python3.10/site-packages/matplotlib/mpl-data/fonts/ttf/cmtt10.ttf', name='cmtt10', style='normal', variant='normal', weight=400, stretch='normal', size='scalable')) = 10.05
DEBUG:matplotlib.font_manager:findfont: score(FontEntry(fname='/home/oth/.local/lib/python3.10/site-packages/matplotlib/mpl-data/fonts/ttf/cmr10.ttf', name='cmr10', style='normal', variant='normal', weight=400, stretch='normal', size='scalable')) = 10.05
DEBUG:matplotlib.font_manager:findfont: score(FontEntry(fname='/home/oth/.local/lib/python3.10/site-packages/matplotlib/mpl-data/fonts/ttf/DejaVuSansMono-Oblique.ttf', name='DejaVu Sans Mono', style='oblique', variant='normal', weight=400, stretch='normal', size='scalable')) = 11.05
DEBUG:matplotlib.font_manager:findfont: score(FontEntry(fname='/home/oth/.local/lib/python3.10/site-packages/matplotlib/mpl-data/fonts/ttf/STIXSizFiveSymReg.ttf', name='STIXSizeFiveSym', style='normal', variant='normal', weight=400, stretch='normal', size='scalable')) = 10.05
DEBUG:matplotlib.font_manager:findfont: score(FontEntry(fname='/home/oth/.local/lib/python3.10/site-packages/matplotlib/mpl-data/fonts/ttf/STIXSizFourSymReg.ttf', name='STIXSizeFourSym', style='normal', variant='normal', weight=400, stretch='normal', size='scalable')) = 10.05
DEBUG:matplotlib.font_manager:findfont: score(FontEntry(fname='/home/oth/.local/lib/python3.10/site-packages/matplotlib/mpl-data/fonts/ttf/cmb10.ttf', name='cmb10', style='normal', variant='normal', weight=400, stretch='normal', size='scalable')) = 10.05
DEBUG:matplotlib.font_manager:findfont: score(FontEntry(fname='/home/oth/.local/lib/python3.10/site-packages/matplotlib/mpl-data/fonts/ttf/STIXNonUniIta.ttf', name='STIXNonUnicode', style='italic', variant='normal', weight=400, stretch='normal', size='scalable')) = 11.05
DEBUG:matplotlib.font_manager:findfont: score(FontEntry(fname='/home/oth/.local/lib/python3.10/site-packages/matplotlib/mpl-data/fonts/ttf/DejaVuSerif-Bold.ttf', name='DejaVu Serif', style='normal', variant='normal', weight=700, stretch='normal', size='scalable')) = 10.335
DEBUG:matplotlib.font_manager:findfont: score(FontEntry(fname='/home/oth/.local/lib/python3.10/site-packages/matplotlib/mpl-data/fonts/ttf/STIXGeneralBol.ttf', name='STIXGeneral', style='normal', variant='normal', weight=700, stretch='normal', size='scalable')) = 10.335
DEBUG:matplotlib.font_manager:findfont: score(FontEntry(fname='/home/oth/.local/lib/python3.10/site-packages/matplotlib/mpl-data/fonts/ttf/STIXSizOneSymReg.ttf', name='STIXSizeOneSym', style='normal', variant='normal', weight=400, stretch='normal', size='scalable')) = 10.05
DEBUG:matplotlib.font_manager:findfont: score(FontEntry(fname='/home/oth/.local/lib/python3.10/site-packages/matplotlib/mpl-data/fonts/ttf/STIXSizThreeSymBol.ttf', name='STIXSizeThreeSym', style='normal', variant='normal', weight=700, stretch='normal', size='scalable')) = 10.335
DEBUG:matplotlib.font_manager:findfont: score(FontEntry(fname='/home/oth/.local/lib/python3.10/site-packages/matplotlib/mpl-data/fonts/ttf/DejaVuSans-Bold.ttf', name='DejaVu Sans', style='normal', variant='normal', weight=700, stretch='normal', size='scalable')) = 0.33499999999999996
DEBUG:matplotlib.font_manager:findfont: score(FontEntry(fname='/usr/share/fonts/truetype/fonts-yrsa-rasa/Rasa-Regular.ttf', name='Rasa', style='normal', variant='normal', weight=400, stretch='normal', size='scalable')) = 10.05
DEBUG:matplotlib.font_manager:findfont: score(FontEntry(fname='/usr/share/fonts/truetype/liberation/LiberationSerif-Regular.ttf', name='Liberation Serif', style='normal', variant='normal', weight=400, stretch='normal', size='scalable')) = 10.05
DEBUG:matplotlib.font_manager:findfont: score(FontEntry(fname='/usr/share/fonts/truetype/lohit-tamil/Lohit-Tamil.ttf', name='Lohit Tamil', style='normal', variant='normal', weight=400, stretch='normal', size='scalable')) = 10.05
DEBUG:matplotlib.font_manager:findfont: score(FontEntry(fname='/usr/share/fonts/truetype/tlwg/Umpush-BoldOblique.ttf', name='Umpush', style='oblique', variant='normal', weight=700, stretch='normal', size='scalable')) = 11.335
DEBUG:matplotlib.font_manager:findfont: score(FontEntry(fname='/usr/share/fonts/truetype/fonts-yrsa-rasa/Yrsa-Light.ttf', name='Yrsa', style='normal', variant='normal', weight=300, stretch='normal', size='scalable')) = 10.145
DEBUG:matplotlib.font_manager:findfont: score(FontEntry(fname='/usr/share/fonts/truetype/liberation2/LiberationSans-Bold.ttf', name='Liberation Sans', style='normal', variant='normal', weight=700, stretch='normal', size='scalable')) = 10.335
DEBUG:matplotlib.font_manager:findfont: score(FontEntry(fname='/usr/share/fonts/truetype/samyak-fonts/Samyak-Gujarati.ttf', name='Samyak Gujarati', style='normal', variant='normal', weight=500, stretch='normal', size='scalable')) = 10.145
DEBUG:matplotlib.font_manager:findfont: score(FontEntry(fname='/usr/share/fonts/truetype/tlwg/Waree.ttf', name='Waree', style='normal', variant='normal', weight=400, stretch='normal', size='scalable')) = 10.05
DEBUG:matplotlib.font_manager:findfont: score(FontEntry(fname='/usr/share/fonts/truetype/tlwg/Laksaman-BoldItalic.ttf', name='Laksaman', style='italic', variant='normal', weight=700, stretch='normal', size='scalable')) = 11.335
DEBUG:matplotlib.font_manager:findfont: score(FontEntry(fname='/usr/share/fonts/truetype/lohit-punjabi/Lohit-Gurmukhi.ttf', name='Lohit Gurmukhi', style='normal', variant='normal', weight=400, stretch='normal', size='scalable')) = 10.05
DEBUG:matplotlib.font_manager:findfont: score(FontEntry(fname='/usr/share/fonts/truetype/liberation/LiberationSans-Regular.ttf', name='Liberation Sans', style='normal', variant='normal', weight=400, stretch='normal', size='scalable')) = 10.05
DEBUG:matplotlib.font_manager:findfont: score(FontEntry(fname='/usr/share/fonts/truetype/liberation/LiberationSansNarrow-Regular.ttf', name='Liberation Sans Narrow', style='normal', variant='normal', weight=400, stretch='condensed', size='scalable')) = 10.25
DEBUG:matplotlib.font_manager:findfont: score(FontEntry(fname='/usr/share/fonts/truetype/tlwg/Norasi.ttf', name='Norasi', style='normal', variant='normal', weight=400, stretch='normal', size='scalable')) = 10.05
DEBUG:matplotlib.font_manager:findfont: score(FontEntry(fname='/usr/share/fonts/truetype/fonts-yrsa-rasa/Rasa-SemiBold.ttf', name='Rasa', style='normal', variant='normal', weight=600, stretch='normal', size='scalable')) = 10.24
DEBUG:matplotlib.font_manager:findfont: score(FontEntry(fname='/usr/share/fonts/truetype/tlwg/Laksaman-Italic.ttf', name='Laksaman', style='italic', variant='normal', weight=400, stretch='normal', size='scalable')) = 11.05
DEBUG:matplotlib.font_manager:findfont: score(FontEntry(fname='/usr/share/fonts/truetype/malayalam/Rachana-Bold.ttf', name='Rachana', style='normal', variant='normal', weight=700, stretch='normal', size='scalable')) = 10.335
DEBUG:matplotlib.font_manager:findfont: score(FontEntry(fname='/usr/share/fonts/truetype/tlwg/TlwgTypist-Bold.ttf', name='Tlwg Typist', style='normal', variant='normal', weight=700, stretch='normal', size='scalable')) = 10.335
DEBUG:matplotlib.font_manager:findfont: score(FontEntry(fname='/usr/share/fonts/truetype/freefont/FreeMonoOblique.ttf', name='FreeMono', style='oblique', variant='normal', weight=400, stretch='normal', size='scalable')) = 11.05
DEBUG:matplotlib.font_manager:findfont: score(FontEntry(fname='/usr/share/fonts/truetype/teluguvijayam/RaviPrakash.ttf', name='RaviPrakash', style='normal', variant='normal', weight=400, stretch='normal', size='scalable')) = 10.05
DEBUG:matplotlib.font_manager:findfont: score(FontEntry(fname='/usr/share/fonts/truetype/malayalam/Karumbi-Regular.ttf', name='Karumbi', style='normal', variant='normal', weight=400, stretch='normal', size='scalable')) = 10.05
DEBUG:matplotlib.font_manager:findfont: score(FontEntry(fname='/usr/share/fonts/truetype/padauk/Padauk-Bold.ttf', name='Padauk', style='normal', variant='normal', weight=700, stretch='normal', size='scalable')) = 10.335
DEBUG:matplotlib.font_manager:findfont: score(FontEntry(fname='/usr/share/fonts/truetype/lohit-tamil-classical/Lohit-Tamil-Classical.ttf', name='Lohit Tamil Classical', style='normal', variant='normal', weight=400, stretch='normal', size='scalable')) = 10.05
DEBUG:matplotlib.font_manager:findfont: score(FontEntry(fname='/usr/share/fonts/opentype/malayalam/Chilanka-Regular.otf', name='Chilanka', style='normal', variant='normal', weight=400, stretch='normal', size='scalable')) = 10.05
DEBUG:matplotlib.font_manager:findfont: score(FontEntry(fname='/usr/share/fonts/truetype/tlwg/Waree-BoldOblique.ttf', name='Waree', style='oblique', variant='normal', weight=700, stretch='normal', size='scalable')) = 11.335
DEBUG:matplotlib.font_manager:findfont: score(FontEntry(fname='/usr/share/fonts/truetype/malayalam/AnjaliOldLipi-Regular.ttf', name='AnjaliOldLipi', style='normal', variant='normal', weight=400, stretch='normal', size='scalable')) = 10.05
DEBUG:matplotlib.font_manager:findfont: score(FontEntry(fname='/usr/share/fonts/truetype/padauk/PadaukBook-Regular.ttf', name='Padauk Book', style='normal', variant='normal', weight=400, stretch='normal', size='scalable')) = 10.05
DEBUG:matplotlib.font_manager:findfont: score(FontEntry(fname='/usr/share/fonts/truetype/tlwg/Loma.ttf', name='Loma', style='normal', variant='normal', weight=400, stretch='normal', size='scalable')) = 10.05
DEBUG:matplotlib.font_manager:findfont: score(FontEntry(fname='/usr/share/fonts/truetype/ubuntu/UbuntuMono-R.ttf', name='Ubuntu Mono', style='normal', variant='normal', weight=400, stretch='normal', size='scalable')) = 10.05
DEBUG:matplotlib.font_manager:findfont: score(FontEntry(fname='/usr/share/fonts/truetype/ubuntu/Ubuntu-BI.ttf', name='Ubuntu', style='italic', variant='normal', weight=700, stretch='normal', size='scalable')) = 11.335
DEBUG:matplotlib.font_manager:findfont: score(FontEntry(fname='/usr/share/fonts/truetype/kacst/KacstFarsi.ttf', name='KacstFarsi', style='normal', variant='normal', weight=500, stretch='normal', size='scalable')) = 10.145
DEBUG:matplotlib.font_manager:findfont: score(FontEntry(fname='/usr/share/fonts/truetype/tlwg/Sawasdee-Bold.ttf', name='Sawasdee', style='normal', variant='normal', weight=700, stretch='normal', size='scalable')) = 10.335
DEBUG:matplotlib.font_manager:findfont: score(FontEntry(fname='/usr/share/fonts/truetype/malayalam/Dyuthi-Regular.ttf', name='Dyuthi', style='normal', variant='normal', weight=400, stretch='normal', size='scalable')) = 10.05
DEBUG:matplotlib.font_manager:findfont: score(FontEntry(fname='/usr/share/fonts/truetype/liberation/LiberationSansNarrow-Bold.ttf', name='Liberation Sans Narrow', style='normal', variant='normal', weight=700, stretch='condensed', size='scalable')) = 10.535
DEBUG:matplotlib.font_manager:findfont: score(FontEntry(fname='/usr/share/fonts/truetype/kacst/KacstArt.ttf', name='KacstArt', style='normal', variant='normal', weight=500, stretch='normal', size='scalable')) = 10.145
DEBUG:matplotlib.font_manager:findfont: score(FontEntry(fname='/usr/share/fonts/truetype/tlwg/Kinnari-Oblique.ttf', name='Kinnari', style='oblique', variant='normal', weight=400, stretch='normal', size='scalable')) = 11.05
DEBUG:matplotlib.font_manager:findfont: score(FontEntry(fname='/usr/share/fonts/opentype/urw-base35/NimbusSansNarrow-BoldOblique.otf', name='Nimbus Sans Narrow', style='oblique', variant='normal', weight=700, stretch='condensed', size='scalable')) = 11.535
DEBUG:matplotlib.font_manager:findfont: score(FontEntry(fname='/usr/share/fonts/truetype/fonts-beng-extra/Muktibold.ttf', name='Mukti', style='normal', variant='normal', weight=700, stretch='normal', size='scalable')) = 10.335
DEBUG:matplotlib.font_manager:findfont: score(FontEntry(fname='/usr/share/fonts/opentype/urw-base35/URWBookman-LightItalic.otf', name='URW Bookman', style='italic', variant='normal', weight=300, stretch='normal', size='scalable')) = 11.145
DEBUG:matplotlib.font_manager:findfont: score(FontEntry(fname='/usr/share/fonts/truetype/freefont/FreeSans.ttf', name='FreeSans', style='normal', variant='normal', weight=400, stretch='normal', size='scalable')) = 10.05
DEBUG:matplotlib.font_manager:findfont: score(FontEntry(fname='/usr/share/fonts/truetype/padauk/Padauk-Regular.ttf', name='Padauk', style='normal', variant='normal', weight=400, stretch='normal', size='scalable')) = 10.05
DEBUG:matplotlib.font_manager:findfont: score(FontEntry(fname='/usr/share/fonts/truetype/freefont/FreeMonoBoldOblique.ttf', name='FreeMono', style='oblique', variant='normal', weight=700, stretch='normal', size='scalable')) = 11.335
DEBUG:matplotlib.font_manager:findfont: score(FontEntry(fname='/usr/share/fonts/truetype/lohit-telugu/Lohit-Telugu.ttf', name='Lohit Telugu', style='normal', variant='normal', weight=400, stretch='normal', size='scalable')) = 10.05
DEBUG:matplotlib.font_manager:findfont: score(FontEntry(fname='/usr/share/fonts/truetype/teluguvijayam/Ponnala.ttf', name='Ponnala', style='normal', variant='normal', weight=400, stretch='normal', size='scalable')) = 10.05
DEBUG:matplotlib.font_manager:findfont: score(FontEntry(fname='/usr/share/fonts/truetype/fonts-guru-extra/Saab.ttf', name='Saab', style='normal', variant='normal', weight=400, stretch='normal', size='scalable')) = 10.05
DEBUG:matplotlib.font_manager:findfont: score(FontEntry(fname='/usr/share/fonts/truetype/liberation2/LiberationSerif-BoldItalic.ttf', name='Liberation Serif', style='italic', variant='normal', weight=700, stretch='normal', size='scalable')) = 11.335
DEBUG:matplotlib.font_manager:findfont: score(FontEntry(fname='/usr/share/fonts/truetype/fonts-yrsa-rasa/Yrsa-SemiBold.ttf', name='Yrsa', style='normal', variant='normal', weight=600, stretch='normal', size='scalable')) = 10.24
DEBUG:matplotlib.font_manager:findfont: score(FontEntry(fname='/usr/share/fonts/opentype/urw-base35/NimbusSansNarrow-Regular.otf', name='Nimbus Sans Narrow', style='normal', variant='normal', weight=400, stretch='condensed', size='scalable')) = 10.25
DEBUG:matplotlib.font_manager:findfont: score(FontEntry(fname='/usr/share/fonts/truetype/tlwg/Kinnari.ttf', name='Kinnari', style='normal', variant='normal', weight=400, stretch='normal', size='scalable')) = 10.05
DEBUG:matplotlib.font_manager:findfont: score(FontEntry(fname='/usr/share/fonts/truetype/lohit-kannada/Lohit-Kannada.ttf', name='Lohit Kannada', style='normal', variant='normal', weight=400, stretch='normal', size='scalable')) = 10.05
DEBUG:matplotlib.font_manager:findfont: score(FontEntry(fname='/usr/share/fonts/truetype/freefont/FreeSerifItalic.ttf', name='FreeSerif', style='italic', variant='normal', weight=400, stretch='normal', size='scalable')) = 11.05
DEBUG:matplotlib.font_manager:findfont: score(FontEntry(fname='/usr/share/fonts/truetype/fonts-yrsa-rasa/Yrsa-Regular.ttf', name='Yrsa', style='normal', variant='normal', weight=400, stretch='normal', size='scalable')) = 10.05
DEBUG:matplotlib.font_manager:findfont: score(FontEntry(fname='/usr/share/fonts/truetype/Sarai/Sarai.ttf', name='Sarai', style='normal', variant='normal', weight=400, stretch='normal', size='scalable')) = 10.05
DEBUG:matplotlib.font_manager:findfont: score(FontEntry(fname='/usr/share/fonts/truetype/Navilu/Navilu.ttf', name='Navilu', style='normal', variant='normal', weight=400, stretch='normal', size='scalable')) = 10.05
DEBUG:matplotlib.font_manager:findfont: score(FontEntry(fname='/usr/share/fonts/truetype/tlwg/Norasi-Bold.ttf', name='Norasi', style='normal', variant='normal', weight=700, stretch='normal', size='scalable')) = 10.335
DEBUG:matplotlib.font_manager:findfont: score(FontEntry(fname='/usr/share/fonts/truetype/malayalam/Rachana-Regular.ttf', name='Rachana', style='normal', variant='normal', weight=400, stretch='normal', size='scalable')) = 10.05
DEBUG:matplotlib.font_manager:findfont: score(FontEntry(fname='/usr/share/fonts/truetype/fonts-gujr-extra/Rekha.ttf', name='Rekha', style='normal', variant='normal', weight=500, stretch='normal', size='scalable')) = 10.145
DEBUG:matplotlib.font_manager:findfont: score(FontEntry(fname='/usr/share/fonts/truetype/tlwg/TlwgTypo.ttf', name='Tlwg Typo', style='normal', variant='normal', weight=400, stretch='normal', size='scalable')) = 10.05
DEBUG:matplotlib.font_manager:findfont: score(FontEntry(fname='/usr/share/fonts/opentype/urw-base35/C059-Roman.otf', name='C059', style='normal', variant='normal', weight=400, stretch='normal', size='scalable')) = 10.05
DEBUG:matplotlib.font_manager:findfont: score(FontEntry(fname='/usr/share/fonts/opentype/noto/NotoSansCJK-Regular.ttc', name='Noto Sans CJK JP', style='normal', variant='normal', weight=400, stretch='normal', size='scalable')) = 10.05
DEBUG:matplotlib.font_manager:findfont: score(FontEntry(fname='/usr/share/fonts/truetype/fonts-deva-extra/kalimati.ttf', name='Kalimati', style='normal', variant='normal', weight=400, stretch='normal', size='scalable')) = 10.05
DEBUG:matplotlib.font_manager:findfont: score(FontEntry(fname='/usr/share/fonts/truetype/liberation2/LiberationSans-Italic.ttf', name='Liberation Sans', style='italic', variant='normal', weight=400, stretch='normal', size='scalable')) = 11.05
DEBUG:matplotlib.font_manager:findfont: score(FontEntry(fname='/usr/share/fonts/truetype/fonts-deva-extra/samanata.ttf', name='Samanata', style='normal', variant='normal', weight=400, stretch='normal', size='scalable')) = 10.05
DEBUG:matplotlib.font_manager:findfont: score(FontEntry(fname='/usr/share/fonts/truetype/ttf-khmeros-core/KhmerOS.ttf', name='Khmer OS', style='normal', variant='normal', weight=400, stretch='normal', size='scalable')) = 10.05
DEBUG:matplotlib.font_manager:findfont: score(FontEntry(fname='/usr/share/fonts/truetype/fonts-yrsa-rasa/Yrsa-BoldItalic.ttf', name='Yrsa', style='italic', variant='normal', weight=700, stretch='normal', size='scalable')) = 11.335
DEBUG:matplotlib.font_manager:findfont: score(FontEntry(fname='/usr/share/fonts/truetype/kacst/KacstTitleL.ttf', name='KacstTitleL', style='normal', variant='normal', weight=400, stretch='normal', size='scalable')) = 10.05
DEBUG:matplotlib.font_manager:findfont: score(FontEntry(fname='/usr/share/fonts/truetype/tlwg/Norasi-BoldItalic.ttf', name='Norasi', style='italic', variant='normal', weight=700, stretch='normal', size='scalable')) = 11.335
DEBUG:matplotlib.font_manager:findfont: score(FontEntry(fname='/usr/share/fonts/truetype/teluguvijayam/NATS.ttf', name='NATS', style='normal', variant='normal', weight=400, stretch='normal', size='scalable')) = 10.05
DEBUG:matplotlib.font_manager:findfont: score(FontEntry(fname='/usr/share/fonts/truetype/tlwg/TlwgTypo-BoldOblique.ttf', name='Tlwg Typo', style='oblique', variant='normal', weight=700, stretch='normal', size='scalable')) = 11.335
DEBUG:matplotlib.font_manager:findfont: score(FontEntry(fname='/usr/share/fonts/truetype/lao/Phetsarath_OT.ttf', name='Phetsarath OT', style='normal', variant='normal', weight=400, stretch='normal', size='scalable')) = 10.05
DEBUG:matplotlib.font_manager:findfont: score(FontEntry(fname='/usr/share/fonts/truetype/ubuntu/Ubuntu-B.ttf', name='Ubuntu', style='normal', variant='normal', weight=700, stretch='normal', size='scalable')) = 10.335
DEBUG:matplotlib.font_manager:findfont: score(FontEntry(fname='/usr/share/fonts/truetype/teluguvijayam/LakkiReddy.ttf', name='LakkiReddy', style='normal', variant='normal', weight=400, stretch='normal', size='scalable')) = 10.05
DEBUG:matplotlib.font_manager:findfont: score(FontEntry(fname='/usr/share/fonts/truetype/fonts-yrsa-rasa/Yrsa-SemiBoldItalic.ttf', name='Yrsa', style='italic', variant='normal', weight=600, stretch='normal', size='scalable')) = 11.24
DEBUG:matplotlib.font_manager:findfont: score(FontEntry(fname='/usr/share/fonts/truetype/samyak-fonts/Samyak-Malayalam.ttf', name='Samyak Malayalam', style='normal', variant='normal', weight=400, stretch='normal', size='scalable')) = 10.05
DEBUG:matplotlib.font_manager:findfont: score(FontEntry(fname='/usr/share/fonts/truetype/fonts-telu-extra/Pothana2000.ttf', name='Pothana2000', style='normal', variant='normal', weight=400, stretch='normal', size='scalable')) = 10.05
DEBUG:matplotlib.font_manager:findfont: score(FontEntry(fname='/usr/share/fonts/truetype/dejavu/DejaVuSerif-Bold.ttf', name='DejaVu Serif', style='normal', variant='normal', weight=700, stretch='normal', size='scalable')) = 10.335
DEBUG:matplotlib.font_manager:findfont: score(FontEntry(fname='/usr/share/fonts/truetype/tlwg/Laksaman-Bold.ttf', name='Laksaman', style='normal', variant='normal', weight=700, stretch='normal', size='scalable')) = 10.335
DEBUG:matplotlib.font_manager:findfont: score(FontEntry(fname='/usr/share/fonts/truetype/liberation2/LiberationSerif-Italic.ttf', name='Liberation Serif', style='italic', variant='normal', weight=400, stretch='normal', size='scalable')) = 11.05
DEBUG:matplotlib.font_manager:findfont: score(FontEntry(fname='/usr/share/fonts/opentype/urw-base35/NimbusRoman-Italic.otf', name='Nimbus Roman', style='italic', variant='normal', weight=400, stretch='normal', size='scalable')) = 11.05
DEBUG:matplotlib.font_manager:findfont: score(FontEntry(fname='/usr/share/fonts/truetype/fonts-kalapi/Kalapi.ttf', name='Kalapi', style='normal', variant='normal', weight=400, stretch='normal', size='scalable')) = 10.05
DEBUG:matplotlib.font_manager:findfont: score(FontEntry(fname='/usr/share/fonts/truetype/lohit-assamese/Lohit-Assamese.ttf', name='Lohit Assamese', style='normal', variant='normal', weight=400, stretch='normal', size='scalable')) = 10.05
DEBUG:matplotlib.font_manager:findfont: score(FontEntry(fname='/usr/share/fonts/truetype/Sahadeva/sahadeva.ttf', name='Sahadeva', style='normal', variant='normal', weight=400, stretch='normal', size='scalable')) = 10.05
DEBUG:matplotlib.font_manager:findfont: score(FontEntry(fname='/usr/share/fonts/truetype/malayalam/Uroob-Regular.ttf', name='Uroob', style='normal', variant='normal', weight=400, stretch='normal', size='scalable')) = 10.05
DEBUG:matplotlib.font_manager:findfont: score(FontEntry(fname='/usr/share/fonts/opentype/urw-base35/URWBookman-Demi.otf', name='URW Bookman', style='normal', variant='normal', weight=600, stretch='normal', size='scalable')) = 10.24
DEBUG:matplotlib.font_manager:findfont: score(FontEntry(fname='/usr/share/fonts/truetype/freefont/FreeSerif.ttf', name='FreeSerif', style='normal', variant='normal', weight=400, stretch='normal', size='scalable')) = 10.05
DEBUG:matplotlib.font_manager:findfont: score(FontEntry(fname='/usr/share/fonts/truetype/fonts-beng-extra/Ani.ttf', name='Ani', style='normal', variant='normal', weight=400, stretch='normal', size='scalable')) = 10.05
DEBUG:matplotlib.font_manager:findfont: score(FontEntry(fname='/usr/share/fonts/truetype/tlwg/Garuda-BoldOblique.ttf', name='Garuda', style='oblique', variant='normal', weight=700, stretch='normal', size='scalable')) = 11.335
DEBUG:matplotlib.font_manager:findfont: score(FontEntry(fname='/usr/share/fonts/truetype/tlwg/TlwgTypewriter.ttf', name='Tlwg Typewriter', style='normal', variant='normal', weight=400, stretch='normal', size='scalable')) = 10.05
DEBUG:matplotlib.font_manager:findfont: score(FontEntry(fname='/usr/share/fonts/truetype/tlwg/Garuda-Oblique.ttf', name='Garuda', style='oblique', variant='normal', weight=400, stretch='normal', size='scalable')) = 11.05
DEBUG:matplotlib.font_manager:findfont: score(FontEntry(fname='/usr/share/fonts/truetype/kacst/KacstNaskh.ttf', name='KacstNaskh', style='normal', variant='normal', weight=500, stretch='normal', size='scalable')) = 10.145
DEBUG:matplotlib.font_manager:findfont: score(FontEntry(fname='/usr/share/fonts/truetype/fonts-deva-extra/chandas1-2.ttf', name='Chandas', style='normal', variant='normal', weight=400, stretch='normal', size='scalable')) = 10.05
DEBUG:matplotlib.font_manager:findfont: score(FontEntry(fname='/usr/share/fonts/truetype/tlwg/Purisa-Oblique.ttf', name='Purisa', style='oblique', variant='normal', weight=400, stretch='normal', size='scalable')) = 11.05
DEBUG:matplotlib.font_manager:findfont: score(FontEntry(fname='/usr/share/fonts/truetype/liberation/LiberationSerif-Bold.ttf', name='Liberation Serif', style='normal', variant='normal', weight=700, stretch='normal', size='scalable')) = 10.335
DEBUG:matplotlib.font_manager:findfont: score(FontEntry(fname='/usr/share/fonts/opentype/urw-base35/NimbusSansNarrow-Bold.otf', name='Nimbus Sans Narrow', style='normal', variant='normal', weight=700, stretch='condensed', size='scalable')) = 10.535
DEBUG:matplotlib.font_manager:findfont: score(FontEntry(fname='/usr/share/fonts/truetype/ubuntu/Ubuntu-MI.ttf', name='Ubuntu', style='italic', variant='normal', weight=500, stretch='normal', size='scalable')) = 11.145
DEBUG:matplotlib.font_manager:findfont: score(FontEntry(fname='/usr/share/fonts/truetype/malayalam/Meera-Regular.ttf', name='Meera', style='normal', variant='normal', weight=400, stretch='normal', size='scalable')) = 10.05
DEBUG:matplotlib.font_manager:findfont: score(FontEntry(fname='/usr/share/fonts/truetype/kacst/KacstPen.ttf', name='KacstPen', style='normal', variant='normal', weight=500, stretch='normal', size='scalable')) = 10.145
DEBUG:matplotlib.font_manager:findfont: score(FontEntry(fname='/usr/share/fonts/truetype/freefont/FreeSerifBoldItalic.ttf', name='FreeSerif', style='italic', variant='normal', weight=700, stretch='normal', size='scalable')) = 11.335
DEBUG:matplotlib.font_manager:findfont: score(FontEntry(fname='/usr/share/fonts/truetype/tlwg/Kinnari-Italic.ttf', name='Kinnari', style='italic', variant='normal', weight=400, stretch='normal', size='scalable')) = 11.05
DEBUG:matplotlib.font_manager:findfont: score(FontEntry(fname='/usr/share/fonts/opentype/urw-base35/URWGothic-BookOblique.otf', name='URW Gothic', style='oblique', variant='normal', weight=400, stretch='normal', size='scalable')) = 11.05
DEBUG:matplotlib.font_manager:findfont: score(FontEntry(fname='/usr/share/fonts/truetype/tlwg/Umpush.ttf', name='Umpush', style='normal', variant='normal', weight=400, stretch='normal', size='scalable')) = 10.05
DEBUG:matplotlib.font_manager:findfont: score(FontEntry(fname='/usr/share/fonts/truetype/teluguvijayam/NTR.ttf', name='NTR', style='normal', variant='normal', weight=400, stretch='normal', size='scalable')) = 10.05
DEBUG:matplotlib.font_manager:findfont: score(FontEntry(fname='/usr/share/fonts/truetype/tlwg/Waree-Oblique.ttf', name='Waree', style='oblique', variant='normal', weight=400, stretch='normal', size='scalable')) = 11.05
DEBUG:matplotlib.font_manager:findfont: score(FontEntry(fname='/usr/share/fonts/truetype/fonts-yrsa-rasa/Rasa-Light.ttf', name='Rasa', style='normal', variant='normal', weight=300, stretch='normal', size='scalable')) = 10.145
DEBUG:matplotlib.font_manager:findfont: score(FontEntry(fname='/usr/share/fonts/truetype/kacst/KacstPoster.ttf', name='KacstPoster', style='normal', variant='normal', weight=500, stretch='normal', size='scalable')) = 10.145
DEBUG:matplotlib.font_manager:findfont: score(FontEntry(fname='/usr/share/fonts/truetype/liberation/LiberationMono-Bold.ttf', name='Liberation Mono', style='normal', variant='normal', weight=700, stretch='normal', size='scalable')) = 10.335
DEBUG:matplotlib.font_manager:findfont: score(FontEntry(fname='/usr/share/fonts/truetype/tlwg/TlwgTypist-Oblique.ttf', name='Tlwg Typist', style='oblique', variant='normal', weight=400, stretch='normal', size='scalable')) = 11.05
DEBUG:matplotlib.font_manager:findfont: score(FontEntry(fname='/usr/share/fonts/truetype/teluguvijayam/Suravaram.ttf', name='Suravaram', style='normal', variant='normal', weight=400, stretch='normal', size='scalable')) = 10.05
DEBUG:matplotlib.font_manager:findfont: score(FontEntry(fname='/usr/share/fonts/truetype/ubuntu/Ubuntu-R.ttf', name='Ubuntu', style='normal', variant='normal', weight=400, stretch='normal', size='scalable')) = 10.05
DEBUG:matplotlib.font_manager:findfont: score(FontEntry(fname='/usr/share/fonts/truetype/tlwg/TlwgTypewriter-Bold.ttf', name='Tlwg Typewriter', style='normal', variant='normal', weight=700, stretch='normal', size='scalable')) = 10.335
DEBUG:matplotlib.font_manager:findfont: score(FontEntry(fname='/usr/share/fonts/truetype/kacst/KacstDecorative.ttf', name='KacstDecorative', style='normal', variant='normal', weight=500, stretch='normal', size='scalable')) = 10.145
DEBUG:matplotlib.font_manager:findfont: score(FontEntry(fname='/usr/share/fonts/truetype/tlwg/TlwgTypo-Oblique.ttf', name='Tlwg Typo', style='oblique', variant='normal', weight=400, stretch='normal', size='scalable')) = 11.05
DEBUG:matplotlib.font_manager:findfont: score(FontEntry(fname='/usr/share/fonts/truetype/dejavu/DejaVuSansMono-Bold.ttf', name='DejaVu Sans Mono', style='normal', variant='normal', weight=700, stretch='normal', size='scalable')) = 10.335
DEBUG:matplotlib.font_manager:findfont: score(FontEntry(fname='/usr/share/fonts/truetype/teluguvijayam/Ramaraja-Regular.ttf', name='Ramaraja', style='normal', variant='normal', weight=400, stretch='normal', size='scalable')) = 10.05
DEBUG:matplotlib.font_manager:findfont: score(FontEntry(fname='/usr/share/fonts/truetype/abyssinica/AbyssinicaSIL-Regular.ttf', name='Abyssinica SIL', style='normal', variant='normal', weight=400, stretch='normal', size='scalable')) = 10.05
DEBUG:matplotlib.font_manager:findfont: score(FontEntry(fname='/usr/share/fonts/truetype/freefont/FreeSansBoldOblique.ttf', name='FreeSans', style='oblique', variant='normal', weight=600, stretch='normal', size='scalable')) = 11.24
DEBUG:matplotlib.font_manager:findfont: score(FontEntry(fname='/usr/share/fonts/truetype/dejavu/DejaVuSansMono.ttf', name='DejaVu Sans Mono', style='normal', variant='normal', weight=400, stretch='normal', size='scalable')) = 10.05
DEBUG:matplotlib.font_manager:findfont: score(FontEntry(fname='/usr/share/fonts/truetype/tlwg/Umpush-Bold.ttf', name='Umpush', style='normal', variant='normal', weight=700, stretch='normal', size='scalable')) = 10.335
DEBUG:matplotlib.font_manager:findfont: score(FontEntry(fname='/usr/share/fonts/truetype/kacst/KacstScreen.ttf', name='KacstScreen', style='normal', variant='normal', weight=500, stretch='normal', size='scalable')) = 10.145
DEBUG:matplotlib.font_manager:findfont: score(FontEntry(fname='/usr/share/fonts/opentype/urw-base35/NimbusSans-Italic.otf', name='Nimbus Sans', style='italic', variant='normal', weight=400, stretch='normal', size='scalable')) = 11.05
DEBUG:matplotlib.font_manager:findfont: score(FontEntry(fname='/usr/share/fonts/truetype/noto/NotoSansMono-Regular.ttf', name='Noto Sans Mono', style='normal', variant='normal', weight=400, stretch='normal', size='scalable')) = 10.05
DEBUG:matplotlib.font_manager:findfont: score(FontEntry(fname='/usr/share/fonts/truetype/dejavu/DejaVuSans.ttf', name='DejaVu Sans', style='normal', variant='normal', weight=400, stretch='normal', size='scalable')) = 0.05
DEBUG:matplotlib.font_manager:findfont: score(FontEntry(fname='/usr/share/fonts/opentype/malayalam/Gayathri-Thin.otf', name='Gayathri', style='normal', variant='normal', weight=100, stretch='normal', size='scalable')) = 10.335
DEBUG:matplotlib.font_manager:findfont: score(FontEntry(fname='/usr/share/fonts/truetype/liberation/LiberationSerif-Italic.ttf', name='Liberation Serif', style='italic', variant='normal', weight=400, stretch='normal', size='scalable')) = 11.05
DEBUG:matplotlib.font_manager:findfont: score(FontEntry(fname='/usr/share/fonts/truetype/kacst-one/KacstOne-Bold.ttf', name='KacstOne', style='normal', variant='normal', weight=700, stretch='normal', size='scalable')) = 10.335
DEBUG:matplotlib.font_manager:findfont: score(FontEntry(fname='/usr/share/fonts/truetype/fonts-gujr-extra/padmaa-Medium-0.5.ttf', name='padmaa', style='normal', variant='normal', weight=500, stretch='normal', size='scalable')) = 10.145
DEBUG:matplotlib.font_manager:findfont: score(FontEntry(fname='/usr/share/fonts/truetype/tlwg/Sawasdee.ttf', name='Sawasdee', style='normal', variant='normal', weight=400, stretch='normal', size='scalable')) = 10.05
DEBUG:matplotlib.font_manager:findfont: score(FontEntry(fname='/usr/share/fonts/opentype/urw-base35/NimbusSans-Bold.otf', name='Nimbus Sans', style='normal', variant='normal', weight=700, stretch='normal', size='scalable')) = 10.335
DEBUG:matplotlib.font_manager:findfont: score(FontEntry(fname='/usr/share/fonts/opentype/urw-base35/NimbusRoman-BoldItalic.otf', name='Nimbus Roman', style='italic', variant='normal', weight=700, stretch='normal', size='scalable')) = 11.335
DEBUG:matplotlib.font_manager:findfont: score(FontEntry(fname='/usr/share/fonts/truetype/fonts-beng-extra/LikhanNormal.ttf', name='Likhan', style='normal', variant='normal', weight=500, stretch='normal', size='scalable')) = 10.145
DEBUG:matplotlib.font_manager:findfont: score(FontEntry(fname='/usr/share/fonts/opentype/urw-base35/URWGothic-Book.otf', name='URW Gothic', style='normal', variant='normal', weight=400, stretch='normal', size='scalable')) = 10.05
DEBUG:matplotlib.font_manager:findfont: score(FontEntry(fname='/usr/share/fonts/truetype/fonts-gujr-extra/padmaa.ttf', name='padmaa', style='normal', variant='normal', weight=500, stretch='normal', size='scalable')) = 10.145
DEBUG:matplotlib.font_manager:findfont: score(FontEntry(fname='/usr/share/fonts/truetype/tlwg/TlwgMono.ttf', name='Tlwg Mono', style='normal', variant='normal', weight=400, stretch='normal', size='scalable')) = 10.05
DEBUG:matplotlib.font_manager:findfont: score(FontEntry(fname='/usr/share/fonts/truetype/teluguvijayam/mallanna.ttf', name='Mallanna', style='normal', variant='normal', weight=400, stretch='normal', size='scalable')) = 10.05
DEBUG:matplotlib.font_manager:findfont: score(FontEntry(fname='/usr/share/fonts/truetype/teluguvijayam/dhurjati.ttf', name='Dhurjati', style='normal', variant='normal', weight=400, stretch='normal', size='scalable')) = 10.05
DEBUG:matplotlib.font_manager:findfont: score(FontEntry(fname='/usr/share/fonts/opentype/urw-base35/StandardSymbolsPS.otf', name='Standard Symbols PS', style='normal', variant='normal', weight=400, stretch='normal', size='scalable')) = 10.05
DEBUG:matplotlib.font_manager:findfont: score(FontEntry(fname='/usr/share/fonts/truetype/dejavu/DejaVuSans-Bold.ttf', name='DejaVu Sans', style='normal', variant='normal', weight=700, stretch='normal', size='scalable')) = 0.33499999999999996
DEBUG:matplotlib.font_manager:findfont: score(FontEntry(fname='/usr/share/fonts/truetype/tibetan-machine/TibetanMachineUni.ttf', name='Tibetan Machine Uni', style='normal', variant='normal', weight=400, stretch='normal', size='scalable')) = 10.05
DEBUG:matplotlib.font_manager:findfont: score(FontEntry(fname='/usr/share/fonts/truetype/fonts-yrsa-rasa/Yrsa-LightItalic.ttf', name='Yrsa', style='italic', variant='normal', weight=300, stretch='normal', size='scalable')) = 11.145
DEBUG:matplotlib.font_manager:findfont: score(FontEntry(fname='/usr/share/fonts/truetype/tlwg/Kinnari-BoldItalic.ttf', name='Kinnari', style='italic', variant='normal', weight=700, stretch='normal', size='scalable')) = 11.335
DEBUG:matplotlib.font_manager:findfont: score(FontEntry(fname='/usr/share/fonts/truetype/libreoffice/opens___.ttf', name='OpenSymbol', style='normal', variant='normal', weight=400, stretch='normal', size='scalable')) = 10.05
DEBUG:matplotlib.font_manager:findfont: score(FontEntry(fname='/usr/share/fonts/truetype/teluguvijayam/TenaliRamakrishna-Regular.ttf', name='TenaliRamakrishna', style='normal', variant='normal', weight=400, stretch='normal', size='scalable')) = 10.05
DEBUG:matplotlib.font_manager:findfont: score(FontEntry(fname='/usr/share/fonts/truetype/tlwg/Laksaman.ttf', name='Laksaman', style='normal', variant='normal', weight=400, stretch='normal', size='scalable')) = 10.05
DEBUG:matplotlib.font_manager:findfont: score(FontEntry(fname='/usr/share/fonts/truetype/teluguvijayam/PottiSreeramulu.ttf', name='Potti Sreeramulu', style='normal', variant='normal', weight=400, stretch='normal', size='scalable')) = 10.05
DEBUG:matplotlib.font_manager:findfont: score(FontEntry(fname='/usr/share/fonts/truetype/sinhala/lklug.ttf', name='LKLUG', style='normal', variant='normal', weight=400, stretch='normal', size='scalable')) = 10.05
DEBUG:matplotlib.font_manager:findfont: score(FontEntry(fname='/usr/share/fonts/truetype/tlwg/TlwgTypewriter-BoldOblique.ttf', name='Tlwg Typewriter', style='oblique', variant='normal', weight=700, stretch='normal', size='scalable')) = 11.335
DEBUG:matplotlib.font_manager:findfont: score(FontEntry(fname='/usr/share/fonts/truetype/malayalam/RaghuMalayalamSans-Regular.ttf', name='RaghuMalayalamSans', style='normal', variant='normal', weight=400, stretch='normal', size='scalable')) = 10.05
DEBUG:matplotlib.font_manager:findfont: score(FontEntry(fname='/usr/share/fonts/truetype/samyak/Samyak-Devanagari.ttf', name='Samyak Devanagari', style='normal', variant='normal', weight=500, stretch='normal', size='scalable')) = 10.145
DEBUG:matplotlib.font_manager:findfont: score(FontEntry(fname='/usr/share/fonts/truetype/tlwg/Umpush-Light.ttf', name='Umpush', style='normal', variant='normal', weight=300, stretch='normal', size='scalable')) = 10.145
DEBUG:matplotlib.font_manager:findfont: score(FontEntry(fname='/usr/share/fonts/truetype/noto/NotoMono-Regular.ttf', name='Noto Mono', style='normal', variant='normal', weight=400, stretch='normal', size='scalable')) = 10.05
DEBUG:matplotlib.font_manager:findfont: score(FontEntry(fname='/usr/share/fonts/truetype/teluguvijayam/suranna.ttf', name='Suranna', style='normal', variant='normal', weight=400, stretch='normal', size='scalable')) = 10.05
DEBUG:matplotlib.font_manager:findfont: score(FontEntry(fname='/usr/share/fonts/opentype/urw-base35/NimbusMonoPS-BoldItalic.otf', name='Nimbus Mono PS', style='italic', variant='normal', weight=700, stretch='normal', size='scalable')) = 11.335
DEBUG:matplotlib.font_manager:findfont: score(FontEntry(fname='/usr/share/fonts/opentype/urw-base35/NimbusRoman-Regular.otf', name='Nimbus Roman', style='normal', variant='normal', weight=400, stretch='normal', size='scalable')) = 10.05
DEBUG:matplotlib.font_manager:findfont: score(FontEntry(fname='/usr/share/fonts/truetype/lohit-oriya/Lohit-Odia.ttf', name='Lohit Odia', style='normal', variant='normal', weight=400, stretch='normal', size='scalable')) = 10.05
DEBUG:matplotlib.font_manager:findfont: score(FontEntry(fname='/usr/share/fonts/truetype/tlwg/Norasi-Oblique.ttf', name='Norasi', style='oblique', variant='normal', weight=400, stretch='normal', size='scalable')) = 11.05
DEBUG:matplotlib.font_manager:findfont: score(FontEntry(fname='/usr/share/fonts/truetype/lohit-gujarati/Lohit-Gujarati.ttf', name='Lohit Gujarati', style='normal', variant='normal', weight=400, stretch='normal', size='scalable')) = 10.05
DEBUG:matplotlib.font_manager:findfont: score(FontEntry(fname='/usr/share/fonts/truetype/tlwg/TlwgMono-Oblique.ttf', name='Tlwg Mono', style='oblique', variant='normal', weight=400, stretch='normal', size='scalable')) = 11.05
DEBUG:matplotlib.font_manager:findfont: score(FontEntry(fname='/usr/share/fonts/truetype/tlwg/Waree-Bold.ttf', name='Waree', style='normal', variant='normal', weight=700, stretch='normal', size='scalable')) = 10.335
DEBUG:matplotlib.font_manager:findfont: score(FontEntry(fname='/usr/share/fonts/opentype/urw-base35/P052-BoldItalic.otf', name='P052', style='italic', variant='normal', weight=700, stretch='normal', size='scalable')) = 11.335
DEBUG:matplotlib.font_manager:findfont: score(FontEntry(fname='/usr/share/fonts/truetype/fonts-beng-extra/MitraMono.ttf', name='Mitra ', style='normal', variant='normal', weight=400, stretch='normal', size='scalable')) = 10.05
DEBUG:matplotlib.font_manager:findfont: score(FontEntry(fname='/usr/share/fonts/truetype/ubuntu/UbuntuMono-BI.ttf', name='Ubuntu Mono', style='italic', variant='normal', weight=700, stretch='normal', size='scalable')) = 11.335
DEBUG:matplotlib.font_manager:findfont: score(FontEntry(fname='/usr/share/fonts/truetype/teluguvijayam/SyamalaRamana.ttf', name='Syamala Ramana', style='normal', variant='normal', weight=400, stretch='normal', size='scalable')) = 10.05
DEBUG:matplotlib.font_manager:findfont: score(FontEntry(fname='/usr/share/fonts/opentype/urw-base35/Z003-MediumItalic.otf', name='Z003', style='italic', variant='normal', weight=500, stretch='normal', size='scalable')) = 11.145
DEBUG:matplotlib.font_manager:findfont: score(FontEntry(fname='/usr/share/fonts/opentype/malayalam/Gayathri-Regular.otf', name='Gayathri', style='normal', variant='normal', weight=400, stretch='normal', size='scalable')) = 10.05
DEBUG:matplotlib.font_manager:findfont: score(FontEntry(fname='/usr/share/fonts/truetype/tlwg/TlwgMono-Bold.ttf', name='Tlwg Mono', style='normal', variant='normal', weight=700, stretch='normal', size='scalable')) = 10.335
DEBUG:matplotlib.font_manager:findfont: score(FontEntry(fname='/usr/share/fonts/truetype/freefont/FreeMono.ttf', name='FreeMono', style='normal', variant='normal', weight=400, stretch='normal', size='scalable')) = 10.05
DEBUG:matplotlib.font_manager:findfont: score(FontEntry(fname='/usr/share/fonts/truetype/freefont/FreeSansBold.ttf', name='FreeSans', style='normal', variant='normal', weight=600, stretch='normal', size='scalable')) = 10.24
DEBUG:matplotlib.font_manager:findfont: score(FontEntry(fname='/usr/share/fonts/opentype/malayalam/Manjari-Bold.otf', name='Manjari', style='normal', variant='normal', weight=700, stretch='normal', size='scalable')) = 10.335
DEBUG:matplotlib.font_manager:findfont: score(FontEntry(fname='/usr/share/fonts/opentype/urw-base35/NimbusMonoPS-Italic.otf', name='Nimbus Mono PS', style='italic', variant='normal', weight=400, stretch='normal', size='scalable')) = 11.05
DEBUG:matplotlib.font_manager:findfont: score(FontEntry(fname='/usr/share/fonts/truetype/liberation/LiberationMono-Regular.ttf', name='Liberation Mono', style='normal', variant='normal', weight=400, stretch='normal', size='scalable')) = 10.05
DEBUG:matplotlib.font_manager:findfont: score(FontEntry(fname='/usr/share/fonts/truetype/teluguvijayam/Gurajada.ttf', name='Gurajada', style='normal', variant='normal', weight=400, stretch='normal', size='scalable')) = 10.05
DEBUG:matplotlib.font_manager:findfont: score(FontEntry(fname='/usr/share/fonts/truetype/tlwg/Purisa-Bold.ttf', name='Purisa', style='normal', variant='normal', weight=700, stretch='normal', size='scalable')) = 10.335
DEBUG:matplotlib.font_manager:findfont: score(FontEntry(fname='/usr/share/fonts/truetype/dejavu/DejaVuSerif.ttf', name='DejaVu Serif', style='normal', variant='normal', weight=400, stretch='normal', size='scalable')) = 10.05
DEBUG:matplotlib.font_manager:findfont: score(FontEntry(fname='/usr/share/fonts/truetype/fonts-yrsa-rasa/Rasa-Bold.ttf', name='Rasa', style='normal', variant='normal', weight=700, stretch='normal', size='scalable')) = 10.335
DEBUG:matplotlib.font_manager:findfont: score(FontEntry(fname='/usr/share/fonts/truetype/tlwg/TlwgTypo-Bold.ttf', name='Tlwg Typo', style='normal', variant='normal', weight=700, stretch='normal', size='scalable')) = 10.335
DEBUG:matplotlib.font_manager:findfont: score(FontEntry(fname='/usr/share/fonts/truetype/lohit-bengali/Lohit-Bengali.ttf', name='Lohit Bengali', style='normal', variant='normal', weight=400, stretch='normal', size='scalable')) = 10.05
DEBUG:matplotlib.font_manager:findfont: score(FontEntry(fname='/usr/share/fonts/truetype/teluguvijayam/TimmanaRegular.ttf', name='Timmana', style='normal', variant='normal', weight=900, stretch='normal', size='scalable')) = 10.525
DEBUG:matplotlib.font_manager:findfont: score(FontEntry(fname='/usr/share/fonts/opentype/urw-base35/NimbusMonoPS-Bold.otf', name='Nimbus Mono PS', style='normal', variant='normal', weight=700, stretch='normal', size='scalable')) = 10.335
DEBUG:matplotlib.font_manager:findfont: score(FontEntry(fname='/usr/share/fonts/opentype/malayalam/Manjari-Thin.otf', name='Manjari', style='normal', variant='normal', weight=100, stretch='normal', size='scalable')) = 10.335
DEBUG:matplotlib.font_manager:findfont: score(FontEntry(fname='/usr/share/fonts/truetype/liberation/LiberationMono-BoldItalic.ttf', name='Liberation Mono', style='italic', variant='normal', weight=700, stretch='normal', size='scalable')) = 11.335
DEBUG:matplotlib.font_manager:findfont: score(FontEntry(fname='/usr/share/fonts/truetype/tlwg/Loma-Bold.ttf', name='Loma', style='normal', variant='normal', weight=700, stretch='normal', size='scalable')) = 10.335
DEBUG:matplotlib.font_manager:findfont: score(FontEntry(fname='/usr/share/fonts/truetype/fonts-yrsa-rasa/Rasa-Medium.ttf', name='Rasa', style='normal', variant='normal', weight=500, stretch='normal', size='scalable')) = 10.145
DEBUG:matplotlib.font_manager:findfont: score(FontEntry(fname='/usr/share/fonts/truetype/tlwg/Kinnari-BoldOblique.ttf', name='Kinnari', style='oblique', variant='normal', weight=700, stretch='normal', size='scalable')) = 11.335
DEBUG:matplotlib.font_manager:findfont: score(FontEntry(fname='/usr/share/fonts/truetype/liberation2/LiberationMono-Bold.ttf', name='Liberation Mono', style='normal', variant='normal', weight=700, stretch='normal', size='scalable')) = 10.335
DEBUG:matplotlib.font_manager:findfont: score(FontEntry(fname='/usr/share/fonts/truetype/ubuntu/UbuntuMono-RI.ttf', name='Ubuntu Mono', style='italic', variant='normal', weight=400, stretch='normal', size='scalable')) = 11.05
DEBUG:matplotlib.font_manager:findfont: score(FontEntry(fname='/usr/share/fonts/truetype/liberation/LiberationSerif-BoldItalic.ttf', name='Liberation Serif', style='italic', variant='normal', weight=700, stretch='normal', size='scalable')) = 11.335
DEBUG:matplotlib.font_manager:findfont: score(FontEntry(fname='/usr/share/fonts/truetype/droid/DroidSansFallbackFull.ttf', name='Droid Sans Fallback', style='normal', variant='normal', weight=400, stretch='normal', size='scalable')) = 10.05
DEBUG:matplotlib.font_manager:findfont: score(FontEntry(fname='/usr/share/fonts/truetype/Gargi/Gargi.ttf', name='Gargi', style='normal', variant='normal', weight=400, stretch='normal', size='scalable')) = 10.05
DEBUG:matplotlib.font_manager:findfont: score(FontEntry(fname='/usr/share/fonts/truetype/teluguvijayam/Gidugu.ttf', name='Gidugu', style='normal', variant='normal', weight=400, stretch='normal', size='scalable')) = 10.05
DEBUG:matplotlib.font_manager:findfont: score(FontEntry(fname='/usr/share/fonts/opentype/urw-base35/NimbusSans-BoldItalic.otf', name='Nimbus Sans', style='italic', variant='normal', weight=700, stretch='normal', size='scalable')) = 11.335
DEBUG:matplotlib.font_manager:findfont: score(FontEntry(fname='/usr/share/fonts/opentype/urw-base35/URWGothic-Demi.otf', name='URW Gothic', style='normal', variant='normal', weight=600, stretch='normal', size='scalable')) = 10.24
DEBUG:matplotlib.font_manager:findfont: score(FontEntry(fname='/usr/share/fonts/truetype/tlwg/Umpush-LightOblique.ttf', name='Umpush', style='oblique', variant='normal', weight=300, stretch='normal', size='scalable')) = 11.145
DEBUG:matplotlib.font_manager:findfont: score(FontEntry(fname='/usr/share/fonts/truetype/tlwg/TlwgTypewriter-Oblique.ttf', name='Tlwg Typewriter', style='oblique', variant='normal', weight=400, stretch='normal', size='scalable')) = 11.05
DEBUG:matplotlib.font_manager:findfont: score(FontEntry(fname='/usr/share/fonts/truetype/fonts-telu-extra/vemana2000.ttf', name='Vemana2000', style='normal', variant='normal', weight=400, stretch='normal', size='scalable')) = 10.05
DEBUG:matplotlib.font_manager:findfont: score(FontEntry(fname='/usr/share/fonts/truetype/tlwg/Kinnari-Bold.ttf', name='Kinnari', style='normal', variant='normal', weight=700, stretch='normal', size='scalable')) = 10.335
DEBUG:matplotlib.font_manager:findfont: score(FontEntry(fname='/usr/share/fonts/truetype/fonts-gujr-extra/padmaa-Bold.1.1.ttf', name='padmaa-Bold.1.1', style='normal', variant='normal', weight=700, stretch='normal', size='scalable')) = 10.335
DEBUG:matplotlib.font_manager:findfont: score(FontEntry(fname='/usr/share/fonts/truetype/liberation2/LiberationSans-Regular.ttf', name='Liberation Sans', style='normal', variant='normal', weight=400, stretch='normal', size='scalable')) = 10.05
DEBUG:matplotlib.font_manager:findfont: score(FontEntry(fname='/usr/share/fonts/truetype/ubuntu/Ubuntu-C.ttf', name='Ubuntu Condensed', style='normal', variant='normal', weight=400, stretch='condensed', size='scalable')) = 10.25
DEBUG:matplotlib.font_manager:findfont: score(FontEntry(fname='/usr/share/fonts/opentype/noto/NotoSansCJK-Bold.ttc', name='Noto Sans CJK JP', style='normal', variant='normal', weight=700, stretch='normal', size='scalable')) = 10.335
DEBUG:matplotlib.font_manager:findfont: score(FontEntry(fname='/usr/share/fonts/truetype/liberation/LiberationSans-BoldItalic.ttf', name='Liberation Sans', style='italic', variant='normal', weight=700, stretch='normal', size='scalable')) = 11.335
DEBUG:matplotlib.font_manager:findfont: score(FontEntry(fname='/usr/share/fonts/opentype/urw-base35/NimbusSansNarrow-Oblique.otf', name='Nimbus Sans Narrow', style='oblique', variant='normal', weight=400, stretch='condensed', size='scalable')) = 11.25
DEBUG:matplotlib.font_manager:findfont: score(FontEntry(fname='/usr/share/fonts/truetype/ubuntu/UbuntuMono-B.ttf', name='Ubuntu Mono', style='normal', variant='normal', weight=700, stretch='normal', size='scalable')) = 10.335
DEBUG:matplotlib.font_manager:findfont: score(FontEntry(fname='/usr/share/fonts/truetype/liberation/LiberationSansNarrow-BoldItalic.ttf', name='Liberation Sans Narrow', style='italic', variant='normal', weight=700, stretch='condensed', size='scalable')) = 11.535
DEBUG:matplotlib.font_manager:findfont: score(FontEntry(fname='/usr/share/fonts/truetype/fonts-gujr-extra/aakar-medium.ttf', name='aakar', style='normal', variant='normal', weight=500, stretch='normal', size='scalable')) = 10.145
DEBUG:matplotlib.font_manager:findfont: score(FontEntry(fname='/usr/share/fonts/truetype/Nakula/nakula.ttf', name='Nakula', style='normal', variant='normal', weight=400, stretch='normal', size='scalable')) = 10.05
DEBUG:matplotlib.font_manager:findfont: score(FontEntry(fname='/usr/share/fonts/opentype/urw-base35/C059-Italic.otf', name='C059', style='italic', variant='normal', weight=400, stretch='normal', size='scalable')) = 11.05
DEBUG:matplotlib.font_manager:findfont: score(FontEntry(fname='/usr/share/fonts/truetype/ubuntu/Ubuntu-LI.ttf', name='Ubuntu', style='italic', variant='normal', weight=300, stretch='normal', size='scalable')) = 11.145
DEBUG:matplotlib.font_manager:findfont: score(FontEntry(fname='/usr/share/fonts/truetype/tlwg/TlwgTypist-BoldOblique.ttf', name='Tlwg Typist', style='oblique', variant='normal', weight=700, stretch='normal', size='scalable')) = 11.335
DEBUG:matplotlib.font_manager:findfont: score(FontEntry(fname='/usr/share/fonts/truetype/teluguvijayam/Mandali-Regular.ttf', name='Mandali', style='normal', variant='normal', weight=400, stretch='normal', size='scalable')) = 10.05
DEBUG:matplotlib.font_manager:findfont: score(FontEntry(fname='/usr/share/fonts/opentype/urw-base35/C059-Bold.otf', name='C059', style='normal', variant='normal', weight=700, stretch='normal', size='scalable')) = 10.335
DEBUG:matplotlib.font_manager:findfont: score(FontEntry(fname='/usr/share/fonts/truetype/lohit-malayalam/Lohit-Malayalam.ttf', name='Lohit Malayalam', style='normal', variant='normal', weight=400, stretch='normal', size='scalable')) = 10.05
DEBUG:matplotlib.font_manager:findfont: score(FontEntry(fname='/usr/share/fonts/truetype/teluguvijayam/ramabhadra.ttf', name='Ramabhadra', style='normal', variant='normal', weight=400, stretch='normal', size='scalable')) = 10.05
DEBUG:matplotlib.font_manager:findfont: score(FontEntry(fname='/usr/share/fonts/truetype/freefont/FreeSerifBold.ttf', name='FreeSerif', style='normal', variant='normal', weight=700, stretch='normal', size='scalable')) = 10.335
DEBUG:matplotlib.font_manager:findfont: score(FontEntry(fname='/usr/share/fonts/truetype/fonts-yrsa-rasa/Yrsa-Italic.ttf', name='Yrsa', style='italic', variant='normal', weight=400, stretch='normal', size='scalable')) = 11.05
DEBUG:matplotlib.font_manager:findfont: score(FontEntry(fname='/usr/share/fonts/opentype/urw-base35/NimbusMonoPS-Regular.otf', name='Nimbus Mono PS', style='normal', variant='normal', weight=400, stretch='normal', size='scalable')) = 10.05
DEBUG:matplotlib.font_manager:findfont: score(FontEntry(fname='/usr/share/fonts/truetype/ubuntu/Ubuntu-Th.ttf', name='Ubuntu', style='normal', variant='normal', weight=250, stretch='normal', size='scalable')) = 10.1925
DEBUG:matplotlib.font_manager:findfont: score(FontEntry(fname='/usr/share/fonts/opentype/urw-base35/P052-Roman.otf', name='P052', style='normal', variant='normal', weight=400, stretch='normal', size='scalable')) = 10.05
DEBUG:matplotlib.font_manager:findfont: score(FontEntry(fname='/usr/share/fonts/truetype/samyak-fonts/Samyak-Tamil.ttf', name='Samyak Tamil', style='normal', variant='normal', weight=500, stretch='normal', size='scalable')) = 10.145
DEBUG:matplotlib.font_manager:findfont: score(FontEntry(fname='/usr/share/fonts/truetype/liberation/LiberationSans-Italic.ttf', name='Liberation Sans', style='italic', variant='normal', weight=400, stretch='normal', size='scalable')) = 11.05
DEBUG:matplotlib.font_manager:findfont: score(FontEntry(fname='/usr/share/fonts/truetype/tlwg/Sawasdee-BoldOblique.ttf', name='Sawasdee', style='oblique', variant='normal', weight=700, stretch='normal', size='scalable')) = 11.335
DEBUG:matplotlib.font_manager:findfont: score(FontEntry(fname='/usr/share/fonts/opentype/urw-base35/NimbusSans-Regular.otf', name='Nimbus Sans', style='normal', variant='normal', weight=400, stretch='normal', size='scalable')) = 10.05
DEBUG:matplotlib.font_manager:findfont: score(FontEntry(fname='/usr/share/fonts/truetype/tlwg/Garuda.ttf', name='Garuda', style='normal', variant='normal', weight=400, stretch='normal', size='scalable')) = 10.05
DEBUG:matplotlib.font_manager:findfont: score(FontEntry(fname='/usr/share/fonts/truetype/ubuntu/Ubuntu-M.ttf', name='Ubuntu', style='normal', variant='normal', weight=500, stretch='normal', size='scalable')) = 10.145
DEBUG:matplotlib.font_manager:findfont: score(FontEntry(fname='/usr/share/fonts/opentype/urw-base35/D050000L.otf', name='D050000L', style='normal', variant='normal', weight=400, stretch='normal', size='scalable')) = 10.05
DEBUG:matplotlib.font_manager:findfont: score(FontEntry(fname='/usr/share/fonts/truetype/pagul/Pagul.ttf', name='Pagul', style='normal', variant='normal', weight=400, stretch='normal', size='scalable')) = 10.05
DEBUG:matplotlib.font_manager:findfont: score(FontEntry(fname='/usr/share/fonts/truetype/fonts-beng-extra/Mukti.ttf', name='Mukti', style='normal', variant='normal', weight=500, stretch='normal', size='scalable')) = 10.145
DEBUG:matplotlib.font_manager:findfont: score(FontEntry(fname='/usr/share/fonts/truetype/kacst/KacstTitle.ttf', name='KacstTitle', style='normal', variant='normal', weight=500, stretch='normal', size='scalable')) = 10.145
DEBUG:matplotlib.font_manager:findfont: score(FontEntry(fname='/usr/share/fonts/opentype/urw-base35/C059-BdIta.otf', name='C059', style='italic', variant='normal', weight=700, stretch='normal', size='scalable')) = 11.335
DEBUG:matplotlib.font_manager:findfont: score(FontEntry(fname='/usr/share/fonts/truetype/tlwg/TlwgMono-BoldOblique.ttf', name='Tlwg Mono', style='oblique', variant='normal', weight=700, stretch='normal', size='scalable')) = 11.335
DEBUG:matplotlib.font_manager:findfont: score(FontEntry(fname='/usr/share/fonts/opentype/malayalam/Gayathri-Bold.otf', name='Gayathri', style='normal', variant='normal', weight=700, stretch='normal', size='scalable')) = 10.335
DEBUG:matplotlib.font_manager:findfont: score(FontEntry(fname='/usr/share/fonts/opentype/noto/NotoSerifCJK-Regular.ttc', name='Noto Serif CJK JP', style='normal', variant='normal', weight=400, stretch='normal', size='scalable')) = 10.05
DEBUG:matplotlib.font_manager:findfont: score(FontEntry(fname='/usr/share/fonts/truetype/liberation2/LiberationMono-Italic.ttf', name='Liberation Mono', style='italic', variant='normal', weight=400, stretch='normal', size='scalable')) = 11.05
DEBUG:matplotlib.font_manager:findfont: score(FontEntry(fname='/usr/share/fonts/truetype/kacst/KacstDigital.ttf', name='KacstDigital', style='normal', variant='normal', weight=500, stretch='normal', size='scalable')) = 10.145
DEBUG:matplotlib.font_manager:findfont: score(FontEntry(fname='/usr/share/fonts/truetype/kacst/KacstBook.ttf', name='KacstBook', style='normal', variant='normal', weight=500, stretch='normal', size='scalable')) = 10.145
DEBUG:matplotlib.font_manager:findfont: score(FontEntry(fname='/usr/share/fonts/truetype/tlwg/TlwgTypist.ttf', name='Tlwg Typist', style='normal', variant='normal', weight=400, stretch='normal', size='scalable')) = 10.05
DEBUG:matplotlib.font_manager:findfont: score(FontEntry(fname='/usr/share/fonts/truetype/ubuntu/Ubuntu-RI.ttf', name='Ubuntu', style='italic', variant='normal', weight=400, stretch='normal', size='scalable')) = 11.05
DEBUG:matplotlib.font_manager:findfont: score(FontEntry(fname='/usr/share/fonts/truetype/padauk/PadaukBook-Bold.ttf', name='Padauk Book', style='normal', variant='normal', weight=700, stretch='normal', size='scalable')) = 10.335
DEBUG:matplotlib.font_manager:findfont: score(FontEntry(fname='/usr/share/fonts/truetype/Gubbi/Gubbi.ttf', name='Gubbi', style='normal', variant='normal', weight=400, stretch='normal', size='scalable')) = 10.05
DEBUG:matplotlib.font_manager:findfont: score(FontEntry(fname='/usr/share/fonts/truetype/freefont/FreeSansOblique.ttf', name='FreeSans', style='oblique', variant='normal', weight=400, stretch='normal', size='scalable')) = 11.05
DEBUG:matplotlib.font_manager:findfont: score(FontEntry(fname='/usr/share/fonts/truetype/liberation2/LiberationSerif-Bold.ttf', name='Liberation Serif', style='normal', variant='normal', weight=700, stretch='normal', size='scalable')) = 10.335
DEBUG:matplotlib.font_manager:findfont: score(FontEntry(fname='/usr/share/fonts/truetype/fonts-orya-extra/utkal.ttf', name='ori1Uni', style='normal', variant='normal', weight=500, stretch='normal', size='scalable')) = 10.145
DEBUG:matplotlib.font_manager:findfont: score(FontEntry(fname='/usr/share/fonts/truetype/liberation2/LiberationSans-BoldItalic.ttf', name='Liberation Sans', style='italic', variant='normal', weight=700, stretch='normal', size='scalable')) = 11.335
DEBUG:matplotlib.font_manager:findfont: score(FontEntry(fname='/usr/share/fonts/truetype/malayalam/Suruma.ttf', name='Suruma', style='normal', variant='normal', weight=500, stretch='normal', size='scalable')) = 10.145
DEBUG:matplotlib.font_manager:findfont: score(FontEntry(fname='/usr/share/fonts/truetype/tlwg/Purisa.ttf', name='Purisa', style='normal', variant='normal', weight=400, stretch='normal', size='scalable')) = 10.05
DEBUG:matplotlib.font_manager:findfont: score(FontEntry(fname='/usr/share/fonts/truetype/kacst/mry_KacstQurn.ttf', name='mry_KacstQurn', style='normal', variant='normal', weight=400, stretch='normal', size='scalable')) = 10.05
DEBUG:matplotlib.font_manager:findfont: score(FontEntry(fname='/usr/share/fonts/truetype/tlwg/Norasi-BoldOblique.ttf', name='Norasi', style='oblique', variant='normal', weight=700, stretch='normal', size='scalable')) = 11.335
DEBUG:matplotlib.font_manager:findfont: score(FontEntry(fname='/usr/share/fonts/opentype/urw-base35/URWBookman-Light.otf', name='URW Bookman', style='normal', variant='normal', weight=300, stretch='normal', size='scalable')) = 10.145
DEBUG:matplotlib.font_manager:findfont: score(FontEntry(fname='/usr/share/fonts/truetype/tlwg/Sawasdee-Oblique.ttf', name='Sawasdee', style='oblique', variant='normal', weight=400, stretch='normal', size='scalable')) = 11.05
DEBUG:matplotlib.font_manager:findfont: score(FontEntry(fname='/usr/share/fonts/truetype/teluguvijayam/Peddana-Regular.ttf', name='Peddana', style='normal', variant='normal', weight=400, stretch='normal', size='scalable')) = 10.05
DEBUG:matplotlib.font_manager:findfont: score(FontEntry(fname='/usr/share/fonts/opentype/urw-base35/P052-Bold.otf', name='P052', style='normal', variant='normal', weight=700, stretch='normal', size='scalable')) = 10.335
DEBUG:matplotlib.font_manager:findfont: score(FontEntry(fname='/usr/share/fonts/truetype/kacst/KacstQurn.ttf', name='KacstQurn', style='normal', variant='normal', weight=400, stretch='normal', size='scalable')) = 10.05
DEBUG:matplotlib.font_manager:findfont: score(FontEntry(fname='/usr/share/fonts/truetype/tlwg/Umpush-Oblique.ttf', name='Umpush', style='oblique', variant='normal', weight=400, stretch='normal', size='scalable')) = 11.05
DEBUG:matplotlib.font_manager:findfont: score(FontEntry(fname='/usr/share/fonts/truetype/fonts-yrsa-rasa/Yrsa-Medium.ttf', name='Yrsa', style='normal', variant='normal', weight=500, stretch='normal', size='scalable')) = 10.145
DEBUG:matplotlib.font_manager:findfont: score(FontEntry(fname='/usr/share/fonts/opentype/urw-base35/NimbusRoman-Bold.otf', name='Nimbus Roman', style='normal', variant='normal', weight=700, stretch='normal', size='scalable')) = 10.335
DEBUG:matplotlib.font_manager:findfont: score(FontEntry(fname='/usr/share/fonts/truetype/tlwg/Loma-BoldOblique.ttf', name='Loma', style='oblique', variant='normal', weight=700, stretch='normal', size='scalable')) = 11.335
DEBUG:matplotlib.font_manager:findfont: score(FontEntry(fname='/usr/share/fonts/truetype/liberation/LiberationSansNarrow-Italic.ttf', name='Liberation Sans Narrow', style='italic', variant='normal', weight=400, stretch='condensed', size='scalable')) = 11.25
DEBUG:matplotlib.font_manager:findfont: score(FontEntry(fname='/usr/share/fonts/truetype/freefont/FreeMonoBold.ttf', name='FreeMono', style='normal', variant='normal', weight=700, stretch='normal', size='scalable')) = 10.335
DEBUG:matplotlib.font_manager:findfont: score(FontEntry(fname='/usr/share/fonts/opentype/malayalam/Manjari-Regular.otf', name='Manjari', style='normal', variant='normal', weight=400, stretch='normal', size='scalable')) = 10.05
DEBUG:matplotlib.font_manager:findfont: score(FontEntry(fname='/usr/share/fonts/opentype/urw-base35/P052-Italic.otf', name='P052', style='italic', variant='normal', weight=400, stretch='normal', size='scalable')) = 11.05
DEBUG:matplotlib.font_manager:findfont: score(FontEntry(fname='/usr/share/fonts/truetype/kacst/KacstOffice.ttf', name='KacstOffice', style='normal', variant='normal', weight=500, stretch='normal', size='scalable')) = 10.145
DEBUG:matplotlib.font_manager:findfont: score(FontEntry(fname='/usr/share/fonts/truetype/noto/NotoSansMono-Bold.ttf', name='Noto Sans Mono', style='normal', variant='normal', weight=700, stretch='normal', size='scalable')) = 10.335
DEBUG:matplotlib.font_manager:findfont: score(FontEntry(fname='/usr/share/fonts/truetype/tlwg/Garuda-Bold.ttf', name='Garuda', style='normal', variant='normal', weight=700, stretch='normal', size='scalable')) = 10.335
DEBUG:matplotlib.font_manager:findfont: score(FontEntry(fname='/usr/share/fonts/truetype/liberation/LiberationSans-Bold.ttf', name='Liberation Sans', style='normal', variant='normal', weight=700, stretch='normal', size='scalable')) = 10.335
DEBUG:matplotlib.font_manager:findfont: score(FontEntry(fname='/usr/share/fonts/truetype/kacst-one/KacstOne.ttf', name='KacstOne', style='normal', variant='normal', weight=400, stretch='normal', size='scalable')) = 10.05
DEBUG:matplotlib.font_manager:findfont: score(FontEntry(fname='/usr/share/fonts/truetype/liberation/LiberationMono-Italic.ttf', name='Liberation Mono', style='italic', variant='normal', weight=400, stretch='normal', size='scalable')) = 11.05
DEBUG:matplotlib.font_manager:findfont: score(FontEntry(fname='/usr/share/fonts/truetype/teluguvijayam/SreeKrushnadevaraya.ttf', name='Sree Krushnadevaraya', style='normal', variant='normal', weight=400, stretch='normal', size='scalable')) = 10.05
DEBUG:matplotlib.font_manager:findfont: score(FontEntry(fname='/usr/share/fonts/truetype/tlwg/Purisa-BoldOblique.ttf', name='Purisa', style='oblique', variant='normal', weight=700, stretch='normal', size='scalable')) = 11.335
DEBUG:matplotlib.font_manager:findfont: score(FontEntry(fname='/usr/share/fonts/truetype/fonts-yrsa-rasa/Yrsa-MediumItalic.ttf', name='Yrsa', style='italic', variant='normal', weight=500, stretch='normal', size='scalable')) = 11.145
DEBUG:matplotlib.font_manager:findfont: score(FontEntry(fname='/usr/share/fonts/opentype/noto/NotoSerifCJK-Bold.ttc', name='Noto Serif CJK JP', style='normal', variant='normal', weight=700, stretch='normal', size='scalable')) = 10.335
DEBUG:matplotlib.font_manager:findfont: score(FontEntry(fname='/usr/share/fonts/truetype/liberation2/LiberationSerif-Regular.ttf', name='Liberation Serif', style='normal', variant='normal', weight=400, stretch='normal', size='scalable')) = 10.05
DEBUG:matplotlib.font_manager:findfont: score(FontEntry(fname='/usr/share/fonts/truetype/liberation2/LiberationMono-BoldItalic.ttf', name='Liberation Mono', style='italic', variant='normal', weight=700, stretch='normal', size='scalable')) = 11.335
DEBUG:matplotlib.font_manager:findfont: score(FontEntry(fname='/usr/share/fonts/truetype/tlwg/Loma-Oblique.ttf', name='Loma', style='oblique', variant='normal', weight=400, stretch='normal', size='scalable')) = 11.05
DEBUG:matplotlib.font_manager:findfont: score(FontEntry(fname='/usr/share/fonts/truetype/ttf-khmeros-core/KhmerOSsys.ttf', name='Khmer OS System', style='normal', variant='normal', weight=400, stretch='normal', size='scalable')) = 10.05
DEBUG:matplotlib.font_manager:findfont: score(FontEntry(fname='/usr/share/fonts/truetype/liberation2/LiberationMono-Regular.ttf', name='Liberation Mono', style='normal', variant='normal', weight=400, stretch='normal', size='scalable')) = 10.05
DEBUG:matplotlib.font_manager:findfont: score(FontEntry(fname='/usr/share/fonts/truetype/lohit-devanagari/Lohit-Devanagari.ttf', name='Lohit Devanagari', style='normal', variant='normal', weight=400, stretch='normal', size='scalable')) = 10.05
DEBUG:matplotlib.font_manager:findfont: score(FontEntry(fname='/usr/share/fonts/opentype/urw-base35/URWBookman-DemiItalic.otf', name='URW Bookman', style='italic', variant='normal', weight=600, stretch='normal', size='scalable')) = 11.24
DEBUG:matplotlib.font_manager:findfont: score(FontEntry(fname='/usr/share/fonts/truetype/fonts-beng-extra/JamrulNormal.ttf', name='Jamrul', style='normal', variant='normal', weight=500, stretch='normal', size='scalable')) = 10.145
DEBUG:matplotlib.font_manager:findfont: score(FontEntry(fname='/usr/share/fonts/truetype/kacst/KacstLetter.ttf', name='KacstLetter', style='normal', variant='normal', weight=500, stretch='normal', size='scalable')) = 10.145
DEBUG:matplotlib.font_manager:findfont: score(FontEntry(fname='/usr/share/fonts/truetype/ubuntu/Ubuntu-L.ttf', name='Ubuntu', style='normal', variant='normal', weight=300, stretch='normal', size='scalable')) = 10.145
DEBUG:matplotlib.font_manager:findfont: score(FontEntry(fname='/usr/share/fonts/truetype/tlwg/Norasi-Italic.ttf', name='Norasi', style='italic', variant='normal', weight=400, stretch='normal', size='scalable')) = 11.05
DEBUG:matplotlib.font_manager:findfont: score(FontEntry(fname='/usr/share/fonts/truetype/fonts-yrsa-rasa/Yrsa-Bold.ttf', name='Yrsa', style='normal', variant='normal', weight=700, stretch='normal', size='scalable')) = 10.335
DEBUG:matplotlib.font_manager:findfont: score(FontEntry(fname='/usr/share/fonts/truetype/malayalam/Keraleeyam-Regular.ttf', name='Keraleeyam', style='normal', variant='normal', weight=400, stretch='normal', size='scalable')) = 10.05
DEBUG:matplotlib.font_manager:findfont: score(FontEntry(fname='/usr/share/fonts/opentype/urw-base35/URWGothic-DemiOblique.otf', name='URW Gothic', style='oblique', variant='normal', weight=600, stretch='normal', size='scalable')) = 11.24
DEBUG:matplotlib.font_manager:findfont: Matching sans\-serif:style=normal:variant=normal:weight=normal:stretch=normal:size=12.0 to DejaVu Sans ('/home/oth/.local/lib/python3.10/site-packages/matplotlib/mpl-data/fonts/ttf/DejaVuSans.ttf') with score of 0.050000.
DEBUG:root:ics_tab.py: -------- ICs: reset_plot_range(): plot_xmin,xmax=  (-500.0, 500.0)
DEBUG:root:ics_tab.py: -------- ICs: reset_plot_range(): plot_ymin,ymax=  (-500.0, 500.0)
DEBUG:root:ics_tab.py: -------- ICs: reset_plot_range(): plot_xmin,xmax=  (-500.0, 500.0)
DEBUG:root:ics_tab.py: -------- ICs: reset_plot_range(): plot_ymin,ymax=  (-500.0, 500.0)
DEBUG:root:===========  run_model_cb():  ============
DEBUG:root:run_tab.py:  doing: mkdir output
DEBUG:root:----------- microenv_tab.py: fill_xml(): ----------
DEBUG:root:microenv_tab.py: fill_xml(): num subtrates = 4
DEBUG:root:substrates_in_tree =['glucose', 'methane', 'CO2', 'H2']
DEBUG:root:microrenv_tab.py: key in param_d.keys() = glucose
DEBUG:root:matched! glucose
DEBUG:root:microrenv_tab.py: key in param_d.keys() = methane
DEBUG:root:matched! methane
DEBUG:root:microrenv_tab.py: key in param_d.keys() = CO2
DEBUG:root:matched! CO2
DEBUG:root:microrenv_tab.py: key in param_d.keys() = H2
DEBUG:root:matched! H2
DEBUG:root:microrenv_tab.py: key in param_d.keys() = gradients
DEBUG:root:microrenv_tab.py: key in param_d.keys() = track_in_agents
DEBUG:root:

----------- cell_def_tab.py: fill_xml(): ----------
DEBUG:root:num cell defs = 2
DEBUG:root:cdefs_in_tree =['c_beijerinckii', 'm_barkeri']
DEBUG:root:
--- key in param_d.keys() = c_beijerinckii
DEBUG:root:matched! c_beijerinckii
DEBUG:root:--- cell_adhesion_affinity= {'c_beijerinckii': '1.0', 'm_barkeri': '1.0'}
DEBUG:root:c_beijerinckii  --> 1.0
DEBUG:root:m_barkeri  --> 1.0
DEBUG:root:

 ====================> fill_xml_motility(): glucose = glucose 


DEBUG:root:fill_xml_motility(): {'glucose': '0.0', 'methane': '0.0', 'CO2': '0.0', 'H2': '0.0', 'acetate': '0.0'}
DEBUG:root:glucose  --> 0.0
DEBUG:root:methane  --> 0.0
DEBUG:root:CO2  --> 0.0
DEBUG:root:H2  --> 0.0
DEBUG:root:acetate  --> 0.0
DEBUG:root:

 ====================> fill_xml_secretion()

DEBUG:root:self.substrate_list = ['glucose', 'methane', 'CO2', 'H2']
DEBUG:root:substrate = glucose
DEBUG:root:substrate = methane
DEBUG:root:substrate = CO2
DEBUG:root:substrate = H2
DEBUG:root:------------------- fill_xml_interactions():  cdef= c_beijerinckii
DEBUG:root:--- live_phagocytosis_rate= {'c_beijerinckii': '0.0', 'm_barkeri': '0.0', '': '0.0'}
DEBUG:root:  key in live_phagocytosis_rate= c_beijerinckii
DEBUG:root:c_beijerinckii  --> 0.0
DEBUG:root:  key in live_phagocytosis_rate= m_barkeri
DEBUG:root:m_barkeri  --> 0.0
DEBUG:root:  key in live_phagocytosis_rate= 
DEBUG:root:--- attack_rate= {'c_beijerinckii': '0.0', 'm_barkeri': '0.0', '': '0.0'}
DEBUG:root:c_beijerinckii  --> 0.0
DEBUG:root:m_barkeri  --> 0.0
DEBUG:root:--- fusion_rate= {'c_beijerinckii': '0.0', 'm_barkeri': '0.0', '': '0.0'}
DEBUG:root:c_beijerinckii  --> 0.0
DEBUG:root:m_barkeri  --> 0.0
DEBUG:root:c_beijerinckii  --> 0.0
DEBUG:root:m_barkeri  --> 0.0
DEBUG:root:------------------- cell_def_tab.py:  fill_xml_intracellular()
DEBUG:root:------ ["intracellular"]: for c_beijerinckii
DEBUG:root:{'type': 'dfba', 'sbml_filename': './config/MODEL1507180034_url.xml', 'transport_model': {'exchanges': [{'substrate': 'glucose', 'fba_flux': 'R_ex_glc_D_e', 'Km': '0.02', 'Vmax': '8.0'}, {'substrate': 'H2', 'fba_flux': 'R_ex_h2_e', 'Km': '0.002', 'Vmax': '18'}]}, 'growth_model': {'cell_density': '1.04', 'max_growth_rate': '0.8', 'objective_reaction': 'biomass'}, 'death_model': {'enabled': True, 'death_type': 'necrosis', 'death_trigger_flux': None, 'death_flux_threshold': None, 'death_rate_increase': '1.67e-5'}}
DEBUG:root:

DEBUG:root:------ ["custom_data"]: for c_beijerinckii
DEBUG:root:------ ["initial_parameter_distributions"]: for c_beijerinckii
DEBUG:root:
--- key in param_d.keys() = m_barkeri
DEBUG:root:matched! m_barkeri
DEBUG:root:--- cell_adhesion_affinity= {'c_beijerinckii': '1.0'}
DEBUG:root:c_beijerinckii  --> 1.0
DEBUG:root:

 ====================> fill_xml_motility(): glucose = glucose 


DEBUG:root:fill_xml_motility(): {'glucose': '0.0', 'methane': '0.0', 'CO2': '0.0', 'H2': '0.0'}
DEBUG:root:glucose  --> 0.0
DEBUG:root:methane  --> 0.0
DEBUG:root:CO2  --> 0.0
DEBUG:root:H2  --> 0.0
DEBUG:root:

 ====================> fill_xml_secretion()

DEBUG:root:self.substrate_list = ['glucose', 'methane', 'CO2', 'H2']
DEBUG:root:substrate = glucose
DEBUG:root:substrate = methane
DEBUG:root:substrate = CO2
DEBUG:root:substrate = H2
DEBUG:root:------------------- fill_xml_interactions():  cdef= m_barkeri
DEBUG:root:--- live_phagocytosis_rate= {'c_beijerinckii': '0.0'}
DEBUG:root:  key in live_phagocytosis_rate= c_beijerinckii
DEBUG:root:c_beijerinckii  --> 0.0
DEBUG:root:--- attack_rate= {'c_beijerinckii': '0.0'}
DEBUG:root:c_beijerinckii  --> 0.0
DEBUG:root:--- fusion_rate= {'c_beijerinckii': '0.0'}
DEBUG:root:c_beijerinckii  --> 0.0
DEBUG:root:c_beijerinckii  --> 0.0
DEBUG:root:------------------- cell_def_tab.py:  fill_xml_intracellular()
DEBUG:root:------ ["intracellular"]: for m_barkeri
DEBUG:root:{'type': 'dfba', 'sbml_filename': './config/iAF692.xml', 'transport_model': {'exchanges': [{'substrate': 'CO2', 'fba_flux': 'R_EX_co2_e', 'Km': '0.02', 'Vmax': '8.0'}, {'substrate': 'H2', 'fba_flux': 'R_EX_h2_e', 'Km': '0.002', 'Vmax': '18'}, {'substrate': 'methane', 'fba_flux': 'R_EX_ch4_e', 'Km': '0.02', 'Vmax': '8.0'}]}, 'growth_model': {'cell_density': '', 'max_growth_rate': '', 'objective_reaction': ''}, 'death_model': {'enabled': False, 'death_type': '', 'death_trigger_flux': None, 'death_flux_threshold': None, 'death_rate_increase': ''}}
DEBUG:root:

DEBUG:root:------ ["custom_data"]: for m_barkeri
DEBUG:root:------ ["initial_parameter_distributions"]: for m_barkeri
DEBUG:root:----------- end cell_def_tab.py: fill_xml(): ----------
DEBUG:root:
--------- user_params_tab.py:  fill_xml(): self.count = 100
DEBUG:root:--------- found //user_parameters
DEBUG:root:random_seed
DEBUG:root:colony_radius
DEBUG:root:number_of_cells
DEBUG:root:nutrient_reintroduction
DEBUG:root:found 4
DEBUG:matplotlib.colorbar:colorbar update normal <matplotlib.colors.Normalize object at 0x783fa1fd0760> <matplotlib.colors.Normalize object at 0x783fa1fd0760>
DEBUG:matplotlib.colorbar:locator: <matplotlib.ticker.AutoLocator object at 0x783fa2342260>
DEBUG:matplotlib.colorbar:colorbar update normal <matplotlib.colors.Normalize object at 0x783fa1fd0760> <matplotlib.colors.Normalize object at 0x783fa1fd0760>
DEBUG:matplotlib.colorbar:locator: <matplotlib.ticker.AutoLocator object at 0x783fa2342260>
DEBUG:matplotlib.colorbar:locator: <matplotlib.ticker.AutoLocator object at 0x783f9af488e0>
DEBUG:matplotlib.colorbar:colorbar update normal <matplotlib.colors.Normalize object at 0x783fa15d60e0> <matplotlib.colors.Normalize object at 0x783fa15d60e0>
DEBUG:matplotlib.colorbar:locator: <matplotlib.ticker.AutoLocator object at 0x783fa1fdfe80>
DEBUG:matplotlib.colorbar:colorbar update normal <matplotlib.colors.Normalize object at 0x783fa15d60e0> <matplotlib.colors.Normalize object at 0x783fa15d60e0>
DEBUG:matplotlib.colorbar:locator: <matplotlib.ticker.AutoLocator object at 0x783fa1fdfe80>
DEBUG:matplotlib.colorbar:locator: <matplotlib.ticker.AutoLocator object at 0x783fa1fdc760>
DEBUG:matplotlib.colorbar:colorbar update normal <matplotlib.colors.Normalize object at 0x783f9af42740> <matplotlib.colors.Normalize object at 0x783f9af42740>
DEBUG:matplotlib.colorbar:locator: <matplotlib.ticker.AutoLocator object at 0x783fa15d60b0>
DEBUG:matplotlib.colorbar:colorbar update normal <matplotlib.colors.Normalize object at 0x783f9af42740> <matplotlib.colors.Normalize object at 0x783f9af42740>
DEBUG:matplotlib.colorbar:locator: <matplotlib.ticker.AutoLocator object at 0x783fa15d60b0>
DEBUG:matplotlib.colorbar:locator: <matplotlib.ticker.AutoLocator object at 0x783fa15d5390>
DEBUG:matplotlib.colorbar:locator: <matplotlib.ticker.AutoLocator object at 0x783fa15e9960>
DEBUG:matplotlib.colorbar:locator: <matplotlib.ticker.AutoLocator object at 0x783fa15571f0>
DEBUG:matplotlib.colorbar:locator: <matplotlib.ticker.AutoLocator object at 0x783fa1f86710>
DEBUG:matplotlib.colorbar:locator: <matplotlib.ticker.AutoLocator object at 0x783fa15d8c70>
DEBUG:matplotlib.colorbar:locator: <matplotlib.ticker.AutoLocator object at 0x783fa0b78c10>
DEBUG:matplotlib.colorbar:locator: <matplotlib.ticker.AutoLocator object at 0x783fa1fd2aa0>
DEBUG:matplotlib.colorbar:colorbar update normal <matplotlib.colors.Normalize object at 0x783fa1fda0e0> <matplotlib.colors.Normalize object at 0x783fa1fda0e0>
DEBUG:matplotlib.colorbar:locator: <matplotlib.ticker.AutoLocator object at 0x783fa00328f0>
DEBUG:matplotlib.colorbar:colorbar update normal <matplotlib.colors.Normalize object at 0x783fa1fda0e0> <matplotlib.colors.Normalize object at 0x783fa1fda0e0>
DEBUG:matplotlib.colorbar:locator: <matplotlib.ticker.AutoLocator object at 0x783fa00328f0>
DEBUG:matplotlib.colorbar:locator: <matplotlib.ticker.AutoLocator object at 0x783fa0ba04c0>
DEBUG:matplotlib.colorbar:colorbar update normal <matplotlib.colors.Normalize object at 0x783fa0ba0400> <matplotlib.colors.Normalize object at 0x783fa0ba0400>
DEBUG:matplotlib.colorbar:locator: <matplotlib.ticker.AutoLocator object at 0x783fa0033040>
DEBUG:matplotlib.colorbar:colorbar update normal <matplotlib.colors.Normalize object at 0x783fa0ba0400> <matplotlib.colors.Normalize object at 0x783fa0ba0400>
DEBUG:matplotlib.colorbar:locator: <matplotlib.ticker.AutoLocator object at 0x783fa0033040>
DEBUG:matplotlib.colorbar:locator: <matplotlib.ticker.AutoLocator object at 0x783f9aff1480>
DEBUG:matplotlib.colorbar:colorbar update normal <matplotlib.colors.Normalize object at 0x783fa1fd07f0> <matplotlib.colors.Normalize object at 0x783fa1fd07f0>
DEBUG:matplotlib.colorbar:locator: <matplotlib.ticker.AutoLocator object at 0x783fa1503310>
DEBUG:matplotlib.colorbar:colorbar update normal <matplotlib.colors.Normalize object at 0x783fa1fd07f0> <matplotlib.colors.Normalize object at 0x783fa1fd07f0>
DEBUG:matplotlib.colorbar:locator: <matplotlib.ticker.AutoLocator object at 0x783fa1503310>
DEBUG:matplotlib.colorbar:locator: <matplotlib.ticker.AutoLocator object at 0x783fa3b61570>
DEBUG:matplotlib.colorbar:colorbar update normal <matplotlib.colors.Normalize object at 0x783fa0031ae0> <matplotlib.colors.Normalize object at 0x783fa0031ae0>
DEBUG:matplotlib.colorbar:locator: <matplotlib.ticker.AutoLocator object at 0x783fa0ba1c90>
DEBUG:matplotlib.colorbar:colorbar update normal <matplotlib.colors.Normalize object at 0x783fa0031ae0> <matplotlib.colors.Normalize object at 0x783fa0031ae0>
DEBUG:matplotlib.colorbar:locator: <matplotlib.ticker.AutoLocator object at 0x783fa0ba1c90>
DEBUG:matplotlib.colorbar:locator: <matplotlib.ticker.AutoLocator object at 0x783fa15c4280>
DEBUG:matplotlib.colorbar:locator: <matplotlib.ticker.AutoLocator object at 0x783fa00c0d30>
DEBUG:matplotlib.colorbar:colorbar update normal <matplotlib.colors.Normalize object at 0x783fa0033a00> <matplotlib.colors.Normalize object at 0x783fa0033a00>
DEBUG:matplotlib.colorbar:locator: <matplotlib.ticker.AutoLocator object at 0x783fa0ba2ec0>
DEBUG:matplotlib.colorbar:colorbar update normal <matplotlib.colors.Normalize object at 0x783fa0033a00> <matplotlib.colors.Normalize object at 0x783fa0033a00>
DEBUG:matplotlib.colorbar:locator: <matplotlib.ticker.AutoLocator object at 0x783fa0ba2ec0>
DEBUG:matplotlib.colorbar:locator: <matplotlib.ticker.AutoLocator object at 0x783fa0ba23b0>
DEBUG:matplotlib.colorbar:colorbar update normal <matplotlib.colors.Normalize object at 0x783fa2343ac0> <matplotlib.colors.Normalize object at 0x783fa2343ac0>
DEBUG:matplotlib.colorbar:locator: <matplotlib.ticker.AutoLocator object at 0x783fa0ba2a70>
DEBUG:matplotlib.colorbar:colorbar update normal <matplotlib.colors.Normalize object at 0x783fa2343ac0> <matplotlib.colors.Normalize object at 0x783fa2343ac0>
DEBUG:matplotlib.colorbar:locator: <matplotlib.ticker.AutoLocator object at 0x783fa0ba2a70>
DEBUG:matplotlib.colorbar:locator: <matplotlib.ticker.AutoLocator object at 0x783fa1556c80>
DEBUG:root:===========  run_model_cb():  ============
DEBUG:root:run_tab.py:  doing: mkdir output
DEBUG:root:----------- microenv_tab.py: fill_xml(): ----------
DEBUG:root:microenv_tab.py: fill_xml(): num subtrates = 4
DEBUG:root:substrates_in_tree =['glucose', 'methane', 'CO2', 'H2']
DEBUG:root:microrenv_tab.py: key in param_d.keys() = glucose
DEBUG:root:matched! glucose
DEBUG:root:microrenv_tab.py: key in param_d.keys() = methane
DEBUG:root:matched! methane
DEBUG:root:microrenv_tab.py: key in param_d.keys() = CO2
DEBUG:root:matched! CO2
DEBUG:root:microrenv_tab.py: key in param_d.keys() = H2
DEBUG:root:matched! H2
DEBUG:root:microrenv_tab.py: key in param_d.keys() = gradients
DEBUG:root:microrenv_tab.py: key in param_d.keys() = track_in_agents
DEBUG:root:

----------- cell_def_tab.py: fill_xml(): ----------
DEBUG:root:num cell defs = 2
DEBUG:root:cdefs_in_tree =['c_beijerinckii', 'm_barkeri']
DEBUG:root:
--- key in param_d.keys() = c_beijerinckii
DEBUG:root:matched! c_beijerinckii
DEBUG:root:--- cell_adhesion_affinity= {'c_beijerinckii': '1.0', 'm_barkeri': '1.0'}
DEBUG:root:c_beijerinckii  --> 1.0
DEBUG:root:m_barkeri  --> 1.0
DEBUG:root:

 ====================> fill_xml_motility(): glucose = glucose 


DEBUG:root:fill_xml_motility(): {'glucose': '0.0', 'methane': '0.0', 'CO2': '0.0', 'H2': '0.0', 'acetate': '0.0'}
DEBUG:root:glucose  --> 0.0
DEBUG:root:methane  --> 0.0
DEBUG:root:CO2  --> 0.0
DEBUG:root:H2  --> 0.0
DEBUG:root:acetate  --> 0.0
DEBUG:root:

 ====================> fill_xml_secretion()

DEBUG:root:self.substrate_list = ['glucose', 'methane', 'CO2', 'H2']
DEBUG:root:substrate = glucose
DEBUG:root:substrate = methane
DEBUG:root:substrate = CO2
DEBUG:root:substrate = H2
DEBUG:root:------------------- fill_xml_interactions():  cdef= c_beijerinckii
DEBUG:root:--- live_phagocytosis_rate= {'c_beijerinckii': '0.0', 'm_barkeri': '0.0', '': '0.0'}
DEBUG:root:  key in live_phagocytosis_rate= c_beijerinckii
DEBUG:root:c_beijerinckii  --> 0.0
DEBUG:root:  key in live_phagocytosis_rate= m_barkeri
DEBUG:root:m_barkeri  --> 0.0
DEBUG:root:  key in live_phagocytosis_rate= 
DEBUG:root:--- attack_rate= {'c_beijerinckii': '0.0', 'm_barkeri': '0.0', '': '0.0'}
DEBUG:root:c_beijerinckii  --> 0.0
DEBUG:root:m_barkeri  --> 0.0
DEBUG:root:--- fusion_rate= {'c_beijerinckii': '0.0', 'm_barkeri': '0.0', '': '0.0'}
DEBUG:root:c_beijerinckii  --> 0.0
DEBUG:root:m_barkeri  --> 0.0
DEBUG:root:c_beijerinckii  --> 0.0
DEBUG:root:m_barkeri  --> 0.0
DEBUG:root:------------------- cell_def_tab.py:  fill_xml_intracellular()
DEBUG:root:------ ["intracellular"]: for c_beijerinckii
DEBUG:root:{'type': 'dfba', 'sbml_filename': './config/MODEL1507180034_url.xml', 'transport_model': {'exchanges': [{'substrate': 'glucose', 'fba_flux': 'R_ex_glc_D_e', 'Km': '0.02', 'Vmax': '8.0'}, {'substrate': 'H2', 'fba_flux': 'R_ex_h2_e', 'Km': '0.002', 'Vmax': '18'}]}, 'growth_model': {'cell_density': '1.04', 'max_growth_rate': '0.8', 'objective_reaction': 'biomass'}, 'death_model': {'enabled': True, 'death_type': 'necrosis', 'death_trigger_flux': None, 'death_flux_threshold': None, 'death_rate_increase': '1.67e-5'}}
DEBUG:root:

DEBUG:root:------ ["custom_data"]: for c_beijerinckii
DEBUG:root:------ ["initial_parameter_distributions"]: for c_beijerinckii
DEBUG:root:
--- key in param_d.keys() = m_barkeri
DEBUG:root:matched! m_barkeri
DEBUG:root:--- cell_adhesion_affinity= {'c_beijerinckii': '1.0'}
DEBUG:root:c_beijerinckii  --> 1.0
DEBUG:root:

 ====================> fill_xml_motility(): glucose = glucose 


DEBUG:root:fill_xml_motility(): {'glucose': '0.0', 'methane': '0.0', 'CO2': '0.0', 'H2': '0.0'}
DEBUG:root:glucose  --> 0.0
DEBUG:root:methane  --> 0.0
DEBUG:root:CO2  --> 0.0
DEBUG:root:H2  --> 0.0
DEBUG:root:

 ====================> fill_xml_secretion()

DEBUG:root:self.substrate_list = ['glucose', 'methane', 'CO2', 'H2']
DEBUG:root:substrate = glucose
DEBUG:root:substrate = methane
DEBUG:root:substrate = CO2
DEBUG:root:substrate = H2
DEBUG:root:------------------- fill_xml_interactions():  cdef= m_barkeri
DEBUG:root:--- live_phagocytosis_rate= {'c_beijerinckii': '0.0'}
DEBUG:root:  key in live_phagocytosis_rate= c_beijerinckii
DEBUG:root:c_beijerinckii  --> 0.0
DEBUG:root:--- attack_rate= {'c_beijerinckii': '0.0'}
DEBUG:root:c_beijerinckii  --> 0.0
DEBUG:root:--- fusion_rate= {'c_beijerinckii': '0.0'}
DEBUG:root:c_beijerinckii  --> 0.0
DEBUG:root:c_beijerinckii  --> 0.0
DEBUG:root:------------------- cell_def_tab.py:  fill_xml_intracellular()
DEBUG:root:------ ["intracellular"]: for m_barkeri
DEBUG:root:{'type': 'dfba', 'sbml_filename': './config/iAF692.xml', 'transport_model': {'exchanges': [{'substrate': 'CO2', 'fba_flux': 'R_EX_co2_e', 'Km': '0.02', 'Vmax': '8.0'}, {'substrate': 'H2', 'fba_flux': 'R_EX_h2_e', 'Km': '0.002', 'Vmax': '18'}, {'substrate': 'methane', 'fba_flux': 'R_EX_ch4_e', 'Km': '0.02', 'Vmax': '8.0'}]}, 'growth_model': {'cell_density': '', 'max_growth_rate': '', 'objective_reaction': ''}, 'death_model': {'enabled': False, 'death_type': '', 'death_trigger_flux': None, 'death_flux_threshold': None, 'death_rate_increase': ''}}
DEBUG:root:

DEBUG:root:------ ["custom_data"]: for m_barkeri
DEBUG:root:------ ["initial_parameter_distributions"]: for m_barkeri
DEBUG:root:----------- end cell_def_tab.py: fill_xml(): ----------
DEBUG:root:
--------- user_params_tab.py:  fill_xml(): self.count = 100
DEBUG:root:--------- found //user_parameters
DEBUG:root:random_seed
DEBUG:root:colony_radius
DEBUG:root:number_of_cells
DEBUG:root:nutrient_reintroduction
DEBUG:root:found 4
DEBUG:matplotlib.colorbar:colorbar update normal <matplotlib.colors.Normalize object at 0x783fa1fe3f70> <matplotlib.colors.Normalize object at 0x783fa1fe3f70>
DEBUG:matplotlib.colorbar:locator: <matplotlib.ticker.AutoLocator object at 0x783f9aff26e0>
DEBUG:matplotlib.colorbar:colorbar update normal <matplotlib.colors.Normalize object at 0x783fa1fe3f70> <matplotlib.colors.Normalize object at 0x783fa1fe3f70>
DEBUG:matplotlib.colorbar:locator: <matplotlib.ticker.AutoLocator object at 0x783f9aff26e0>
DEBUG:matplotlib.colorbar:locator: <matplotlib.ticker.AutoLocator object at 0x783fa247ba90>
DEBUG:matplotlib.colorbar:colorbar update normal <matplotlib.colors.Normalize object at 0x783fd7389570> <matplotlib.colors.Normalize object at 0x783fd7389570>
DEBUG:matplotlib.colorbar:locator: <matplotlib.ticker.AutoLocator object at 0x783fa0b468f0>
DEBUG:matplotlib.colorbar:colorbar update normal <matplotlib.colors.Normalize object at 0x783fd7389570> <matplotlib.colors.Normalize object at 0x783fd7389570>
DEBUG:matplotlib.colorbar:locator: <matplotlib.ticker.AutoLocator object at 0x783fa0b468f0>
DEBUG:matplotlib.colorbar:locator: <matplotlib.ticker.AutoLocator object at 0x783fa0b79030>
DEBUG:matplotlib.colorbar:locator: <matplotlib.ticker.AutoLocator object at 0x783f9af431f0>
DEBUG:matplotlib.colorbar:locator: <matplotlib.ticker.AutoLocator object at 0x783fa15c5270>
DEBUG:matplotlib.colorbar:colorbar update normal <matplotlib.colors.Normalize object at 0x783fa1f570a0> <matplotlib.colors.Normalize object at 0x783fa1f570a0>
DEBUG:matplotlib.colorbar:locator: <matplotlib.ticker.AutoLocator object at 0x783fa2394dc0>
DEBUG:matplotlib.colorbar:colorbar update normal <matplotlib.colors.Normalize object at 0x783fa1f570a0> <matplotlib.colors.Normalize object at 0x783fa1f570a0>
DEBUG:matplotlib.colorbar:locator: <matplotlib.ticker.AutoLocator object at 0x783fa2394dc0>
DEBUG:matplotlib.colorbar:locator: <matplotlib.ticker.AutoLocator object at 0x783fa2394190>
DEBUG:matplotlib.colorbar:colorbar update normal <matplotlib.colors.Normalize object at 0x783f9af40490> <matplotlib.colors.Normalize object at 0x783f9af40490>
DEBUG:matplotlib.colorbar:locator: <matplotlib.ticker.AutoLocator object at 0x783fa15575b0>
DEBUG:matplotlib.colorbar:colorbar update normal <matplotlib.colors.Normalize object at 0x783f9af40490> <matplotlib.colors.Normalize object at 0x783f9af40490>
DEBUG:matplotlib.colorbar:locator: <matplotlib.ticker.AutoLocator object at 0x783fa15575b0>
DEBUG:matplotlib.colorbar:locator: <matplotlib.ticker.AutoLocator object at 0x783fa1556b00>
DEBUG:matplotlib.colorbar:locator: <matplotlib.ticker.AutoLocator object at 0x783f9aff33a0>
DEBUG:matplotlib.colorbar:colorbar update normal <matplotlib.colors.Normalize object at 0x783f9af417b0> <matplotlib.colors.Normalize object at 0x783f9af417b0>
DEBUG:matplotlib.colorbar:locator: <matplotlib.ticker.AutoLocator object at 0x783fa15d6140>
DEBUG:matplotlib.colorbar:colorbar update normal <matplotlib.colors.Normalize object at 0x783f9af417b0> <matplotlib.colors.Normalize object at 0x783f9af417b0>
DEBUG:matplotlib.colorbar:locator: <matplotlib.ticker.AutoLocator object at 0x783fa15d6140>
DEBUG:matplotlib.colorbar:locator: <matplotlib.ticker.AutoLocator object at 0x783fa15d4250>
DEBUG:root:===========  run_model_cb():  ============
DEBUG:root:run_tab.py:  doing: mkdir output
DEBUG:root:----------- microenv_tab.py: fill_xml(): ----------
DEBUG:root:microenv_tab.py: fill_xml(): num subtrates = 4
DEBUG:root:substrates_in_tree =['glucose', 'methane', 'CO2', 'H2']
DEBUG:root:microrenv_tab.py: key in param_d.keys() = glucose
DEBUG:root:matched! glucose
DEBUG:root:microrenv_tab.py: key in param_d.keys() = methane
DEBUG:root:matched! methane
DEBUG:root:microrenv_tab.py: key in param_d.keys() = CO2
DEBUG:root:matched! CO2
DEBUG:root:microrenv_tab.py: key in param_d.keys() = H2
DEBUG:root:matched! H2
DEBUG:root:microrenv_tab.py: key in param_d.keys() = gradients
DEBUG:root:microrenv_tab.py: key in param_d.keys() = track_in_agents
DEBUG:root:

----------- cell_def_tab.py: fill_xml(): ----------
DEBUG:root:num cell defs = 2
DEBUG:root:cdefs_in_tree =['c_beijerinckii', 'm_barkeri']
DEBUG:root:
--- key in param_d.keys() = c_beijerinckii
DEBUG:root:matched! c_beijerinckii
DEBUG:root:--- cell_adhesion_affinity= {'c_beijerinckii': '1.0', 'm_barkeri': '1.0'}
DEBUG:root:c_beijerinckii  --> 1.0
DEBUG:root:m_barkeri  --> 1.0
DEBUG:root:

 ====================> fill_xml_motility(): glucose = glucose 


DEBUG:root:fill_xml_motility(): {'glucose': '0.0', 'methane': '0.0', 'CO2': '0.0', 'H2': '0.0', 'acetate': '0.0'}
DEBUG:root:glucose  --> 0.0
DEBUG:root:methane  --> 0.0
DEBUG:root:CO2  --> 0.0
DEBUG:root:H2  --> 0.0
DEBUG:root:acetate  --> 0.0
DEBUG:root:

 ====================> fill_xml_secretion()

DEBUG:root:self.substrate_list = ['glucose', 'methane', 'CO2', 'H2']
DEBUG:root:substrate = glucose
DEBUG:root:substrate = methane
DEBUG:root:substrate = CO2
DEBUG:root:substrate = H2
DEBUG:root:------------------- fill_xml_interactions():  cdef= c_beijerinckii
DEBUG:root:--- live_phagocytosis_rate= {'c_beijerinckii': '0.0', 'm_barkeri': '0.0', '': '0.0'}
DEBUG:root:  key in live_phagocytosis_rate= c_beijerinckii
DEBUG:root:c_beijerinckii  --> 0.0
DEBUG:root:  key in live_phagocytosis_rate= m_barkeri
DEBUG:root:m_barkeri  --> 0.0
DEBUG:root:  key in live_phagocytosis_rate= 
DEBUG:root:--- attack_rate= {'c_beijerinckii': '0.0', 'm_barkeri': '0.0', '': '0.0'}
DEBUG:root:c_beijerinckii  --> 0.0
DEBUG:root:m_barkeri  --> 0.0
DEBUG:root:--- fusion_rate= {'c_beijerinckii': '0.0', 'm_barkeri': '0.0', '': '0.0'}
DEBUG:root:c_beijerinckii  --> 0.0
DEBUG:root:m_barkeri  --> 0.0
DEBUG:root:c_beijerinckii  --> 0.0
DEBUG:root:m_barkeri  --> 0.0
DEBUG:root:------------------- cell_def_tab.py:  fill_xml_intracellular()
DEBUG:root:------ ["intracellular"]: for c_beijerinckii
DEBUG:root:{'type': 'dfba', 'sbml_filename': './config/MODEL1507180034_url.xml', 'transport_model': {'exchanges': [{'substrate': 'glucose', 'fba_flux': 'R_ex_glc_D_e', 'Km': '0.02', 'Vmax': '8.0'}, {'substrate': 'H2', 'fba_flux': 'R_ex_h2_e', 'Km': '0.002', 'Vmax': '18'}]}, 'growth_model': {'cell_density': '1.04', 'max_growth_rate': '0.8', 'objective_reaction': 'biomass'}, 'death_model': {'enabled': True, 'death_type': 'necrosis', 'death_trigger_flux': None, 'death_flux_threshold': None, 'death_rate_increase': '1.67e-5'}}
DEBUG:root:

DEBUG:root:------ ["custom_data"]: for c_beijerinckii
DEBUG:root:------ ["initial_parameter_distributions"]: for c_beijerinckii
DEBUG:root:
--- key in param_d.keys() = m_barkeri
DEBUG:root:matched! m_barkeri
DEBUG:root:--- cell_adhesion_affinity= {'c_beijerinckii': '1.0'}
DEBUG:root:c_beijerinckii  --> 1.0
DEBUG:root:

 ====================> fill_xml_motility(): glucose = glucose 


DEBUG:root:fill_xml_motility(): {'glucose': '0.0', 'methane': '0.0', 'CO2': '0.0', 'H2': '0.0'}
DEBUG:root:glucose  --> 0.0
DEBUG:root:methane  --> 0.0
DEBUG:root:CO2  --> 0.0
DEBUG:root:H2  --> 0.0
DEBUG:root:

 ====================> fill_xml_secretion()

DEBUG:root:self.substrate_list = ['glucose', 'methane', 'CO2', 'H2']
DEBUG:root:substrate = glucose
DEBUG:root:substrate = methane
DEBUG:root:substrate = CO2
DEBUG:root:substrate = H2
DEBUG:root:------------------- fill_xml_interactions():  cdef= m_barkeri
DEBUG:root:--- live_phagocytosis_rate= {'c_beijerinckii': '0.0'}
DEBUG:root:  key in live_phagocytosis_rate= c_beijerinckii
DEBUG:root:c_beijerinckii  --> 0.0
DEBUG:root:--- attack_rate= {'c_beijerinckii': '0.0'}
DEBUG:root:c_beijerinckii  --> 0.0
DEBUG:root:--- fusion_rate= {'c_beijerinckii': '0.0'}
DEBUG:root:c_beijerinckii  --> 0.0
DEBUG:root:c_beijerinckii  --> 0.0
DEBUG:root:------------------- cell_def_tab.py:  fill_xml_intracellular()
DEBUG:root:------ ["intracellular"]: for m_barkeri
DEBUG:root:{'type': 'dfba', 'sbml_filename': './config/iAF692.xml', 'transport_model': {'exchanges': [{'substrate': 'CO2', 'fba_flux': 'R_EX_co2_e', 'Km': '0.02', 'Vmax': '8.0'}, {'substrate': 'H2', 'fba_flux': 'R_EX_h2_e', 'Km': '0.002', 'Vmax': '18'}, {'substrate': 'methane', 'fba_flux': 'R_EX_ch4_e', 'Km': '0.02', 'Vmax': '8.0'}]}, 'growth_model': {'cell_density': '', 'max_growth_rate': '', 'objective_reaction': ''}, 'death_model': {'enabled': False, 'death_type': '', 'death_trigger_flux': None, 'death_flux_threshold': None, 'death_rate_increase': ''}}
DEBUG:root:

DEBUG:root:------ ["custom_data"]: for m_barkeri
DEBUG:root:------ ["initial_parameter_distributions"]: for m_barkeri
DEBUG:root:----------- end cell_def_tab.py: fill_xml(): ----------
DEBUG:root:
--------- user_params_tab.py:  fill_xml(): self.count = 100
DEBUG:root:--------- found //user_parameters
DEBUG:root:random_seed
DEBUG:root:colony_radius
DEBUG:root:number_of_cells
DEBUG:root:nutrient_reintroduction
DEBUG:root:found 4
DEBUG:matplotlib.colorbar:colorbar update normal <matplotlib.colors.Normalize object at 0x783fa1f13940> <matplotlib.colors.Normalize object at 0x783fa1f13940>
DEBUG:matplotlib.colorbar:locator: <matplotlib.ticker.AutoLocator object at 0x783f9afb7880>
DEBUG:matplotlib.colorbar:colorbar update normal <matplotlib.colors.Normalize object at 0x783fa1f13940> <matplotlib.colors.Normalize object at 0x783fa1f13940>
DEBUG:matplotlib.colorbar:locator: <matplotlib.ticker.AutoLocator object at 0x783f9afb7880>
DEBUG:matplotlib.colorbar:locator: <matplotlib.ticker.AutoLocator object at 0x783fa1fdae30>
DEBUG:matplotlib.colorbar:colorbar update normal <matplotlib.colors.Normalize object at 0x783f9aee32e0> <matplotlib.colors.Normalize object at 0x783f9aee32e0>
DEBUG:matplotlib.colorbar:locator: <matplotlib.ticker.AutoLocator object at 0x783fa00c2e30>
DEBUG:matplotlib.colorbar:colorbar update normal <matplotlib.colors.Normalize object at 0x783f9aee32e0> <matplotlib.colors.Normalize object at 0x783f9aee32e0>
DEBUG:matplotlib.colorbar:locator: <matplotlib.ticker.AutoLocator object at 0x783fa00c2e30>
DEBUG:matplotlib.colorbar:locator: <matplotlib.ticker.AutoLocator object at 0x783fa00c0b80>
DEBUG:matplotlib.colorbar:locator: <matplotlib.ticker.AutoLocator object at 0x783fa1503a30>
DEBUG:matplotlib.colorbar:locator: <matplotlib.ticker.AutoLocator object at 0x783fa0ba3820>
DEBUG:matplotlib.colorbar:locator: <matplotlib.ticker.AutoLocator object at 0x783fa0ba32e0>
DEBUG:matplotlib.colorbar:locator: <matplotlib.ticker.AutoLocator object at 0x783fa1f3c940>
DEBUG:matplotlib.colorbar:locator: <matplotlib.ticker.AutoLocator object at 0x783fa1f10fa0>
DEBUG:matplotlib.colorbar:locator: <matplotlib.ticker.AutoLocator object at 0x783f9af4b520>
DEBUG:matplotlib.colorbar:colorbar update normal <matplotlib.colors.Normalize object at 0x783fa1fe2e90> <matplotlib.colors.Normalize object at 0x783fa1fe2e90>
DEBUG:matplotlib.colorbar:locator: <matplotlib.ticker.AutoLocator object at 0x783fa1f86740>
DEBUG:matplotlib.colorbar:colorbar update normal <matplotlib.colors.Normalize object at 0x783fa1fe2e90> <matplotlib.colors.Normalize object at 0x783fa1fe2e90>
DEBUG:matplotlib.colorbar:locator: <matplotlib.ticker.AutoLocator object at 0x783fa1f86740>
DEBUG:matplotlib.colorbar:locator: <matplotlib.ticker.AutoLocator object at 0x783fa1f85480>
DEBUG:matplotlib.colorbar:colorbar update normal <matplotlib.colors.Normalize object at 0x783fa00aab90> <matplotlib.colors.Normalize object at 0x783fa00aab90>
DEBUG:matplotlib.colorbar:locator: <matplotlib.ticker.AutoLocator object at 0x783fa1556fb0>
DEBUG:matplotlib.colorbar:colorbar update normal <matplotlib.colors.Normalize object at 0x783fa00aab90> <matplotlib.colors.Normalize object at 0x783fa00aab90>
DEBUG:matplotlib.colorbar:locator: <matplotlib.ticker.AutoLocator object at 0x783fa1556fb0>
DEBUG:matplotlib.colorbar:locator: <matplotlib.ticker.AutoLocator object at 0x783fa1555a50>
DEBUG:matplotlib.colorbar:colorbar update normal <matplotlib.colors.Normalize object at 0x783fa15d6560> <matplotlib.colors.Normalize object at 0x783fa15d6560>
DEBUG:matplotlib.colorbar:locator: <matplotlib.ticker.AutoLocator object at 0x783f9af414e0>
DEBUG:matplotlib.colorbar:colorbar update normal <matplotlib.colors.Normalize object at 0x783fa15d6560> <matplotlib.colors.Normalize object at 0x783fa15d6560>
DEBUG:matplotlib.colorbar:locator: <matplotlib.ticker.AutoLocator object at 0x783f9af414e0>
DEBUG:matplotlib.colorbar:locator: <matplotlib.ticker.AutoLocator object at 0x783f9af42620>
DEBUG:matplotlib.colorbar:locator: <matplotlib.ticker.AutoLocator object at 0x783f9aff1de0>
DEBUG:matplotlib.colorbar:locator: <matplotlib.ticker.AutoLocator object at 0x783f9afde7a0>
DEBUG:matplotlib.colorbar:locator: <matplotlib.ticker.AutoLocator object at 0x783fa15eab00>
DEBUG:matplotlib.colorbar:colorbar update normal <matplotlib.colors.Normalize object at 0x783fddf32500> <matplotlib.colors.Normalize object at 0x783fddf32500>
DEBUG:matplotlib.colorbar:locator: <matplotlib.ticker.AutoLocator object at 0x783f9af41ba0>
DEBUG:matplotlib.colorbar:colorbar update normal <matplotlib.colors.Normalize object at 0x783fddf32500> <matplotlib.colors.Normalize object at 0x783fddf32500>
DEBUG:matplotlib.colorbar:locator: <matplotlib.ticker.AutoLocator object at 0x783f9af41ba0>
DEBUG:matplotlib.colorbar:locator: <matplotlib.ticker.AutoLocator object at 0x783f9af423b0>
DEBUG:matplotlib.colorbar:locator: <matplotlib.ticker.AutoLocator object at 0x783fa00c0310>
DEBUG:matplotlib.colorbar:locator: <matplotlib.ticker.AutoLocator object at 0x783fa01616f0>
DEBUG:matplotlib.colorbar:locator: <matplotlib.ticker.AutoLocator object at 0x783fa0b86980>
DEBUG:matplotlib.colorbar:locator: <matplotlib.ticker.AutoLocator object at 0x783fa1fd8eb0>
DEBUG:matplotlib.colorbar:locator: <matplotlib.ticker.AutoLocator object at 0x783fa0ba0910>
DEBUG:matplotlib.colorbar:locator: <matplotlib.ticker.AutoLocator object at 0x783fa1fcc400>
DEBUG:matplotlib.colorbar:locator: <matplotlib.ticker.AutoLocator object at 0x783fa1fe2e90>
DEBUG:matplotlib.colorbar:colorbar update normal <matplotlib.colors.Normalize object at 0x783fa0031690> <matplotlib.colors.Normalize object at 0x783fa0031690>
DEBUG:matplotlib.colorbar:locator: <matplotlib.ticker.AutoLocator object at 0x783fa1fcc400>
DEBUG:matplotlib.colorbar:colorbar update normal <matplotlib.colors.Normalize object at 0x783fa0031690> <matplotlib.colors.Normalize object at 0x783fa0031690>
DEBUG:matplotlib.colorbar:locator: <matplotlib.ticker.AutoLocator object at 0x783fa1fcc400>
DEBUG:matplotlib.colorbar:locator: <matplotlib.ticker.AutoLocator object at 0x783fa0032320>
DEBUG:matplotlib.colorbar:locator: <matplotlib.ticker.AutoLocator object at 0x783fa0b3dc30>
DEBUG:matplotlib.colorbar:colorbar update normal <matplotlib.colors.Normalize object at 0x783f9afc4e20> <matplotlib.colors.Normalize object at 0x783f9afc4e20>
DEBUG:matplotlib.colorbar:locator: <matplotlib.ticker.AutoLocator object at 0x783f9ae9a2c0>
DEBUG:matplotlib.colorbar:colorbar update normal <matplotlib.colors.Normalize object at 0x783f9afc4e20> <matplotlib.colors.Normalize object at 0x783f9afc4e20>
DEBUG:matplotlib.colorbar:locator: <matplotlib.ticker.AutoLocator object at 0x783f9ae9a2c0>
DEBUG:matplotlib.colorbar:locator: <matplotlib.ticker.AutoLocator object at 0x783f9ae99450>
DEBUG:matplotlib.colorbar:locator: <matplotlib.ticker.AutoLocator object at 0x783fa0ba27a0>
DEBUG:matplotlib.colorbar:locator: <matplotlib.ticker.AutoLocator object at 0x783f9ae176d0>
DEBUG:matplotlib.colorbar:colorbar update normal <matplotlib.colors.Normalize object at 0x783fa0bcf8e0> <matplotlib.colors.Normalize object at 0x783fa0bcf8e0>
DEBUG:matplotlib.colorbar:locator: <matplotlib.ticker.AutoLocator object at 0x783fa0bcf4f0>
DEBUG:matplotlib.colorbar:colorbar update normal <matplotlib.colors.Normalize object at 0x783fa0bcf8e0> <matplotlib.colors.Normalize object at 0x783fa0bcf8e0>
DEBUG:matplotlib.colorbar:locator: <matplotlib.ticker.AutoLocator object at 0x783fa0bcf4f0>
DEBUG:matplotlib.colorbar:locator: <matplotlib.ticker.AutoLocator object at 0x783fa0160670>
DEBUG:matplotlib.colorbar:locator: <matplotlib.ticker.AutoLocator object at 0x783f9af479a0>
DEBUG:matplotlib.colorbar:locator: <matplotlib.ticker.AutoLocator object at 0x783fa1fde350>
DEBUG:matplotlib.colorbar:locator: <matplotlib.ticker.AutoLocator object at 0x783fa00a99c0>
DEBUG:matplotlib.colorbar:locator: <matplotlib.ticker.AutoLocator object at 0x783fa00a9ff0>
DEBUG:matplotlib.colorbar:locator: <matplotlib.ticker.AutoLocator object at 0x783fa1fdf340>
DEBUG:matplotlib.colorbar:locator: <matplotlib.ticker.AutoLocator object at 0x783fa0b876d0>
DEBUG:matplotlib.colorbar:locator: <matplotlib.ticker.AutoLocator object at 0x783f9afd0250>
DEBUG:matplotlib.colorbar:locator: <matplotlib.ticker.AutoLocator object at 0x783fa15c5c00>
DEBUG:matplotlib.colorbar:locator: <matplotlib.ticker.AutoLocator object at 0x783fa0b7ac20>
DEBUG:matplotlib.colorbar:colorbar update normal <matplotlib.colors.Normalize object at 0x783f9ae5bfd0> <matplotlib.colors.Normalize object at 0x783f9ae5bfd0>
DEBUG:matplotlib.colorbar:locator: <matplotlib.ticker.AutoLocator object at 0x783fa15c5c00>
DEBUG:matplotlib.colorbar:colorbar update normal <matplotlib.colors.Normalize object at 0x783f9ae5bfd0> <matplotlib.colors.Normalize object at 0x783f9ae5bfd0>
DEBUG:matplotlib.colorbar:locator: <matplotlib.ticker.AutoLocator object at 0x783fa15c5c00>
DEBUG:matplotlib.colorbar:locator: <matplotlib.ticker.AutoLocator object at 0x783fa23944f0>
DEBUG:matplotlib.colorbar:colorbar update normal <matplotlib.colors.Normalize object at 0x783fa2396b00> <matplotlib.colors.Normalize object at 0x783fa2396b00>
DEBUG:matplotlib.colorbar:locator: <matplotlib.ticker.AutoLocator object at 0x7840817cc5b0>
DEBUG:matplotlib.colorbar:colorbar update normal <matplotlib.colors.Normalize object at 0x783fa2396b00> <matplotlib.colors.Normalize object at 0x783fa2396b00>
DEBUG:matplotlib.colorbar:locator: <matplotlib.ticker.AutoLocator object at 0x7840817cc5b0>
DEBUG:matplotlib.colorbar:locator: <matplotlib.ticker.AutoLocator object at 0x7840817cca60>
DEBUG:matplotlib.colorbar:colorbar update normal <matplotlib.colors.Normalize object at 0x7840817f3f40> <matplotlib.colors.Normalize object at 0x7840817f3f40>
DEBUG:matplotlib.colorbar:locator: <matplotlib.ticker.AutoLocator object at 0x783fa23944f0>
DEBUG:matplotlib.colorbar:colorbar update normal <matplotlib.colors.Normalize object at 0x7840817f3f40> <matplotlib.colors.Normalize object at 0x7840817f3f40>
DEBUG:matplotlib.colorbar:locator: <matplotlib.ticker.AutoLocator object at 0x783fa23944f0>
DEBUG:matplotlib.colorbar:locator: <matplotlib.ticker.AutoLocator object at 0x783f9ae5b880>
DEBUG:matplotlib.colorbar:colorbar update normal <matplotlib.colors.Normalize object at 0x783fa1f85390> <matplotlib.colors.Normalize object at 0x783fa1f85390>
DEBUG:matplotlib.colorbar:locator: <matplotlib.ticker.AutoLocator object at 0x783f9afdf670>
DEBUG:matplotlib.colorbar:colorbar update normal <matplotlib.colors.Normalize object at 0x783fa1f85390> <matplotlib.colors.Normalize object at 0x783fa1f85390>
DEBUG:matplotlib.colorbar:locator: <matplotlib.ticker.AutoLocator object at 0x783f9afdf670>
DEBUG:matplotlib.colorbar:locator: <matplotlib.ticker.AutoLocator object at 0x783fa1555360>
DEBUG:matplotlib.colorbar:colorbar update normal <matplotlib.colors.Normalize object at 0x78408185de10> <matplotlib.colors.Normalize object at 0x78408185de10>
DEBUG:matplotlib.colorbar:locator: <matplotlib.ticker.AutoLocator object at 0x783f9ae5b880>
DEBUG:matplotlib.colorbar:colorbar update normal <matplotlib.colors.Normalize object at 0x78408185de10> <matplotlib.colors.Normalize object at 0x78408185de10>
DEBUG:matplotlib.colorbar:locator: <matplotlib.ticker.AutoLocator object at 0x783f9ae5b880>
DEBUG:matplotlib.colorbar:locator: <matplotlib.ticker.AutoLocator object at 0x783fa15c4d60>
DEBUG:matplotlib.colorbar:colorbar update normal <matplotlib.colors.Normalize object at 0x783fa15564d0> <matplotlib.colors.Normalize object at 0x783fa15564d0>
DEBUG:matplotlib.colorbar:locator: <matplotlib.ticker.AutoLocator object at 0x78408185f2b0>
DEBUG:matplotlib.colorbar:colorbar update normal <matplotlib.colors.Normalize object at 0x783fa15564d0> <matplotlib.colors.Normalize object at 0x783fa15564d0>
DEBUG:matplotlib.colorbar:locator: <matplotlib.ticker.AutoLocator object at 0x78408185f2b0>
DEBUG:matplotlib.colorbar:locator: <matplotlib.ticker.AutoLocator object at 0x78408185d240>
DEBUG:matplotlib.colorbar:colorbar update normal <matplotlib.colors.Normalize object at 0x784081887c10> <matplotlib.colors.Normalize object at 0x784081887c10>
DEBUG:matplotlib.colorbar:locator: <matplotlib.ticker.AutoLocator object at 0x783fa15c4d60>
DEBUG:matplotlib.colorbar:colorbar update normal <matplotlib.colors.Normalize object at 0x784081887c10> <matplotlib.colors.Normalize object at 0x784081887c10>
DEBUG:matplotlib.colorbar:locator: <matplotlib.ticker.AutoLocator object at 0x783fa15c4d60>
DEBUG:matplotlib.colorbar:locator: <matplotlib.ticker.AutoLocator object at 0x783fa2394dc0>
DEBUG:matplotlib.colorbar:colorbar update normal <matplotlib.colors.Normalize object at 0x784081886bc0> <matplotlib.colors.Normalize object at 0x784081886bc0>
DEBUG:matplotlib.colorbar:locator: <matplotlib.ticker.AutoLocator object at 0x784081820a30>
DEBUG:matplotlib.colorbar:colorbar update normal <matplotlib.colors.Normalize object at 0x784081886bc0> <matplotlib.colors.Normalize object at 0x784081886bc0>
DEBUG:matplotlib.colorbar:locator: <matplotlib.ticker.AutoLocator object at 0x784081820a30>
DEBUG:matplotlib.colorbar:locator: <matplotlib.ticker.AutoLocator object at 0x784081820eb0>
DEBUG:matplotlib.colorbar:colorbar update normal <matplotlib.colors.Normalize object at 0x78408170d3c0> <matplotlib.colors.Normalize object at 0x78408170d3c0>
DEBUG:matplotlib.colorbar:locator: <matplotlib.ticker.AutoLocator object at 0x783fa2394dc0>
DEBUG:matplotlib.colorbar:colorbar update normal <matplotlib.colors.Normalize object at 0x78408170d3c0> <matplotlib.colors.Normalize object at 0x78408170d3c0>
DEBUG:matplotlib.colorbar:locator: <matplotlib.ticker.AutoLocator object at 0x783fa2394dc0>
DEBUG:matplotlib.colorbar:locator: <matplotlib.ticker.AutoLocator object at 0x783f9ae59720>
DEBUG:matplotlib.colorbar:colorbar update normal <matplotlib.colors.Normalize object at 0x7840818742e0> <matplotlib.colors.Normalize object at 0x7840818742e0>
DEBUG:matplotlib.colorbar:locator: <matplotlib.ticker.AutoLocator object at 0x7840817f2fe0>
DEBUG:matplotlib.colorbar:colorbar update normal <matplotlib.colors.Normalize object at 0x7840818742e0> <matplotlib.colors.Normalize object at 0x7840818742e0>
DEBUG:matplotlib.colorbar:locator: <matplotlib.ticker.AutoLocator object at 0x7840817f2fe0>
DEBUG:matplotlib.colorbar:locator: <matplotlib.ticker.AutoLocator object at 0x7840818874f0>
DEBUG:matplotlib.colorbar:colorbar update normal <matplotlib.colors.Normalize object at 0x784081764700> <matplotlib.colors.Normalize object at 0x784081764700>
DEBUG:matplotlib.colorbar:locator: <matplotlib.ticker.AutoLocator object at 0x783f9ae59720>
DEBUG:matplotlib.colorbar:colorbar update normal <matplotlib.colors.Normalize object at 0x784081764700> <matplotlib.colors.Normalize object at 0x784081764700>
DEBUG:matplotlib.colorbar:locator: <matplotlib.ticker.AutoLocator object at 0x783f9ae59720>
DEBUG:matplotlib.colorbar:locator: <matplotlib.ticker.AutoLocator object at 0x7840817f3820>
DEBUG:matplotlib.colorbar:colorbar update normal <matplotlib.colors.Normalize object at 0x783f9afdda50> <matplotlib.colors.Normalize object at 0x783f9afdda50>
DEBUG:matplotlib.colorbar:locator: <matplotlib.ticker.AutoLocator object at 0x7840817044c0>
DEBUG:matplotlib.colorbar:colorbar update normal <matplotlib.colors.Normalize object at 0x783f9afdda50> <matplotlib.colors.Normalize object at 0x783f9afdda50>
DEBUG:matplotlib.colorbar:locator: <matplotlib.ticker.AutoLocator object at 0x7840817044c0>
DEBUG:matplotlib.colorbar:locator: <matplotlib.ticker.AutoLocator object at 0x784081707550>
DEBUG:matplotlib.colorbar:colorbar update normal <matplotlib.colors.Normalize object at 0x783f9afdc670> <matplotlib.colors.Normalize object at 0x783f9afdc670>
DEBUG:matplotlib.colorbar:locator: <matplotlib.ticker.AutoLocator object at 0x7840817f3820>
DEBUG:matplotlib.colorbar:colorbar update normal <matplotlib.colors.Normalize object at 0x783f9afdc670> <matplotlib.colors.Normalize object at 0x783f9afdc670>
DEBUG:matplotlib.colorbar:locator: <matplotlib.ticker.AutoLocator object at 0x7840817f3820>
DEBUG:matplotlib.colorbar:locator: <matplotlib.ticker.AutoLocator object at 0x78408185d1e0>
DEBUG:matplotlib.colorbar:colorbar update normal <matplotlib.colors.Normalize object at 0x783fa00a8880> <matplotlib.colors.Normalize object at 0x783fa00a8880>
DEBUG:matplotlib.colorbar:locator: <matplotlib.ticker.AutoLocator object at 0x784081704340>
DEBUG:matplotlib.colorbar:colorbar update normal <matplotlib.colors.Normalize object at 0x783fa00a8880> <matplotlib.colors.Normalize object at 0x783fa00a8880>
DEBUG:matplotlib.colorbar:locator: <matplotlib.ticker.AutoLocator object at 0x784081704340>
DEBUG:matplotlib.colorbar:locator: <matplotlib.ticker.AutoLocator object at 0x784081764eb0>
DEBUG:matplotlib.colorbar:colorbar update normal <matplotlib.colors.Normalize object at 0x783fa1f3cd00> <matplotlib.colors.Normalize object at 0x783fa1f3cd00>
DEBUG:matplotlib.colorbar:locator: <matplotlib.ticker.AutoLocator object at 0x78408185d1e0>
DEBUG:matplotlib.colorbar:colorbar update normal <matplotlib.colors.Normalize object at 0x783fa1f3cd00> <matplotlib.colors.Normalize object at 0x783fa1f3cd00>
DEBUG:matplotlib.colorbar:locator: <matplotlib.ticker.AutoLocator object at 0x78408185d1e0>
DEBUG:matplotlib.colorbar:locator: <matplotlib.ticker.AutoLocator object at 0x7840818865f0>
DEBUG:matplotlib.colorbar:colorbar update normal <matplotlib.colors.Normalize object at 0x783fa1503550> <matplotlib.colors.Normalize object at 0x783fa1503550>
DEBUG:matplotlib.colorbar:locator: <matplotlib.ticker.AutoLocator object at 0x783fa1f57160>
DEBUG:matplotlib.colorbar:colorbar update normal <matplotlib.colors.Normalize object at 0x783fa1503550> <matplotlib.colors.Normalize object at 0x783fa1503550>
DEBUG:matplotlib.colorbar:locator: <matplotlib.ticker.AutoLocator object at 0x783fa1f57160>
DEBUG:matplotlib.colorbar:locator: <matplotlib.ticker.AutoLocator object at 0x7840817f2d40>
DEBUG:matplotlib.colorbar:colorbar update normal <matplotlib.colors.Normalize object at 0x783fa0bee0b0> <matplotlib.colors.Normalize object at 0x783fa0bee0b0>
DEBUG:matplotlib.colorbar:locator: <matplotlib.ticker.AutoLocator object at 0x7840818865f0>
DEBUG:matplotlib.colorbar:colorbar update normal <matplotlib.colors.Normalize object at 0x783fa0bee0b0> <matplotlib.colors.Normalize object at 0x783fa0bee0b0>
DEBUG:matplotlib.colorbar:locator: <matplotlib.ticker.AutoLocator object at 0x7840818865f0>
DEBUG:matplotlib.colorbar:locator: <matplotlib.ticker.AutoLocator object at 0x7840817d93f0>
DEBUG:matplotlib.colorbar:colorbar update normal <matplotlib.colors.Normalize object at 0x7840818231c0> <matplotlib.colors.Normalize object at 0x7840818231c0>
DEBUG:matplotlib.colorbar:locator: <matplotlib.ticker.AutoLocator object at 0x783fa15d7dc0>
DEBUG:matplotlib.colorbar:colorbar update normal <matplotlib.colors.Normalize object at 0x7840818231c0> <matplotlib.colors.Normalize object at 0x7840818231c0>
DEBUG:matplotlib.colorbar:locator: <matplotlib.ticker.AutoLocator object at 0x783fa15d7dc0>
DEBUG:matplotlib.colorbar:locator: <matplotlib.ticker.AutoLocator object at 0x783fa00c0d90>
DEBUG:matplotlib.colorbar:colorbar update normal <matplotlib.colors.Normalize object at 0x783f9ae16fb0> <matplotlib.colors.Normalize object at 0x783f9ae16fb0>
DEBUG:matplotlib.colorbar:locator: <matplotlib.ticker.AutoLocator object at 0x7840817d93f0>
DEBUG:matplotlib.colorbar:colorbar update normal <matplotlib.colors.Normalize object at 0x783f9ae16fb0> <matplotlib.colors.Normalize object at 0x783f9ae16fb0>
DEBUG:matplotlib.colorbar:locator: <matplotlib.ticker.AutoLocator object at 0x7840817d93f0>
DEBUG:matplotlib.colorbar:locator: <matplotlib.ticker.AutoLocator object at 0x783fa0ba2320>
DEBUG:matplotlib.colorbar:colorbar update normal <matplotlib.colors.Normalize object at 0x783fa0b3da20> <matplotlib.colors.Normalize object at 0x783fa0b3da20>
DEBUG:matplotlib.colorbar:locator: <matplotlib.ticker.AutoLocator object at 0x7840817da980>
DEBUG:matplotlib.colorbar:colorbar update normal <matplotlib.colors.Normalize object at 0x783fa0b3da20> <matplotlib.colors.Normalize object at 0x783fa0b3da20>
DEBUG:matplotlib.colorbar:locator: <matplotlib.ticker.AutoLocator object at 0x7840817da980>
DEBUG:matplotlib.colorbar:locator: <matplotlib.ticker.AutoLocator object at 0x783fa15d9c90>
DEBUG:matplotlib.colorbar:colorbar update normal <matplotlib.colors.Normalize object at 0x783f9af45f00> <matplotlib.colors.Normalize object at 0x783f9af45f00>
DEBUG:matplotlib.colorbar:locator: <matplotlib.ticker.AutoLocator object at 0x783fa0ba2320>
DEBUG:matplotlib.colorbar:colorbar update normal <matplotlib.colors.Normalize object at 0x783f9af45f00> <matplotlib.colors.Normalize object at 0x783f9af45f00>
DEBUG:matplotlib.colorbar:locator: <matplotlib.ticker.AutoLocator object at 0x783fa0ba2320>
DEBUG:matplotlib.colorbar:locator: <matplotlib.ticker.AutoLocator object at 0x7840817d83d0>
DEBUG:matplotlib.colorbar:colorbar update normal <matplotlib.colors.Normalize object at 0x783fa0b3c160> <matplotlib.colors.Normalize object at 0x783fa0b3c160>
DEBUG:matplotlib.colorbar:locator: <matplotlib.ticker.AutoLocator object at 0x783fa1500eb0>
DEBUG:matplotlib.colorbar:colorbar update normal <matplotlib.colors.Normalize object at 0x783fa0b3c160> <matplotlib.colors.Normalize object at 0x783fa0b3c160>
DEBUG:matplotlib.colorbar:locator: <matplotlib.ticker.AutoLocator object at 0x783fa1500eb0>
DEBUG:matplotlib.colorbar:locator: <matplotlib.ticker.AutoLocator object at 0x783fa1500ca0>
DEBUG:matplotlib.colorbar:colorbar update normal <matplotlib.colors.Normalize object at 0x783fa1fcdf00> <matplotlib.colors.Normalize object at 0x783fa1fcdf00>
DEBUG:matplotlib.colorbar:locator: <matplotlib.ticker.AutoLocator object at 0x7840817d83d0>
DEBUG:matplotlib.colorbar:colorbar update normal <matplotlib.colors.Normalize object at 0x783fa1fcdf00> <matplotlib.colors.Normalize object at 0x783fa1fcdf00>
DEBUG:matplotlib.colorbar:locator: <matplotlib.ticker.AutoLocator object at 0x7840817d83d0>
DEBUG:matplotlib.colorbar:locator: <matplotlib.ticker.AutoLocator object at 0x783f9af45870>
DEBUG:matplotlib.colorbar:colorbar update normal <matplotlib.colors.Normalize object at 0x783fa0bef070> <matplotlib.colors.Normalize object at 0x783fa0bef070>
DEBUG:matplotlib.colorbar:locator: <matplotlib.ticker.AutoLocator object at 0x783fa1fccfa0>
DEBUG:matplotlib.colorbar:colorbar update normal <matplotlib.colors.Normalize object at 0x783fa0bef070> <matplotlib.colors.Normalize object at 0x783fa0bef070>
DEBUG:matplotlib.colorbar:locator: <matplotlib.ticker.AutoLocator object at 0x783fa1fccfa0>
DEBUG:matplotlib.colorbar:locator: <matplotlib.ticker.AutoLocator object at 0x783fa0032b30>
DEBUG:matplotlib.colorbar:colorbar update normal <matplotlib.colors.Normalize object at 0x784081649570> <matplotlib.colors.Normalize object at 0x784081649570>
DEBUG:matplotlib.colorbar:locator: <matplotlib.ticker.AutoLocator object at 0x783f9af45870>
DEBUG:matplotlib.colorbar:colorbar update normal <matplotlib.colors.Normalize object at 0x784081649570> <matplotlib.colors.Normalize object at 0x784081649570>
DEBUG:matplotlib.colorbar:locator: <matplotlib.ticker.AutoLocator object at 0x783f9af45870>
DEBUG:matplotlib.colorbar:locator: <matplotlib.ticker.AutoLocator object at 0x783f9af445e0>
DEBUG:matplotlib.colorbar:colorbar update normal <matplotlib.colors.Normalize object at 0x783fa0bee4d0> <matplotlib.colors.Normalize object at 0x783fa0bee4d0>
DEBUG:matplotlib.colorbar:locator: <matplotlib.ticker.AutoLocator object at 0x784081648af0>
DEBUG:matplotlib.colorbar:colorbar update normal <matplotlib.colors.Normalize object at 0x783fa0bee4d0> <matplotlib.colors.Normalize object at 0x783fa0bee4d0>
DEBUG:matplotlib.colorbar:locator: <matplotlib.ticker.AutoLocator object at 0x784081648af0>
DEBUG:matplotlib.colorbar:locator: <matplotlib.ticker.AutoLocator object at 0x78408164a740>
DEBUG:matplotlib.colorbar:colorbar update normal <matplotlib.colors.Normalize object at 0x7840814b7b20> <matplotlib.colors.Normalize object at 0x7840814b7b20>
DEBUG:matplotlib.colorbar:locator: <matplotlib.ticker.AutoLocator object at 0x783f9af445e0>
DEBUG:matplotlib.colorbar:colorbar update normal <matplotlib.colors.Normalize object at 0x7840814b7b20> <matplotlib.colors.Normalize object at 0x7840814b7b20>
DEBUG:matplotlib.colorbar:locator: <matplotlib.ticker.AutoLocator object at 0x783f9af445e0>
DEBUG:matplotlib.colorbar:locator: <matplotlib.ticker.AutoLocator object at 0x783f9ae17e20>
DEBUG:matplotlib.colorbar:colorbar update normal <matplotlib.colors.Normalize object at 0x783fa00315a0> <matplotlib.colors.Normalize object at 0x783fa00315a0>
DEBUG:matplotlib.colorbar:locator: <matplotlib.ticker.AutoLocator object at 0x784081665960>
DEBUG:matplotlib.colorbar:colorbar update normal <matplotlib.colors.Normalize object at 0x783fa00315a0> <matplotlib.colors.Normalize object at 0x783fa00315a0>
DEBUG:matplotlib.colorbar:locator: <matplotlib.ticker.AutoLocator object at 0x784081665960>
DEBUG:matplotlib.colorbar:locator: <matplotlib.ticker.AutoLocator object at 0x7840814eabf0>
DEBUG:matplotlib.colorbar:colorbar update normal <matplotlib.colors.Normalize object at 0x784081516bf0> <matplotlib.colors.Normalize object at 0x784081516bf0>
DEBUG:matplotlib.colorbar:locator: <matplotlib.ticker.AutoLocator object at 0x783f9ae17e20>
DEBUG:matplotlib.colorbar:colorbar update normal <matplotlib.colors.Normalize object at 0x784081516bf0> <matplotlib.colors.Normalize object at 0x784081516bf0>
DEBUG:matplotlib.colorbar:locator: <matplotlib.ticker.AutoLocator object at 0x783f9ae17e20>
DEBUG:matplotlib.colorbar:locator: <matplotlib.ticker.AutoLocator object at 0x783fa0030970>
DEBUG:matplotlib.colorbar:colorbar update normal <matplotlib.colors.Normalize object at 0x7840815583d0> <matplotlib.colors.Normalize object at 0x7840815583d0>
DEBUG:matplotlib.colorbar:locator: <matplotlib.ticker.AutoLocator object at 0x783fa0030040>
DEBUG:matplotlib.colorbar:colorbar update normal <matplotlib.colors.Normalize object at 0x7840815583d0> <matplotlib.colors.Normalize object at 0x7840815583d0>
DEBUG:matplotlib.colorbar:locator: <matplotlib.ticker.AutoLocator object at 0x783fa0030040>
DEBUG:matplotlib.colorbar:locator: <matplotlib.ticker.AutoLocator object at 0x783fa00309d0>
DEBUG:matplotlib.colorbar:colorbar update normal <matplotlib.colors.Normalize object at 0x7840813b5ab0> <matplotlib.colors.Normalize object at 0x7840813b5ab0>
DEBUG:matplotlib.colorbar:locator: <matplotlib.ticker.AutoLocator object at 0x783fa0030970>
DEBUG:matplotlib.colorbar:colorbar update normal <matplotlib.colors.Normalize object at 0x7840813b5ab0> <matplotlib.colors.Normalize object at 0x7840813b5ab0>
DEBUG:matplotlib.colorbar:locator: <matplotlib.ticker.AutoLocator object at 0x783fa0030970>
DEBUG:matplotlib.colorbar:locator: <matplotlib.ticker.AutoLocator object at 0x784081517a30>
DEBUG:matplotlib.colorbar:colorbar update normal <matplotlib.colors.Normalize object at 0x78408177eb30> <matplotlib.colors.Normalize object at 0x78408177eb30>
DEBUG:matplotlib.colorbar:locator: <matplotlib.ticker.AutoLocator object at 0x7840813b5f30>
DEBUG:matplotlib.colorbar:colorbar update normal <matplotlib.colors.Normalize object at 0x78408177eb30> <matplotlib.colors.Normalize object at 0x78408177eb30>
DEBUG:matplotlib.colorbar:locator: <matplotlib.ticker.AutoLocator object at 0x7840813b5f30>
DEBUG:matplotlib.colorbar:locator: <matplotlib.ticker.AutoLocator object at 0x784081517f10>
DEBUG:matplotlib.colorbar:colorbar update normal <matplotlib.colors.Normalize object at 0x7840813f7430> <matplotlib.colors.Normalize object at 0x7840813f7430>
DEBUG:matplotlib.colorbar:locator: <matplotlib.ticker.AutoLocator object at 0x784081517a30>
DEBUG:matplotlib.colorbar:colorbar update normal <matplotlib.colors.Normalize object at 0x7840813f7430> <matplotlib.colors.Normalize object at 0x7840813f7430>
DEBUG:matplotlib.colorbar:locator: <matplotlib.ticker.AutoLocator object at 0x784081517a30>
DEBUG:matplotlib.colorbar:locator: <matplotlib.ticker.AutoLocator object at 0x783fa0031750>
DEBUG:matplotlib.colorbar:colorbar update normal <matplotlib.colors.Normalize object at 0x7840814e8040> <matplotlib.colors.Normalize object at 0x7840814e8040>
DEBUG:matplotlib.colorbar:locator: <matplotlib.ticker.AutoLocator object at 0x78408143e7a0>
DEBUG:matplotlib.colorbar:colorbar update normal <matplotlib.colors.Normalize object at 0x7840814e8040> <matplotlib.colors.Normalize object at 0x7840814e8040>
DEBUG:matplotlib.colorbar:locator: <matplotlib.ticker.AutoLocator object at 0x78408143e7a0>
DEBUG:matplotlib.colorbar:locator: <matplotlib.ticker.AutoLocator object at 0x78408143e920>
DEBUG:matplotlib.colorbar:colorbar update normal <matplotlib.colors.Normalize object at 0x78408129dcf0> <matplotlib.colors.Normalize object at 0x78408129dcf0>
DEBUG:matplotlib.colorbar:locator: <matplotlib.ticker.AutoLocator object at 0x783fa0031750>
DEBUG:matplotlib.colorbar:colorbar update normal <matplotlib.colors.Normalize object at 0x78408129dcf0> <matplotlib.colors.Normalize object at 0x78408129dcf0>
DEBUG:matplotlib.colorbar:locator: <matplotlib.ticker.AutoLocator object at 0x783fa0031750>
DEBUG:matplotlib.colorbar:locator: <matplotlib.ticker.AutoLocator object at 0x783f9ae59150>
DEBUG:matplotlib.colorbar:colorbar update normal <matplotlib.colors.Normalize object at 0x7840812c26b0> <matplotlib.colors.Normalize object at 0x7840812c26b0>
DEBUG:matplotlib.colorbar:locator: <matplotlib.ticker.AutoLocator object at 0x783fa00a8c40>
DEBUG:matplotlib.colorbar:colorbar update normal <matplotlib.colors.Normalize object at 0x7840812c26b0> <matplotlib.colors.Normalize object at 0x7840812c26b0>
DEBUG:matplotlib.colorbar:locator: <matplotlib.ticker.AutoLocator object at 0x783fa00a8c40>
DEBUG:matplotlib.colorbar:locator: <matplotlib.ticker.AutoLocator object at 0x7840815588e0>
DEBUG:matplotlib.colorbar:colorbar update normal <matplotlib.colors.Normalize object at 0x784081328a00> <matplotlib.colors.Normalize object at 0x784081328a00>
DEBUG:matplotlib.colorbar:locator: <matplotlib.ticker.AutoLocator object at 0x783f9ae59150>
DEBUG:matplotlib.colorbar:colorbar update normal <matplotlib.colors.Normalize object at 0x784081328a00> <matplotlib.colors.Normalize object at 0x784081328a00>
DEBUG:matplotlib.colorbar:locator: <matplotlib.ticker.AutoLocator object at 0x783f9ae59150>
DEBUG:matplotlib.colorbar:locator: <matplotlib.ticker.AutoLocator object at 0x7840815581f0>
DEBUG:matplotlib.colorbar:locator: <matplotlib.ticker.AutoLocator object at 0x78408133ce20>
DEBUG:matplotlib.colorbar:colorbar update normal <matplotlib.colors.Normalize object at 0x784081361780> <matplotlib.colors.Normalize object at 0x784081361780>
DEBUG:matplotlib.colorbar:locator: <matplotlib.ticker.AutoLocator object at 0x7840815581f0>
DEBUG:matplotlib.colorbar:colorbar update normal <matplotlib.colors.Normalize object at 0x784081361780> <matplotlib.colors.Normalize object at 0x784081361780>
DEBUG:matplotlib.colorbar:locator: <matplotlib.ticker.AutoLocator object at 0x7840815581f0>
DEBUG:matplotlib.colorbar:locator: <matplotlib.ticker.AutoLocator object at 0x7840813b6770>
DEBUG:matplotlib.colorbar:locator: <matplotlib.ticker.AutoLocator object at 0x783f9afd03a0>
DEBUG:matplotlib.colorbar:colorbar update normal <matplotlib.colors.Normalize object at 0x783f9afb7340> <matplotlib.colors.Normalize object at 0x783f9afb7340>
DEBUG:matplotlib.colorbar:locator: <matplotlib.ticker.AutoLocator object at 0x7840813b6770>
DEBUG:matplotlib.colorbar:colorbar update normal <matplotlib.colors.Normalize object at 0x783f9afb7340> <matplotlib.colors.Normalize object at 0x783f9afb7340>
DEBUG:matplotlib.colorbar:locator: <matplotlib.ticker.AutoLocator object at 0x7840813b6770>
DEBUG:matplotlib.colorbar:locator: <matplotlib.ticker.AutoLocator object at 0x783f9ae16a40>
DEBUG:matplotlib.colorbar:locator: <matplotlib.ticker.AutoLocator object at 0x783f9afb7f10>
DEBUG:matplotlib.colorbar:colorbar update normal <matplotlib.colors.Normalize object at 0x783f9afc4a60> <matplotlib.colors.Normalize object at 0x783f9afc4a60>
DEBUG:matplotlib.colorbar:locator: <matplotlib.ticker.AutoLocator object at 0x783f9ae16a40>
DEBUG:matplotlib.colorbar:colorbar update normal <matplotlib.colors.Normalize object at 0x783f9afc4a60> <matplotlib.colors.Normalize object at 0x783f9afc4a60>
DEBUG:matplotlib.colorbar:locator: <matplotlib.ticker.AutoLocator object at 0x783f9ae16a40>
DEBUG:matplotlib.colorbar:locator: <matplotlib.ticker.AutoLocator object at 0x783f9afc4c10>
DEBUG:matplotlib.colorbar:locator: <matplotlib.ticker.AutoLocator object at 0x784081559780>
DEBUG:matplotlib.colorbar:colorbar update normal <matplotlib.colors.Normalize object at 0x78408143d660> <matplotlib.colors.Normalize object at 0x78408143d660>
DEBUG:matplotlib.colorbar:locator: <matplotlib.ticker.AutoLocator object at 0x783f9afc4c10>
DEBUG:matplotlib.colorbar:colorbar update normal <matplotlib.colors.Normalize object at 0x78408143d660> <matplotlib.colors.Normalize object at 0x78408143d660>
DEBUG:matplotlib.colorbar:locator: <matplotlib.ticker.AutoLocator object at 0x783f9afc4c10>
DEBUG:matplotlib.colorbar:locator: <matplotlib.ticker.AutoLocator object at 0x78408143dc30>
DEBUG:matplotlib.colorbar:locator: <matplotlib.ticker.AutoLocator object at 0x783fa0bed8a0>
DEBUG:matplotlib.colorbar:colorbar update normal <matplotlib.colors.Normalize object at 0x78407e971ea0> <matplotlib.colors.Normalize object at 0x78407e971ea0>
DEBUG:matplotlib.colorbar:locator: <matplotlib.ticker.AutoLocator object at 0x78408143dc30>
DEBUG:matplotlib.colorbar:colorbar update normal <matplotlib.colors.Normalize object at 0x78407e971ea0> <matplotlib.colors.Normalize object at 0x78407e971ea0>
DEBUG:matplotlib.colorbar:locator: <matplotlib.ticker.AutoLocator object at 0x78408143dc30>
DEBUG:matplotlib.colorbar:locator: <matplotlib.ticker.AutoLocator object at 0x78408143d8a0>
DEBUG:matplotlib.colorbar:locator: <matplotlib.ticker.AutoLocator object at 0x78407e972b30>
DEBUG:matplotlib.colorbar:colorbar update normal <matplotlib.colors.Normalize object at 0x78407e9ea8f0> <matplotlib.colors.Normalize object at 0x78407e9ea8f0>
DEBUG:matplotlib.colorbar:locator: <matplotlib.ticker.AutoLocator object at 0x78408143d8a0>
DEBUG:matplotlib.colorbar:colorbar update normal <matplotlib.colors.Normalize object at 0x78407e9ea8f0> <matplotlib.colors.Normalize object at 0x78407e9ea8f0>
DEBUG:matplotlib.colorbar:locator: <matplotlib.ticker.AutoLocator object at 0x78408143d8a0>
DEBUG:matplotlib.colorbar:locator: <matplotlib.ticker.AutoLocator object at 0x783f9afc4490>
DEBUG:matplotlib.colorbar:locator: <matplotlib.ticker.AutoLocator object at 0x78407e9e9f90>
DEBUG:matplotlib.colorbar:colorbar update normal <matplotlib.colors.Normalize object at 0x78407e84ff70> <matplotlib.colors.Normalize object at 0x78407e84ff70>
DEBUG:matplotlib.colorbar:locator: <matplotlib.ticker.AutoLocator object at 0x783f9afc4490>
DEBUG:matplotlib.colorbar:colorbar update normal <matplotlib.colors.Normalize object at 0x78407e84ff70> <matplotlib.colors.Normalize object at 0x78407e84ff70>
DEBUG:matplotlib.colorbar:locator: <matplotlib.ticker.AutoLocator object at 0x783f9afc4490>
DEBUG:matplotlib.colorbar:locator: <matplotlib.ticker.AutoLocator object at 0x783f9ae16650>
DEBUG:matplotlib.colorbar:locator: <matplotlib.ticker.AutoLocator object at 0x78407e871930>
DEBUG:matplotlib.colorbar:colorbar update normal <matplotlib.colors.Normalize object at 0x78407e8e54e0> <matplotlib.colors.Normalize object at 0x78407e8e54e0>
DEBUG:matplotlib.colorbar:locator: <matplotlib.ticker.AutoLocator object at 0x783f9ae16650>
DEBUG:matplotlib.colorbar:colorbar update normal <matplotlib.colors.Normalize object at 0x78407e8e54e0> <matplotlib.colors.Normalize object at 0x78407e8e54e0>
DEBUG:matplotlib.colorbar:locator: <matplotlib.ticker.AutoLocator object at 0x783f9ae16650>
DEBUG:matplotlib.colorbar:locator: <matplotlib.ticker.AutoLocator object at 0x78408129fe80>
DEBUG:matplotlib.colorbar:locator: <matplotlib.ticker.AutoLocator object at 0x78407e8e5cc0>
DEBUG:matplotlib.colorbar:colorbar update normal <matplotlib.colors.Normalize object at 0x78407c552b90> <matplotlib.colors.Normalize object at 0x78407c552b90>
DEBUG:matplotlib.colorbar:locator: <matplotlib.ticker.AutoLocator object at 0x78408129fe80>
DEBUG:matplotlib.colorbar:colorbar update normal <matplotlib.colors.Normalize object at 0x78407c552b90> <matplotlib.colors.Normalize object at 0x78407c552b90>
DEBUG:matplotlib.colorbar:locator: <matplotlib.ticker.AutoLocator object at 0x78408129fe80>
DEBUG:matplotlib.colorbar:locator: <matplotlib.ticker.AutoLocator object at 0x78407e971780>
DEBUG:matplotlib.colorbar:locator: <matplotlib.ticker.AutoLocator object at 0x78407c56b790>
DEBUG:matplotlib.colorbar:colorbar update normal <matplotlib.colors.Normalize object at 0x78407c5c35b0> <matplotlib.colors.Normalize object at 0x78407c5c35b0>
DEBUG:matplotlib.colorbar:locator: <matplotlib.ticker.AutoLocator object at 0x78407e971780>
DEBUG:matplotlib.colorbar:colorbar update normal <matplotlib.colors.Normalize object at 0x78407c5c35b0> <matplotlib.colors.Normalize object at 0x78407c5c35b0>
DEBUG:matplotlib.colorbar:locator: <matplotlib.ticker.AutoLocator object at 0x78407e971780>
DEBUG:matplotlib.colorbar:locator: <matplotlib.ticker.AutoLocator object at 0x78407e9e93c0>
DEBUG:matplotlib.colorbar:locator: <matplotlib.ticker.AutoLocator object at 0x78407c569b40>
DEBUG:matplotlib.colorbar:colorbar update normal <matplotlib.colors.Normalize object at 0x78407c410a90> <matplotlib.colors.Normalize object at 0x78407c410a90>
DEBUG:matplotlib.colorbar:locator: <matplotlib.ticker.AutoLocator object at 0x78407e9e93c0>
DEBUG:matplotlib.colorbar:colorbar update normal <matplotlib.colors.Normalize object at 0x78407c410a90> <matplotlib.colors.Normalize object at 0x78407c410a90>
DEBUG:matplotlib.colorbar:locator: <matplotlib.ticker.AutoLocator object at 0x78407e9e93c0>
DEBUG:matplotlib.colorbar:locator: <matplotlib.ticker.AutoLocator object at 0x78407e84f850>
DEBUG:matplotlib.colorbar:locator: <matplotlib.ticker.AutoLocator object at 0x78407c412da0>
DEBUG:matplotlib.colorbar:colorbar update normal <matplotlib.colors.Normalize object at 0x78407c486e90> <matplotlib.colors.Normalize object at 0x78407c486e90>
DEBUG:matplotlib.colorbar:locator: <matplotlib.ticker.AutoLocator object at 0x78407e84f850>
DEBUG:matplotlib.colorbar:colorbar update normal <matplotlib.colors.Normalize object at 0x78407c486e90> <matplotlib.colors.Normalize object at 0x78407c486e90>
DEBUG:matplotlib.colorbar:locator: <matplotlib.ticker.AutoLocator object at 0x78407e84f850>
DEBUG:matplotlib.colorbar:locator: <matplotlib.ticker.AutoLocator object at 0x78407e8e4250>
DEBUG:matplotlib.colorbar:locator: <matplotlib.ticker.AutoLocator object at 0x78407c5c3310>
DEBUG:matplotlib.colorbar:colorbar update normal <matplotlib.colors.Normalize object at 0x78407c4e73d0> <matplotlib.colors.Normalize object at 0x78407c4e73d0>
DEBUG:matplotlib.colorbar:locator: <matplotlib.ticker.AutoLocator object at 0x78407e8e4250>
DEBUG:matplotlib.colorbar:colorbar update normal <matplotlib.colors.Normalize object at 0x78407c4e73d0> <matplotlib.colors.Normalize object at 0x78407c4e73d0>
DEBUG:matplotlib.colorbar:locator: <matplotlib.ticker.AutoLocator object at 0x78407e8e4250>
DEBUG:matplotlib.colorbar:locator: <matplotlib.ticker.AutoLocator object at 0x78407c551f00>
DEBUG:matplotlib.colorbar:locator: <matplotlib.ticker.AutoLocator object at 0x78407c4f0e50>
DEBUG:matplotlib.colorbar:colorbar update normal <matplotlib.colors.Normalize object at 0x78407c39e650> <matplotlib.colors.Normalize object at 0x78407c39e650>
DEBUG:matplotlib.colorbar:locator: <matplotlib.ticker.AutoLocator object at 0x78407c551f00>
DEBUG:matplotlib.colorbar:colorbar update normal <matplotlib.colors.Normalize object at 0x78407c39e650> <matplotlib.colors.Normalize object at 0x78407c39e650>
DEBUG:matplotlib.colorbar:locator: <matplotlib.ticker.AutoLocator object at 0x78407c551f00>
DEBUG:matplotlib.colorbar:locator: <matplotlib.ticker.AutoLocator object at 0x78407c5c2e90>
DEBUG:matplotlib.colorbar:locator: <matplotlib.ticker.AutoLocator object at 0x78407c4cc9d0>
DEBUG:matplotlib.colorbar:colorbar update normal <matplotlib.colors.Normalize object at 0x78407c22dd20> <matplotlib.colors.Normalize object at 0x78407c22dd20>
DEBUG:matplotlib.colorbar:locator: <matplotlib.ticker.AutoLocator object at 0x78407c5c2e90>
DEBUG:matplotlib.colorbar:colorbar update normal <matplotlib.colors.Normalize object at 0x78407c22dd20> <matplotlib.colors.Normalize object at 0x78407c22dd20>
DEBUG:matplotlib.colorbar:locator: <matplotlib.ticker.AutoLocator object at 0x78407c5c2e90>
DEBUG:matplotlib.colorbar:locator: <matplotlib.ticker.AutoLocator object at 0x78407c410af0>
DEBUG:matplotlib.colorbar:locator: <matplotlib.ticker.AutoLocator object at 0x78407c39ce20>
DEBUG:matplotlib.colorbar:colorbar update normal <matplotlib.colors.Normalize object at 0x78407c2b0850> <matplotlib.colors.Normalize object at 0x78407c2b0850>
DEBUG:matplotlib.colorbar:locator: <matplotlib.ticker.AutoLocator object at 0x78407c410af0>
DEBUG:matplotlib.colorbar:colorbar update normal <matplotlib.colors.Normalize object at 0x78407c2b0850> <matplotlib.colors.Normalize object at 0x78407c2b0850>
DEBUG:matplotlib.colorbar:locator: <matplotlib.ticker.AutoLocator object at 0x78407c410af0>
DEBUG:matplotlib.colorbar:locator: <matplotlib.ticker.AutoLocator object at 0x78407c3e0fa0>
DEBUG:matplotlib.colorbar:locator: <matplotlib.ticker.AutoLocator object at 0x78407c273d90>
DEBUG:matplotlib.colorbar:colorbar update normal <matplotlib.colors.Normalize object at 0x78407c1165f0> <matplotlib.colors.Normalize object at 0x78407c1165f0>
DEBUG:matplotlib.colorbar:locator: <matplotlib.ticker.AutoLocator object at 0x78407c3e0fa0>
DEBUG:matplotlib.colorbar:colorbar update normal <matplotlib.colors.Normalize object at 0x78407c1165f0> <matplotlib.colors.Normalize object at 0x78407c1165f0>
DEBUG:matplotlib.colorbar:locator: <matplotlib.ticker.AutoLocator object at 0x78407c3e0fa0>
DEBUG:matplotlib.colorbar:locator: <matplotlib.ticker.AutoLocator object at 0x78407c39dc60>
DEBUG:matplotlib.colorbar:locator: <matplotlib.ticker.AutoLocator object at 0x78407c2b0310>
DEBUG:matplotlib.colorbar:colorbar update normal <matplotlib.colors.Normalize object at 0x783fa00328c0> <matplotlib.colors.Normalize object at 0x783fa00328c0>
DEBUG:matplotlib.colorbar:locator: <matplotlib.ticker.AutoLocator object at 0x78407c39dc60>
DEBUG:matplotlib.colorbar:colorbar update normal <matplotlib.colors.Normalize object at 0x783fa00328c0> <matplotlib.colors.Normalize object at 0x783fa00328c0>
DEBUG:matplotlib.colorbar:locator: <matplotlib.ticker.AutoLocator object at 0x78407c39dc60>
DEBUG:matplotlib.colorbar:locator: <matplotlib.ticker.AutoLocator object at 0x78407e9305b0>
DEBUG:matplotlib.colorbar:locator: <matplotlib.ticker.AutoLocator object at 0x78407e880370>
DEBUG:matplotlib.colorbar:colorbar update normal <matplotlib.colors.Normalize object at 0x78407c115c30> <matplotlib.colors.Normalize object at 0x78407c115c30>
DEBUG:matplotlib.colorbar:locator: <matplotlib.ticker.AutoLocator object at 0x78407e9305b0>
DEBUG:matplotlib.colorbar:colorbar update normal <matplotlib.colors.Normalize object at 0x78407c115c30> <matplotlib.colors.Normalize object at 0x78407c115c30>
DEBUG:matplotlib.colorbar:locator: <matplotlib.ticker.AutoLocator object at 0x78407e9305b0>
DEBUG:matplotlib.colorbar:locator: <matplotlib.ticker.AutoLocator object at 0x784081666560>
DEBUG:matplotlib.colorbar:locator: <matplotlib.ticker.AutoLocator object at 0x78407c116e30>
DEBUG:matplotlib.colorbar:colorbar update normal <matplotlib.colors.Normalize object at 0x78408129fa00> <matplotlib.colors.Normalize object at 0x78408129fa00>
DEBUG:matplotlib.colorbar:locator: <matplotlib.ticker.AutoLocator object at 0x784081666560>
DEBUG:matplotlib.colorbar:colorbar update normal <matplotlib.colors.Normalize object at 0x78408129fa00> <matplotlib.colors.Normalize object at 0x78408129fa00>
DEBUG:matplotlib.colorbar:locator: <matplotlib.ticker.AutoLocator object at 0x784081666560>
DEBUG:matplotlib.colorbar:locator: <matplotlib.ticker.AutoLocator object at 0x7840816cb1f0>
DEBUG:matplotlib.colorbar:locator: <matplotlib.ticker.AutoLocator object at 0x78408167d7e0>
DEBUG:matplotlib.colorbar:colorbar update normal <matplotlib.colors.Normalize object at 0x78407c08fdf0> <matplotlib.colors.Normalize object at 0x78407c08fdf0>
DEBUG:matplotlib.colorbar:locator: <matplotlib.ticker.AutoLocator object at 0x7840816cb1f0>
DEBUG:matplotlib.colorbar:colorbar update normal <matplotlib.colors.Normalize object at 0x78407c08fdf0> <matplotlib.colors.Normalize object at 0x78407c08fdf0>
DEBUG:matplotlib.colorbar:locator: <matplotlib.ticker.AutoLocator object at 0x7840816cb1f0>
DEBUG:matplotlib.colorbar:locator: <matplotlib.ticker.AutoLocator object at 0x783fa00c2aa0>
DEBUG:matplotlib.colorbar:locator: <matplotlib.ticker.AutoLocator object at 0x78407c08d660>
DEBUG:matplotlib.colorbar:colorbar update normal <matplotlib.colors.Normalize object at 0x78407bf29c60> <matplotlib.colors.Normalize object at 0x78407bf29c60>
DEBUG:matplotlib.colorbar:locator: <matplotlib.ticker.AutoLocator object at 0x783fa00c2aa0>
DEBUG:matplotlib.colorbar:colorbar update normal <matplotlib.colors.Normalize object at 0x78407bf29c60> <matplotlib.colors.Normalize object at 0x78407bf29c60>
DEBUG:matplotlib.colorbar:locator: <matplotlib.ticker.AutoLocator object at 0x783fa00c2aa0>
DEBUG:matplotlib.colorbar:locator: <matplotlib.ticker.AutoLocator object at 0x78407c0fb970>
DEBUG:matplotlib.colorbar:locator: <matplotlib.ticker.AutoLocator object at 0x783fa0b3f8e0>
DEBUG:matplotlib.colorbar:colorbar update normal <matplotlib.colors.Normalize object at 0x78407bf976a0> <matplotlib.colors.Normalize object at 0x78407bf976a0>
DEBUG:matplotlib.colorbar:locator: <matplotlib.ticker.AutoLocator object at 0x78407c0fb970>
DEBUG:matplotlib.colorbar:colorbar update normal <matplotlib.colors.Normalize object at 0x78407bf976a0> <matplotlib.colors.Normalize object at 0x78407bf976a0>
DEBUG:matplotlib.colorbar:locator: <matplotlib.ticker.AutoLocator object at 0x78407c0fb970>
DEBUG:matplotlib.colorbar:locator: <matplotlib.ticker.AutoLocator object at 0x78407c0fb340>
DEBUG:matplotlib.colorbar:locator: <matplotlib.ticker.AutoLocator object at 0x78407bf29690>
DEBUG:matplotlib.colorbar:colorbar update normal <matplotlib.colors.Normalize object at 0x78407be16e30> <matplotlib.colors.Normalize object at 0x78407be16e30>
DEBUG:matplotlib.colorbar:locator: <matplotlib.ticker.AutoLocator object at 0x78407c0fb340>
DEBUG:matplotlib.colorbar:colorbar update normal <matplotlib.colors.Normalize object at 0x78407be16e30> <matplotlib.colors.Normalize object at 0x78407be16e30>
DEBUG:matplotlib.colorbar:locator: <matplotlib.ticker.AutoLocator object at 0x78407c0fb340>
DEBUG:matplotlib.colorbar:locator: <matplotlib.ticker.AutoLocator object at 0x78407c0fb550>
DEBUG:matplotlib.colorbar:locator: <matplotlib.ticker.AutoLocator object at 0x78407bf94fd0>
DEBUG:matplotlib.colorbar:colorbar update normal <matplotlib.colors.Normalize object at 0x78407be98070> <matplotlib.colors.Normalize object at 0x78407be98070>
DEBUG:matplotlib.colorbar:locator: <matplotlib.ticker.AutoLocator object at 0x78407c0fb550>
DEBUG:matplotlib.colorbar:colorbar update normal <matplotlib.colors.Normalize object at 0x78407be98070> <matplotlib.colors.Normalize object at 0x78407be98070>
DEBUG:matplotlib.colorbar:locator: <matplotlib.ticker.AutoLocator object at 0x78407c0fb550>
DEBUG:matplotlib.colorbar:locator: <matplotlib.ticker.AutoLocator object at 0x78407c0fb580>
DEBUG:matplotlib.colorbar:locator: <matplotlib.ticker.AutoLocator object at 0x78407be7b8e0>
DEBUG:matplotlib.colorbar:colorbar update normal <matplotlib.colors.Normalize object at 0x784079b11d20> <matplotlib.colors.Normalize object at 0x784079b11d20>
DEBUG:matplotlib.colorbar:locator: <matplotlib.ticker.AutoLocator object at 0x78407c0fb580>
DEBUG:matplotlib.colorbar:colorbar update normal <matplotlib.colors.Normalize object at 0x784079b11d20> <matplotlib.colors.Normalize object at 0x784079b11d20>
DEBUG:matplotlib.colorbar:locator: <matplotlib.ticker.AutoLocator object at 0x78407c0fb580>
DEBUG:matplotlib.colorbar:locator: <matplotlib.ticker.AutoLocator object at 0x78407c0fb880>
DEBUG:matplotlib.colorbar:locator: <matplotlib.ticker.AutoLocator object at 0x78407be9ae00>
DEBUG:matplotlib.colorbar:colorbar update normal <matplotlib.colors.Normalize object at 0x784079b8c130> <matplotlib.colors.Normalize object at 0x784079b8c130>
DEBUG:matplotlib.colorbar:locator: <matplotlib.ticker.AutoLocator object at 0x78407c0fb880>
DEBUG:matplotlib.colorbar:colorbar update normal <matplotlib.colors.Normalize object at 0x784079b8c130> <matplotlib.colors.Normalize object at 0x784079b8c130>
DEBUG:matplotlib.colorbar:locator: <matplotlib.ticker.AutoLocator object at 0x78407c0fb880>
DEBUG:matplotlib.colorbar:locator: <matplotlib.ticker.AutoLocator object at 0x78407bee7040>
DEBUG:matplotlib.colorbar:locator: <matplotlib.ticker.AutoLocator object at 0x784079b66110>
DEBUG:matplotlib.colorbar:colorbar update normal <matplotlib.colors.Normalize object at 0x784079bf5c60> <matplotlib.colors.Normalize object at 0x784079bf5c60>
DEBUG:matplotlib.colorbar:locator: <matplotlib.ticker.AutoLocator object at 0x78407bee7040>
DEBUG:matplotlib.colorbar:colorbar update normal <matplotlib.colors.Normalize object at 0x784079bf5c60> <matplotlib.colors.Normalize object at 0x784079bf5c60>
DEBUG:matplotlib.colorbar:locator: <matplotlib.ticker.AutoLocator object at 0x78407bee7040>
DEBUG:matplotlib.colorbar:locator: <matplotlib.ticker.AutoLocator object at 0x78407be7a590>
DEBUG:matplotlib.colorbar:locator: <matplotlib.ticker.AutoLocator object at 0x784079b8e440>
DEBUG:matplotlib.colorbar:colorbar update normal <matplotlib.colors.Normalize object at 0x784079a32c80> <matplotlib.colors.Normalize object at 0x784079a32c80>
DEBUG:matplotlib.colorbar:locator: <matplotlib.ticker.AutoLocator object at 0x78407be7a590>
DEBUG:matplotlib.colorbar:colorbar update normal <matplotlib.colors.Normalize object at 0x784079a32c80> <matplotlib.colors.Normalize object at 0x784079a32c80>
DEBUG:matplotlib.colorbar:locator: <matplotlib.ticker.AutoLocator object at 0x78407be7a590>
DEBUG:matplotlib.colorbar:locator: <matplotlib.ticker.AutoLocator object at 0x78407be7a470>
DEBUG:matplotlib.colorbar:locator: <matplotlib.ticker.AutoLocator object at 0x784079bf6a10>
DEBUG:matplotlib.colorbar:colorbar update normal <matplotlib.colors.Normalize object at 0x784079a97e20> <matplotlib.colors.Normalize object at 0x784079a97e20>
DEBUG:matplotlib.colorbar:locator: <matplotlib.ticker.AutoLocator object at 0x78407be7a470>
DEBUG:matplotlib.colorbar:colorbar update normal <matplotlib.colors.Normalize object at 0x784079a97e20> <matplotlib.colors.Normalize object at 0x784079a97e20>
DEBUG:matplotlib.colorbar:locator: <matplotlib.ticker.AutoLocator object at 0x78407be7a470>
DEBUG:matplotlib.colorbar:locator: <matplotlib.ticker.AutoLocator object at 0x78407bee7b80>
DEBUG:matplotlib.colorbar:locator: <matplotlib.ticker.AutoLocator object at 0x784079a97340>
DEBUG:matplotlib.colorbar:colorbar update normal <matplotlib.colors.Normalize object at 0x784079954850> <matplotlib.colors.Normalize object at 0x784079954850>
DEBUG:matplotlib.colorbar:locator: <matplotlib.ticker.AutoLocator object at 0x78407bee7b80>
DEBUG:matplotlib.colorbar:colorbar update normal <matplotlib.colors.Normalize object at 0x784079954850> <matplotlib.colors.Normalize object at 0x784079954850>
DEBUG:matplotlib.colorbar:locator: <matplotlib.ticker.AutoLocator object at 0x78407bee7b80>
DEBUG:matplotlib.colorbar:locator: <matplotlib.ticker.AutoLocator object at 0x784079a97df0>
DEBUG:matplotlib.colorbar:locator: <matplotlib.ticker.AutoLocator object at 0x784079aea110>
DEBUG:matplotlib.colorbar:colorbar update normal <matplotlib.colors.Normalize object at 0x784079983d60> <matplotlib.colors.Normalize object at 0x784079983d60>
DEBUG:matplotlib.colorbar:locator: <matplotlib.ticker.AutoLocator object at 0x784079a97df0>
DEBUG:matplotlib.colorbar:colorbar update normal <matplotlib.colors.Normalize object at 0x784079983d60> <matplotlib.colors.Normalize object at 0x784079983d60>
DEBUG:matplotlib.colorbar:locator: <matplotlib.ticker.AutoLocator object at 0x784079a97df0>
DEBUG:matplotlib.colorbar:locator: <matplotlib.ticker.AutoLocator object at 0x784079bf45e0>
DEBUG:matplotlib.colorbar:locator: <matplotlib.ticker.AutoLocator object at 0x7840799cf7f0>
DEBUG:matplotlib.colorbar:colorbar update normal <matplotlib.colors.Normalize object at 0x7840799cc040> <matplotlib.colors.Normalize object at 0x7840799cc040>
DEBUG:matplotlib.colorbar:locator: <matplotlib.ticker.AutoLocator object at 0x784079bf45e0>
DEBUG:matplotlib.colorbar:colorbar update normal <matplotlib.colors.Normalize object at 0x7840799cc040> <matplotlib.colors.Normalize object at 0x7840799cc040>
DEBUG:matplotlib.colorbar:locator: <matplotlib.ticker.AutoLocator object at 0x784079bf45e0>
DEBUG:matplotlib.colorbar:locator: <matplotlib.ticker.AutoLocator object at 0x784079a32a70>
DEBUG:matplotlib.colorbar:locator: <matplotlib.ticker.AutoLocator object at 0x784079836a70>
DEBUG:matplotlib.colorbar:locator: <matplotlib.ticker.AutoLocator object at 0x7840799e4df0>
