x,y,z,type,volume,cycle entry,custom:GFP,custom:sample
-33.115406029690384,-28.64624183358601,0.0,c_beijerinckii
-31.55222074609684,-28.64624183358601,0.0,c_beijerinckii
-29.989035462503296,-28.64624183358601,0.0,c_beijerinckii
-28.42585017890975,-28.64624183358601,0.0,c_beijerinckii
-26.862664895316207,-28.64624183358601,0.0,c_beijerinckii
-25.299479611722663,-28.64624183358601,0.0,c_beijerinckii
-23.73629432812912,-28.64624183358601,0.0,c_beijerinckii
-22.17310904453558,-28.64624183358601,0.0,c_beijerinckii
-20.60992376094203,-28.64624183358601,0.0,c_beijerinckii
-19.046738477348484,-28.64624183358601,0.0,c_beijerinckii
-17.483553193754943,-28.64624183358601,0.0,c_beijerinckii
-37.02336923867424,-27.29248366717202,0.0,c_beijerinckii
-35.4601839550807,-27.29248366717202,0.0,c_beijerinckii
-33.896998671487154,-27.29248366717202,0.0,c_beijerinckii
-32.33381338789361,-27.29248366717202,0.0,c_beijerinckii
-30.770628104300066,-27.29248366717202,0.0,c_beijerinckii
-29.207442820706525,-27.29248366717202,0.0,c_beijerinckii
-27.644257537112978,-27.29248366717202,0.0,c_beijerinckii
-26.081072253519437,-27.29248366717202,0.0,c_beijerinckii
-24.51788696992589,-27.29248366717202,0.0,c_beijerinckii
-22.95470168633235,-27.29248366717202,0.0,c_beijerinckii
-21.39151640273881,-27.29248366717202,0.0,c_beijerinckii
-19.82833111914526,-27.29248366717202,0.0,c_beijerinckii
-18.265145835551714,-27.29248366717202,0.0,c_beijerinckii
-16.701960551958173,-27.29248366717202,0.0,c_beijerinckii
-15.13877526836463,-27.29248366717202,0.0,c_beijerinckii
-13.575589984771083,-27.29248366717202,0.0,c_beijerinckii
-39.36814716406456,-25.938725500758032,0.0,c_beijerinckii
-37.80496188047101,-25.938725500758032,0.0,c_beijerinckii
-36.24177659687747,-25.938725500758032,0.0,c_beijerinckii
-34.67859131328393,-25.938725500758032,0.0,c_beijerinckii
-33.115406029690384,-25.938725500758032,0.0,c_beijerinckii
-31.55222074609684,-25.938725500758032,0.0,c_beijerinckii
-29.989035462503296,-25.938725500758032,0.0,c_beijerinckii
-28.42585017890975,-25.938725500758032,0.0,c_beijerinckii
-26.862664895316207,-25.938725500758032,0.0,c_beijerinckii
-25.299479611722663,-25.938725500758032,0.0,c_beijerinckii
-23.73629432812912,-25.938725500758032,0.0,c_beijerinckii
-22.17310904453558,-25.938725500758032,0.0,c_beijerinckii
-20.60992376094203,-25.938725500758032,0.0,c_beijerinckii
-19.046738477348484,-25.938725500758032,0.0,c_beijerinckii
-17.483553193754943,-25.938725500758032,0.0,c_beijerinckii
-15.920367910161403,-25.938725500758032,0.0,c_beijerinckii
-14.357182626567855,-25.938725500758032,0.0,c_beijerinckii
-12.793997342974308,-25.938725500758032,0.0,c_beijerinckii
-11.230812059380767,-25.938725500758032,0.0,c_beijerinckii
-41.71292508945488,-24.584967334344043,0.0,c_beijerinckii
-40.14973980586133,-24.584967334344043,0.0,c_beijerinckii
-38.58655452226779,-24.584967334344043,0.0,c_beijerinckii
-37.02336923867424,-24.584967334344043,0.0,c_beijerinckii
-35.4601839550807,-24.584967334344043,0.0,c_beijerinckii
-33.896998671487154,-24.584967334344043,0.0,c_beijerinckii
-32.33381338789361,-24.584967334344043,0.0,c_beijerinckii
-30.770628104300066,-24.584967334344043,0.0,c_beijerinckii
-29.207442820706525,-24.584967334344043,0.0,c_beijerinckii
-27.644257537112978,-24.584967334344043,0.0,c_beijerinckii
-26.081072253519437,-24.584967334344043,0.0,c_beijerinckii
-24.51788696992589,-24.584967334344043,0.0,c_beijerinckii
-22.95470168633235,-24.584967334344043,0.0,c_beijerinckii
-21.39151640273881,-24.584967334344043,0.0,c_beijerinckii
-19.82833111914526,-24.584967334344043,0.0,c_beijerinckii
-18.265145835551714,-24.584967334344043,0.0,c_beijerinckii
-16.701960551958173,-24.584967334344043,0.0,c_beijerinckii
-15.13877526836463,-24.584967334344043,0.0,c_beijerinckii
-13.575589984771083,-24.584967334344043,0.0,c_beijerinckii
-12.012404701177536,-24.584967334344043,0.0,c_beijerinckii
-10.449219417583995,-24.584967334344043,0.0,c_beijerinckii
-8.886034133990456,-24.584967334344043,0.0,c_beijerinckii
-42.49451773125165,-23.231209167930054,0.0,c_beijerinckii
-40.93133244765811,-23.231209167930054,0.0,c_beijerinckii
-39.36814716406456,-23.231209167930054,0.0,c_beijerinckii
-37.80496188047101,-23.231209167930054,0.0,c_beijerinckii
-36.24177659687747,-23.231209167930054,0.0,c_beijerinckii
-34.67859131328393,-23.231209167930054,0.0,c_beijerinckii
-33.115406029690384,-23.231209167930054,0.0,c_beijerinckii
-31.55222074609684,-23.231209167930054,0.0,c_beijerinckii
-29.989035462503296,-23.231209167930054,0.0,c_beijerinckii
-28.42585017890975,-23.231209167930054,0.0,c_beijerinckii
-26.862664895316207,-23.231209167930054,0.0,c_beijerinckii
-25.299479611722663,-23.231209167930054,0.0,c_beijerinckii
-23.73629432812912,-23.231209167930054,0.0,c_beijerinckii
-22.17310904453558,-23.231209167930054,0.0,c_beijerinckii
-20.60992376094203,-23.231209167930054,0.0,c_beijerinckii
-19.046738477348484,-23.231209167930054,0.0,c_beijerinckii
-17.483553193754943,-23.231209167930054,0.0,c_beijerinckii
-15.920367910161403,-23.231209167930054,0.0,c_beijerinckii
-14.357182626567855,-23.231209167930054,0.0,c_beijerinckii
-12.793997342974308,-23.231209167930054,0.0,c_beijerinckii
-11.230812059380767,-23.231209167930054,0.0,c_beijerinckii
-9.667626775787227,-23.231209167930054,0.0,c_beijerinckii
-8.10444149219368,-23.231209167930054,0.0,c_beijerinckii
-6.541256208600132,-23.231209167930054,0.0,c_beijerinckii
-44.839295656641966,-21.877451001516064,0.0,c_beijerinckii
-43.27611037304842,-21.877451001516064,0.0,c_beijerinckii
-41.71292508945488,-21.877451001516064,0.0,c_beijerinckii
-40.14973980586133,-21.877451001516064,0.0,c_beijerinckii
-38.58655452226779,-21.877451001516064,0.0,c_beijerinckii
-37.02336923867424,-21.877451001516064,0.0,c_beijerinckii
-35.4601839550807,-21.877451001516064,0.0,c_beijerinckii
-33.896998671487154,-21.877451001516064,0.0,c_beijerinckii
-32.33381338789361,-21.877451001516064,0.0,c_beijerinckii
-30.770628104300066,-21.877451001516064,0.0,c_beijerinckii
-29.207442820706525,-21.877451001516064,0.0,c_beijerinckii
-27.644257537112978,-21.877451001516064,0.0,c_beijerinckii
-26.081072253519437,-21.877451001516064,0.0,c_beijerinckii
-24.51788696992589,-21.877451001516064,0.0,c_beijerinckii
-22.95470168633235,-21.877451001516064,0.0,c_beijerinckii
-21.39151640273881,-21.877451001516064,0.0,c_beijerinckii
-19.82833111914526,-21.877451001516064,0.0,c_beijerinckii
-18.265145835551714,-21.877451001516064,0.0,c_beijerinckii
-16.701960551958173,-21.877451001516064,0.0,c_beijerinckii
-15.13877526836463,-21.877451001516064,0.0,c_beijerinckii
-13.575589984771083,-21.877451001516064,0.0,c_beijerinckii
-12.012404701177536,-21.877451001516064,0.0,c_beijerinckii
-10.449219417583995,-21.877451001516064,0.0,c_beijerinckii
-8.886034133990456,-21.877451001516064,0.0,c_beijerinckii
-7.322848850396909,-21.877451001516064,0.0,c_beijerinckii
-5.759663566803361,-21.877451001516064,0.0,c_beijerinckii
-45.620888298438736,-20.523692835102075,0.0,c_beijerinckii
-44.05770301484519,-20.523692835102075,0.0,c_beijerinckii
-42.49451773125165,-20.523692835102075,0.0,c_beijerinckii
-40.93133244765811,-20.523692835102075,0.0,c_beijerinckii
-39.36814716406456,-20.523692835102075,0.0,c_beijerinckii
-37.80496188047101,-20.523692835102075,0.0,c_beijerinckii
-36.24177659687747,-20.523692835102075,0.0,c_beijerinckii
-34.67859131328393,-20.523692835102075,0.0,c_beijerinckii
-33.115406029690384,-20.523692835102075,0.0,c_beijerinckii
-31.55222074609684,-20.523692835102075,0.0,c_beijerinckii
-29.989035462503296,-20.523692835102075,0.0,c_beijerinckii
-28.42585017890975,-20.523692835102075,0.0,c_beijerinckii
-26.862664895316207,-20.523692835102075,0.0,c_beijerinckii
-25.299479611722663,-20.523692835102075,0.0,c_beijerinckii
-23.73629432812912,-20.523692835102075,0.0,c_beijerinckii
-22.17310904453558,-20.523692835102075,0.0,c_beijerinckii
-20.60992376094203,-20.523692835102075,0.0,c_beijerinckii
-19.046738477348484,-20.523692835102075,0.0,c_beijerinckii
-17.483553193754943,-20.523692835102075,0.0,c_beijerinckii
-15.920367910161403,-20.523692835102075,0.0,c_beijerinckii
-14.357182626567855,-20.523692835102075,0.0,c_beijerinckii
-12.793997342974308,-20.523692835102075,0.0,c_beijerinckii
-11.230812059380767,-20.523692835102075,0.0,c_beijerinckii
-9.667626775787227,-20.523692835102075,0.0,c_beijerinckii
-8.10444149219368,-20.523692835102075,0.0,c_beijerinckii
-6.541256208600132,-20.523692835102075,0.0,c_beijerinckii
-4.978070925006591,-20.523692835102075,0.0,c_beijerinckii
-3.4148856414130506,-20.523692835102075,0.0,c_beijerinckii
-47.965666223829054,-19.169934668688086,0.0,c_beijerinckii
-46.402480940235506,-19.169934668688086,0.0,c_beijerinckii
-44.839295656641966,-19.169934668688086,0.0,c_beijerinckii
-43.27611037304842,-19.169934668688086,0.0,c_beijerinckii
-41.71292508945488,-19.169934668688086,0.0,c_beijerinckii
-40.14973980586133,-19.169934668688086,0.0,c_beijerinckii
-38.58655452226779,-19.169934668688086,0.0,c_beijerinckii
-37.02336923867424,-19.169934668688086,0.0,c_beijerinckii
-35.4601839550807,-19.169934668688086,0.0,c_beijerinckii
-33.896998671487154,-19.169934668688086,0.0,c_beijerinckii
-32.33381338789361,-19.169934668688086,0.0,c_beijerinckii
-30.770628104300066,-19.169934668688086,0.0,c_beijerinckii
-29.207442820706525,-19.169934668688086,0.0,c_beijerinckii
-27.644257537112978,-19.169934668688086,0.0,c_beijerinckii
-26.081072253519437,-19.169934668688086,0.0,c_beijerinckii
-24.51788696992589,-19.169934668688086,0.0,c_beijerinckii
-22.95470168633235,-19.169934668688086,0.0,c_beijerinckii
-21.39151640273881,-19.169934668688086,0.0,c_beijerinckii
-19.82833111914526,-19.169934668688086,0.0,c_beijerinckii
-18.265145835551714,-19.169934668688086,0.0,c_beijerinckii
-16.701960551958173,-19.169934668688086,0.0,c_beijerinckii
-15.13877526836463,-19.169934668688086,0.0,c_beijerinckii
-13.575589984771083,-19.169934668688086,0.0,c_beijerinckii
-12.012404701177536,-19.169934668688086,0.0,c_beijerinckii
-10.449219417583995,-19.169934668688086,0.0,c_beijerinckii
-8.886034133990456,-19.169934668688086,0.0,c_beijerinckii
-7.322848850396909,-19.169934668688086,0.0,c_beijerinckii
-5.759663566803361,-19.169934668688086,0.0,c_beijerinckii
-4.196478283209821,-19.169934668688086,0.0,c_beijerinckii
-2.6332929996162804,-19.169934668688086,0.0,c_beijerinckii
-48.747258865625824,-17.816176502274097,0.0,c_beijerinckii
-47.18407358203228,-17.816176502274097,0.0,c_beijerinckii
-45.620888298438736,-17.816176502274097,0.0,c_beijerinckii
-44.05770301484519,-17.816176502274097,0.0,c_beijerinckii
-42.49451773125165,-17.816176502274097,0.0,c_beijerinckii
-40.93133244765811,-17.816176502274097,0.0,c_beijerinckii
-39.36814716406456,-17.816176502274097,0.0,c_beijerinckii
-37.80496188047101,-17.816176502274097,0.0,c_beijerinckii
-36.24177659687747,-17.816176502274097,0.0,c_beijerinckii
-34.67859131328393,-17.816176502274097,0.0,c_beijerinckii
-33.115406029690384,-17.816176502274097,0.0,c_beijerinckii
-31.55222074609684,-17.816176502274097,0.0,c_beijerinckii
-29.989035462503296,-17.816176502274097,0.0,c_beijerinckii
-28.42585017890975,-17.816176502274097,0.0,c_beijerinckii
-26.862664895316207,-17.816176502274097,0.0,c_beijerinckii
-25.299479611722663,-17.816176502274097,0.0,c_beijerinckii
-23.73629432812912,-17.816176502274097,0.0,c_beijerinckii
-22.17310904453558,-17.816176502274097,0.0,c_beijerinckii
-20.60992376094203,-17.816176502274097,0.0,c_beijerinckii
-19.046738477348484,-17.816176502274097,0.0,c_beijerinckii
-17.483553193754943,-17.816176502274097,0.0,c_beijerinckii
-15.920367910161403,-17.816176502274097,0.0,c_beijerinckii
-14.357182626567855,-17.816176502274097,0.0,c_beijerinckii
-12.793997342974308,-17.816176502274097,0.0,c_beijerinckii
-11.230812059380767,-17.816176502274097,0.0,c_beijerinckii
-9.667626775787227,-17.816176502274097,0.0,c_beijerinckii
-8.10444149219368,-17.816176502274097,0.0,c_beijerinckii
-6.541256208600132,-17.816176502274097,0.0,c_beijerinckii
-4.978070925006591,-17.816176502274097,0.0,c_beijerinckii
-3.4148856414130506,-17.816176502274097,0.0,c_beijerinckii
-1.851700357819503,-17.816176502274097,0.0,c_beijerinckii
-49.528851507422594,-16.462418335860107,0.0,c_beijerinckii
-47.965666223829054,-16.462418335860107,0.0,c_beijerinckii
-46.402480940235506,-16.462418335860107,0.0,c_beijerinckii
-44.839295656641966,-16.462418335860107,0.0,c_beijerinckii
-43.27611037304842,-16.462418335860107,0.0,c_beijerinckii
-41.71292508945488,-16.462418335860107,0.0,c_beijerinckii
-40.14973980586133,-16.462418335860107,0.0,c_beijerinckii
-38.58655452226779,-16.462418335860107,0.0,c_beijerinckii
-37.02336923867424,-16.462418335860107,0.0,c_beijerinckii
-35.4601839550807,-16.462418335860107,0.0,c_beijerinckii
-33.896998671487154,-16.462418335860107,0.0,c_beijerinckii
-32.33381338789361,-16.462418335860107,0.0,c_beijerinckii
-30.770628104300066,-16.462418335860107,0.0,c_beijerinckii
-29.207442820706525,-16.462418335860107,0.0,c_beijerinckii
-27.644257537112978,-16.462418335860107,0.0,c_beijerinckii
-26.081072253519437,-16.462418335860107,0.0,c_beijerinckii
-24.51788696992589,-16.462418335860107,0.0,c_beijerinckii
-22.95470168633235,-16.462418335860107,0.0,c_beijerinckii
-21.39151640273881,-16.462418335860107,0.0,c_beijerinckii
-19.82833111914526,-16.462418335860107,0.0,c_beijerinckii
-18.265145835551714,-16.462418335860107,0.0,c_beijerinckii
-16.701960551958173,-16.462418335860107,0.0,c_beijerinckii
-15.13877526836463,-16.462418335860107,0.0,c_beijerinckii
-13.575589984771083,-16.462418335860107,0.0,c_beijerinckii
-12.012404701177536,-16.462418335860107,0.0,c_beijerinckii
-10.449219417583995,-16.462418335860107,0.0,c_beijerinckii
-8.886034133990456,-16.462418335860107,0.0,c_beijerinckii
-7.322848850396909,-16.462418335860107,0.0,c_beijerinckii
-5.759663566803361,-16.462418335860107,0.0,c_beijerinckii
-4.196478283209821,-16.462418335860107,0.0,c_beijerinckii
-2.6332929996162804,-16.462418335860107,0.0,c_beijerinckii
-1.0701077160227328,-16.462418335860107,0.0,c_beijerinckii
-50.310444149219364,-15.108660169446118,0.0,c_beijerinckii
-48.747258865625824,-15.108660169446118,0.0,c_beijerinckii
-47.18407358203228,-15.108660169446118,0.0,c_beijerinckii
-45.620888298438736,-15.108660169446118,0.0,c_beijerinckii
-44.05770301484519,-15.108660169446118,0.0,c_beijerinckii
-42.49451773125165,-15.108660169446118,0.0,c_beijerinckii
-40.93133244765811,-15.108660169446118,0.0,c_beijerinckii
-39.36814716406456,-15.108660169446118,0.0,c_beijerinckii
-37.80496188047101,-15.108660169446118,0.0,c_beijerinckii
-36.24177659687747,-15.108660169446118,0.0,c_beijerinckii
-34.67859131328393,-15.108660169446118,0.0,c_beijerinckii
-33.115406029690384,-15.108660169446118,0.0,c_beijerinckii
-31.55222074609684,-15.108660169446118,0.0,c_beijerinckii
-29.989035462503296,-15.108660169446118,0.0,c_beijerinckii
-28.42585017890975,-15.108660169446118,0.0,c_beijerinckii
-26.862664895316207,-15.108660169446118,0.0,c_beijerinckii
-25.299479611722663,-15.108660169446118,0.0,c_beijerinckii
-23.73629432812912,-15.108660169446118,0.0,c_beijerinckii
-22.17310904453558,-15.108660169446118,0.0,c_beijerinckii
-20.60992376094203,-15.108660169446118,0.0,c_beijerinckii
-19.046738477348484,-15.108660169446118,0.0,c_beijerinckii
-17.483553193754943,-15.108660169446118,0.0,c_beijerinckii
-15.920367910161403,-15.108660169446118,0.0,c_beijerinckii
-14.357182626567855,-15.108660169446118,0.0,c_beijerinckii
-12.793997342974308,-15.108660169446118,0.0,c_beijerinckii
-11.230812059380767,-15.108660169446118,0.0,c_beijerinckii
-9.667626775787227,-15.108660169446118,0.0,c_beijerinckii
-8.10444149219368,-15.108660169446118,0.0,c_beijerinckii
-6.541256208600132,-15.108660169446118,0.0,c_beijerinckii
-4.978070925006591,-15.108660169446118,0.0,c_beijerinckii
-3.4148856414130506,-15.108660169446118,0.0,c_beijerinckii
-1.851700357819503,-15.108660169446118,0.0,c_beijerinckii
-0.28851507422595546,-15.108660169446118,0.0,c_beijerinckii
-51.09203679101614,-13.754902003032129,0.0,c_beijerinckii
-49.528851507422594,-13.754902003032129,0.0,c_beijerinckii
-47.965666223829054,-13.754902003032129,0.0,c_beijerinckii
-46.402480940235506,-13.754902003032129,0.0,c_beijerinckii
-44.839295656641966,-13.754902003032129,0.0,c_beijerinckii
-43.27611037304842,-13.754902003032129,0.0,c_beijerinckii
-41.71292508945488,-13.754902003032129,0.0,c_beijerinckii
-40.14973980586133,-13.754902003032129,0.0,c_beijerinckii
-38.58655452226779,-13.754902003032129,0.0,c_beijerinckii
-37.02336923867424,-13.754902003032129,0.0,c_beijerinckii
-35.4601839550807,-13.754902003032129,0.0,c_beijerinckii
-33.896998671487154,-13.754902003032129,0.0,c_beijerinckii
-32.33381338789361,-13.754902003032129,0.0,c_beijerinckii
-30.770628104300066,-13.754902003032129,0.0,c_beijerinckii
-29.207442820706525,-13.754902003032129,0.0,c_beijerinckii
-27.644257537112978,-13.754902003032129,0.0,c_beijerinckii
-26.081072253519437,-13.754902003032129,0.0,c_beijerinckii
-24.51788696992589,-13.754902003032129,0.0,c_beijerinckii
-22.95470168633235,-13.754902003032129,0.0,c_beijerinckii
-21.39151640273881,-13.754902003032129,0.0,c_beijerinckii
-19.82833111914526,-13.754902003032129,0.0,c_beijerinckii
-18.265145835551714,-13.754902003032129,0.0,c_beijerinckii
-16.701960551958173,-13.754902003032129,0.0,c_beijerinckii
-15.13877526836463,-13.754902003032129,0.0,c_beijerinckii
-13.575589984771083,-13.754902003032129,0.0,c_beijerinckii
-12.012404701177536,-13.754902003032129,0.0,c_beijerinckii
-10.449219417583995,-13.754902003032129,0.0,c_beijerinckii
-8.886034133990456,-13.754902003032129,0.0,c_beijerinckii
-7.322848850396909,-13.754902003032129,0.0,c_beijerinckii
-5.759663566803361,-13.754902003032129,0.0,c_beijerinckii
-4.196478283209821,-13.754902003032129,0.0,c_beijerinckii
-2.6332929996162804,-13.754902003032129,0.0,c_beijerinckii
-1.0701077160227328,-13.754902003032129,0.0,c_beijerinckii
0.4930775675708148,-13.754902003032129,0.0,c_beijerinckii
-51.87362943281291,-12.40114383661814,0.0,c_beijerinckii
-50.310444149219364,-12.40114383661814,0.0,c_beijerinckii
-48.747258865625824,-12.40114383661814,0.0,c_beijerinckii
-47.18407358203228,-12.40114383661814,0.0,c_beijerinckii
-45.620888298438736,-12.40114383661814,0.0,c_beijerinckii
-44.05770301484519,-12.40114383661814,0.0,c_beijerinckii
-42.49451773125165,-12.40114383661814,0.0,c_beijerinckii
-40.93133244765811,-12.40114383661814,0.0,c_beijerinckii
-39.36814716406456,-12.40114383661814,0.0,c_beijerinckii
-37.80496188047101,-12.40114383661814,0.0,c_beijerinckii
-36.24177659687747,-12.40114383661814,0.0,c_beijerinckii
-34.67859131328393,-12.40114383661814,0.0,c_beijerinckii
-33.115406029690384,-12.40114383661814,0.0,c_beijerinckii
-31.55222074609684,-12.40114383661814,0.0,c_beijerinckii
-29.989035462503296,-12.40114383661814,0.0,c_beijerinckii
-28.42585017890975,-12.40114383661814,0.0,c_beijerinckii
-26.862664895316207,-12.40114383661814,0.0,c_beijerinckii
-25.299479611722663,-12.40114383661814,0.0,c_beijerinckii
-23.73629432812912,-12.40114383661814,0.0,c_beijerinckii
-22.17310904453558,-12.40114383661814,0.0,c_beijerinckii
-20.60992376094203,-12.40114383661814,0.0,c_beijerinckii
-19.046738477348484,-12.40114383661814,0.0,c_beijerinckii
-17.483553193754943,-12.40114383661814,0.0,c_beijerinckii
-15.920367910161403,-12.40114383661814,0.0,c_beijerinckii
-14.357182626567855,-12.40114383661814,0.0,c_beijerinckii
-12.793997342974308,-12.40114383661814,0.0,c_beijerinckii
-11.230812059380767,-12.40114383661814,0.0,c_beijerinckii
-9.667626775787227,-12.40114383661814,0.0,c_beijerinckii
-8.10444149219368,-12.40114383661814,0.0,c_beijerinckii
-6.541256208600132,-12.40114383661814,0.0,c_beijerinckii
-4.978070925006591,-12.40114383661814,0.0,c_beijerinckii
-3.4148856414130506,-12.40114383661814,0.0,c_beijerinckii
-1.851700357819503,-12.40114383661814,0.0,c_beijerinckii
-0.28851507422595546,-12.40114383661814,0.0,c_beijerinckii
1.274670209367585,-12.40114383661814,0.0,c_beijerinckii
-52.65522207460968,-11.04738567020415,0.0,c_beijerinckii
-51.09203679101614,-11.04738567020415,0.0,c_beijerinckii
-49.528851507422594,-11.04738567020415,0.0,c_beijerinckii
-47.965666223829054,-11.04738567020415,0.0,c_beijerinckii
-46.402480940235506,-11.04738567020415,0.0,c_beijerinckii
-44.839295656641966,-11.04738567020415,0.0,c_beijerinckii
-43.27611037304842,-11.04738567020415,0.0,c_beijerinckii
-41.71292508945488,-11.04738567020415,0.0,c_beijerinckii
-40.14973980586133,-11.04738567020415,0.0,c_beijerinckii
-38.58655452226779,-11.04738567020415,0.0,c_beijerinckii
-37.02336923867424,-11.04738567020415,0.0,c_beijerinckii
-35.4601839550807,-11.04738567020415,0.0,c_beijerinckii
-33.896998671487154,-11.04738567020415,0.0,c_beijerinckii
-32.33381338789361,-11.04738567020415,0.0,c_beijerinckii
-30.770628104300066,-11.04738567020415,0.0,c_beijerinckii
-29.207442820706525,-11.04738567020415,0.0,c_beijerinckii
-27.644257537112978,-11.04738567020415,0.0,c_beijerinckii
-26.081072253519437,-11.04738567020415,0.0,c_beijerinckii
-24.51788696992589,-11.04738567020415,0.0,c_beijerinckii
-22.95470168633235,-11.04738567020415,0.0,c_beijerinckii
-21.39151640273881,-11.04738567020415,0.0,c_beijerinckii
-19.82833111914526,-11.04738567020415,0.0,c_beijerinckii
-18.265145835551714,-11.04738567020415,0.0,c_beijerinckii
-16.701960551958173,-11.04738567020415,0.0,c_beijerinckii
-15.13877526836463,-11.04738567020415,0.0,c_beijerinckii
-13.575589984771083,-11.04738567020415,0.0,c_beijerinckii
-12.012404701177536,-11.04738567020415,0.0,c_beijerinckii
-10.449219417583995,-11.04738567020415,0.0,c_beijerinckii
-8.886034133990456,-11.04738567020415,0.0,c_beijerinckii
-7.322848850396909,-11.04738567020415,0.0,c_beijerinckii
-5.759663566803361,-11.04738567020415,0.0,c_beijerinckii
-4.196478283209821,-11.04738567020415,0.0,c_beijerinckii
-2.6332929996162804,-11.04738567020415,0.0,c_beijerinckii
-1.0701077160227328,-11.04738567020415,0.0,c_beijerinckii
0.4930775675708148,-11.04738567020415,0.0,c_beijerinckii
2.0562628511643553,-11.04738567020415,0.0,c_beijerinckii
-51.87362943281291,-9.693627503790161,0.0,c_beijerinckii
-50.310444149219364,-9.693627503790161,0.0,c_beijerinckii
-48.747258865625824,-9.693627503790161,0.0,c_beijerinckii
-47.18407358203228,-9.693627503790161,0.0,c_beijerinckii
-45.620888298438736,-9.693627503790161,0.0,c_beijerinckii
-44.05770301484519,-9.693627503790161,0.0,c_beijerinckii
-42.49451773125165,-9.693627503790161,0.0,c_beijerinckii
-40.93133244765811,-9.693627503790161,0.0,c_beijerinckii
-39.36814716406456,-9.693627503790161,0.0,c_beijerinckii
-37.80496188047101,-9.693627503790161,0.0,c_beijerinckii
-36.24177659687747,-9.693627503790161,0.0,c_beijerinckii
-34.67859131328393,-9.693627503790161,0.0,c_beijerinckii
-33.115406029690384,-9.693627503790161,0.0,c_beijerinckii
-31.55222074609684,-9.693627503790161,0.0,c_beijerinckii
-29.989035462503296,-9.693627503790161,0.0,c_beijerinckii
-28.42585017890975,-9.693627503790161,0.0,c_beijerinckii
-26.862664895316207,-9.693627503790161,0.0,c_beijerinckii
-25.299479611722663,-9.693627503790161,0.0,c_beijerinckii
-23.73629432812912,-9.693627503790161,0.0,c_beijerinckii
-22.17310904453558,-9.693627503790161,0.0,c_beijerinckii
-20.60992376094203,-9.693627503790161,0.0,c_beijerinckii
-19.046738477348484,-9.693627503790161,0.0,c_beijerinckii
-17.483553193754943,-9.693627503790161,0.0,c_beijerinckii
-15.920367910161403,-9.693627503790161,0.0,c_beijerinckii
-14.357182626567855,-9.693627503790161,0.0,c_beijerinckii
-12.793997342974308,-9.693627503790161,0.0,c_beijerinckii
-11.230812059380767,-9.693627503790161,0.0,c_beijerinckii
-9.667626775787227,-9.693627503790161,0.0,c_beijerinckii
-8.10444149219368,-9.693627503790161,0.0,c_beijerinckii
-6.541256208600132,-9.693627503790161,0.0,c_beijerinckii
-4.978070925006591,-9.693627503790161,0.0,c_beijerinckii
-3.4148856414130506,-9.693627503790161,0.0,c_beijerinckii
-1.851700357819503,-9.693627503790161,0.0,c_beijerinckii
-0.28851507422595546,-9.693627503790161,0.0,c_beijerinckii
1.274670209367585,-9.693627503790161,0.0,c_beijerinckii
2.8378554929611255,-9.693627503790161,0.0,c_beijerinckii
-52.65522207460968,-8.339869337376172,0.0,c_beijerinckii
-51.09203679101614,-8.339869337376172,0.0,c_beijerinckii
-49.528851507422594,-8.339869337376172,0.0,c_beijerinckii
-47.965666223829054,-8.339869337376172,0.0,c_beijerinckii
-46.402480940235506,-8.339869337376172,0.0,c_beijerinckii
-44.839295656641966,-8.339869337376172,0.0,c_beijerinckii
-43.27611037304842,-8.339869337376172,0.0,c_beijerinckii
-41.71292508945488,-8.339869337376172,0.0,c_beijerinckii
-40.14973980586133,-8.339869337376172,0.0,c_beijerinckii
-38.58655452226779,-8.339869337376172,0.0,c_beijerinckii
-37.02336923867424,-8.339869337376172,0.0,c_beijerinckii
-35.4601839550807,-8.339869337376172,0.0,c_beijerinckii
-33.896998671487154,-8.339869337376172,0.0,c_beijerinckii
-32.33381338789361,-8.339869337376172,0.0,c_beijerinckii
-30.770628104300066,-8.339869337376172,0.0,c_beijerinckii
-29.207442820706525,-8.339869337376172,0.0,c_beijerinckii
-27.644257537112978,-8.339869337376172,0.0,c_beijerinckii
-26.081072253519437,-8.339869337376172,0.0,c_beijerinckii
-24.51788696992589,-8.339869337376172,0.0,c_beijerinckii
-22.95470168633235,-8.339869337376172,0.0,c_beijerinckii
-21.39151640273881,-8.339869337376172,0.0,c_beijerinckii
-19.82833111914526,-8.339869337376172,0.0,c_beijerinckii
-18.265145835551714,-8.339869337376172,0.0,c_beijerinckii
-16.701960551958173,-8.339869337376172,0.0,c_beijerinckii
-15.13877526836463,-8.339869337376172,0.0,c_beijerinckii
-13.575589984771083,-8.339869337376172,0.0,c_beijerinckii
-12.012404701177536,-8.339869337376172,0.0,c_beijerinckii
-10.449219417583995,-8.339869337376172,0.0,c_beijerinckii
-8.886034133990456,-8.339869337376172,0.0,c_beijerinckii
-7.322848850396909,-8.339869337376172,0.0,c_beijerinckii
-5.759663566803361,-8.339869337376172,0.0,c_beijerinckii
-4.196478283209821,-8.339869337376172,0.0,c_beijerinckii
-2.6332929996162804,-8.339869337376172,0.0,c_beijerinckii
-1.0701077160227328,-8.339869337376172,0.0,c_beijerinckii
0.4930775675708148,-8.339869337376172,0.0,c_beijerinckii
2.0562628511643553,-8.339869337376172,0.0,c_beijerinckii
3.6194481347578957,-8.339869337376172,0.0,c_beijerinckii
-53.43681471640646,-6.986111170962182,0.0,c_beijerinckii
-51.87362943281291,-6.986111170962182,0.0,c_beijerinckii
-50.310444149219364,-6.986111170962182,0.0,c_beijerinckii
-48.747258865625824,-6.986111170962182,0.0,c_beijerinckii
-47.18407358203228,-6.986111170962182,0.0,c_beijerinckii
-45.620888298438736,-6.986111170962182,0.0,c_beijerinckii
-44.05770301484519,-6.986111170962182,0.0,c_beijerinckii
-42.49451773125165,-6.986111170962182,0.0,c_beijerinckii
-40.93133244765811,-6.986111170962182,0.0,c_beijerinckii
-39.36814716406456,-6.986111170962182,0.0,c_beijerinckii
-37.80496188047101,-6.986111170962182,0.0,c_beijerinckii
-36.24177659687747,-6.986111170962182,0.0,c_beijerinckii
-34.67859131328393,-6.986111170962182,0.0,c_beijerinckii
-33.115406029690384,-6.986111170962182,0.0,c_beijerinckii
-31.55222074609684,-6.986111170962182,0.0,c_beijerinckii
-29.989035462503296,-6.986111170962182,0.0,c_beijerinckii
-28.42585017890975,-6.986111170962182,0.0,c_beijerinckii
-26.862664895316207,-6.986111170962182,0.0,c_beijerinckii
-25.299479611722663,-6.986111170962182,0.0,c_beijerinckii
-23.73629432812912,-6.986111170962182,0.0,c_beijerinckii
-22.17310904453558,-6.986111170962182,0.0,c_beijerinckii
-20.60992376094203,-6.986111170962182,0.0,c_beijerinckii
-19.046738477348484,-6.986111170962182,0.0,c_beijerinckii
-17.483553193754943,-6.986111170962182,0.0,c_beijerinckii
-15.920367910161403,-6.986111170962182,0.0,c_beijerinckii
-14.357182626567855,-6.986111170962182,0.0,c_beijerinckii
-12.793997342974308,-6.986111170962182,0.0,c_beijerinckii
-11.230812059380767,-6.986111170962182,0.0,c_beijerinckii
-9.667626775787227,-6.986111170962182,0.0,c_beijerinckii
-8.10444149219368,-6.986111170962182,0.0,c_beijerinckii
-6.541256208600132,-6.986111170962182,0.0,c_beijerinckii
-4.978070925006591,-6.986111170962182,0.0,c_beijerinckii
-3.4148856414130506,-6.986111170962182,0.0,c_beijerinckii
-1.851700357819503,-6.986111170962182,0.0,c_beijerinckii
-0.28851507422595546,-6.986111170962182,0.0,c_beijerinckii
1.274670209367585,-6.986111170962182,0.0,c_beijerinckii
2.8378554929611255,-6.986111170962182,0.0,c_beijerinckii
-54.21840735820323,-5.632353004548193,0.0,c_beijerinckii
-52.65522207460968,-5.632353004548193,0.0,c_beijerinckii
-51.09203679101614,-5.632353004548193,0.0,c_beijerinckii
-49.528851507422594,-5.632353004548193,0.0,c_beijerinckii
-47.965666223829054,-5.632353004548193,0.0,c_beijerinckii
-46.402480940235506,-5.632353004548193,0.0,c_beijerinckii
-44.839295656641966,-5.632353004548193,0.0,c_beijerinckii
-43.27611037304842,-5.632353004548193,0.0,c_beijerinckii
-41.71292508945488,-5.632353004548193,0.0,c_beijerinckii
-40.14973980586133,-5.632353004548193,0.0,c_beijerinckii
-38.58655452226779,-5.632353004548193,0.0,c_beijerinckii
-37.02336923867424,-5.632353004548193,0.0,c_beijerinckii
-35.4601839550807,-5.632353004548193,0.0,c_beijerinckii
-33.896998671487154,-5.632353004548193,0.0,c_beijerinckii
-32.33381338789361,-5.632353004548193,0.0,c_beijerinckii
-30.770628104300066,-5.632353004548193,0.0,c_beijerinckii
-29.207442820706525,-5.632353004548193,0.0,c_beijerinckii
-27.644257537112978,-5.632353004548193,0.0,c_beijerinckii
-26.081072253519437,-5.632353004548193,0.0,c_beijerinckii
-24.51788696992589,-5.632353004548193,0.0,c_beijerinckii
-22.95470168633235,-5.632353004548193,0.0,c_beijerinckii
-21.39151640273881,-5.632353004548193,0.0,c_beijerinckii
-19.82833111914526,-5.632353004548193,0.0,c_beijerinckii
-18.265145835551714,-5.632353004548193,0.0,c_beijerinckii
-16.701960551958173,-5.632353004548193,0.0,c_beijerinckii
-15.13877526836463,-5.632353004548193,0.0,c_beijerinckii
-13.575589984771083,-5.632353004548193,0.0,c_beijerinckii
-12.012404701177536,-5.632353004548193,0.0,c_beijerinckii
-10.449219417583995,-5.632353004548193,0.0,c_beijerinckii
-8.886034133990456,-5.632353004548193,0.0,c_beijerinckii
-7.322848850396909,-5.632353004548193,0.0,c_beijerinckii
-5.759663566803361,-5.632353004548193,0.0,c_beijerinckii
-4.196478283209821,-5.632353004548193,0.0,c_beijerinckii
-2.6332929996162804,-5.632353004548193,0.0,c_beijerinckii
-1.0701077160227328,-5.632353004548193,0.0,c_beijerinckii
0.4930775675708148,-5.632353004548193,0.0,c_beijerinckii
2.0562628511643553,-5.632353004548193,0.0,c_beijerinckii
3.6194481347578957,-5.632353004548193,0.0,c_beijerinckii
-53.43681471640646,-4.278594838134204,0.0,c_beijerinckii
-51.87362943281291,-4.278594838134204,0.0,c_beijerinckii
-50.310444149219364,-4.278594838134204,0.0,c_beijerinckii
-48.747258865625824,-4.278594838134204,0.0,c_beijerinckii
-47.18407358203228,-4.278594838134204,0.0,c_beijerinckii
-45.620888298438736,-4.278594838134204,0.0,c_beijerinckii
-44.05770301484519,-4.278594838134204,0.0,c_beijerinckii
-42.49451773125165,-4.278594838134204,0.0,c_beijerinckii
-40.93133244765811,-4.278594838134204,0.0,c_beijerinckii
-39.36814716406456,-4.278594838134204,0.0,c_beijerinckii
-37.80496188047101,-4.278594838134204,0.0,c_beijerinckii
-36.24177659687747,-4.278594838134204,0.0,c_beijerinckii
-34.67859131328393,-4.278594838134204,0.0,c_beijerinckii
-33.115406029690384,-4.278594838134204,0.0,c_beijerinckii
-31.55222074609684,-4.278594838134204,0.0,c_beijerinckii
-29.989035462503296,-4.278594838134204,0.0,c_beijerinckii
-28.42585017890975,-4.278594838134204,0.0,c_beijerinckii
-26.862664895316207,-4.278594838134204,0.0,c_beijerinckii
-25.299479611722663,-4.278594838134204,0.0,c_beijerinckii
-23.73629432812912,-4.278594838134204,0.0,c_beijerinckii
-22.17310904453558,-4.278594838134204,0.0,c_beijerinckii
-20.60992376094203,-4.278594838134204,0.0,c_beijerinckii
-19.046738477348484,-4.278594838134204,0.0,c_beijerinckii
-17.483553193754943,-4.278594838134204,0.0,c_beijerinckii
-15.920367910161403,-4.278594838134204,0.0,c_beijerinckii
-14.357182626567855,-4.278594838134204,0.0,c_beijerinckii
-12.793997342974308,-4.278594838134204,0.0,c_beijerinckii
-11.230812059380767,-4.278594838134204,0.0,c_beijerinckii
-9.667626775787227,-4.278594838134204,0.0,c_beijerinckii
-8.10444149219368,-4.278594838134204,0.0,c_beijerinckii
-6.541256208600132,-4.278594838134204,0.0,c_beijerinckii
-4.978070925006591,-4.278594838134204,0.0,c_beijerinckii
-3.4148856414130506,-4.278594838134204,0.0,c_beijerinckii
-1.851700357819503,-4.278594838134204,0.0,c_beijerinckii
-0.28851507422595546,-4.278594838134204,0.0,c_beijerinckii
1.274670209367585,-4.278594838134204,0.0,c_beijerinckii
2.8378554929611255,-4.278594838134204,0.0,c_beijerinckii
4.401040776554673,-4.278594838134204,0.0,c_beijerinckii
-54.21840735820323,-2.9248366717202146,0.0,c_beijerinckii
-52.65522207460968,-2.9248366717202146,0.0,c_beijerinckii
-51.09203679101614,-2.9248366717202146,0.0,c_beijerinckii
-49.528851507422594,-2.9248366717202146,0.0,c_beijerinckii
-47.965666223829054,-2.9248366717202146,0.0,c_beijerinckii
-46.402480940235506,-2.9248366717202146,0.0,c_beijerinckii
-44.839295656641966,-2.9248366717202146,0.0,c_beijerinckii
-43.27611037304842,-2.9248366717202146,0.0,c_beijerinckii
-41.71292508945488,-2.9248366717202146,0.0,c_beijerinckii
-40.14973980586133,-2.9248366717202146,0.0,c_beijerinckii
-38.58655452226779,-2.9248366717202146,0.0,c_beijerinckii
-37.02336923867424,-2.9248366717202146,0.0,c_beijerinckii
-35.4601839550807,-2.9248366717202146,0.0,c_beijerinckii
-33.896998671487154,-2.9248366717202146,0.0,c_beijerinckii
-32.33381338789361,-2.9248366717202146,0.0,c_beijerinckii
-30.770628104300066,-2.9248366717202146,0.0,c_beijerinckii
-29.207442820706525,-2.9248366717202146,0.0,c_beijerinckii
-27.644257537112978,-2.9248366717202146,0.0,c_beijerinckii
-26.081072253519437,-2.9248366717202146,0.0,c_beijerinckii
-24.51788696992589,-2.9248366717202146,0.0,c_beijerinckii
-22.95470168633235,-2.9248366717202146,0.0,c_beijerinckii
-21.39151640273881,-2.9248366717202146,0.0,c_beijerinckii
-19.82833111914526,-2.9248366717202146,0.0,c_beijerinckii
-18.265145835551714,-2.9248366717202146,0.0,c_beijerinckii
-16.701960551958173,-2.9248366717202146,0.0,c_beijerinckii
-15.13877526836463,-2.9248366717202146,0.0,c_beijerinckii
-13.575589984771083,-2.9248366717202146,0.0,c_beijerinckii
-12.012404701177536,-2.9248366717202146,0.0,c_beijerinckii
-10.449219417583995,-2.9248366717202146,0.0,c_beijerinckii
-8.886034133990456,-2.9248366717202146,0.0,c_beijerinckii
-7.322848850396909,-2.9248366717202146,0.0,c_beijerinckii
-5.759663566803361,-2.9248366717202146,0.0,c_beijerinckii
-4.196478283209821,-2.9248366717202146,0.0,c_beijerinckii
-2.6332929996162804,-2.9248366717202146,0.0,c_beijerinckii
-1.0701077160227328,-2.9248366717202146,0.0,c_beijerinckii
0.4930775675708148,-2.9248366717202146,0.0,c_beijerinckii
2.0562628511643553,-2.9248366717202146,0.0,c_beijerinckii
3.6194481347578957,-2.9248366717202146,0.0,c_beijerinckii
-53.43681471640646,-1.5710785053062253,0.0,c_beijerinckii
-51.87362943281291,-1.5710785053062253,0.0,c_beijerinckii
-50.310444149219364,-1.5710785053062253,0.0,c_beijerinckii
-48.747258865625824,-1.5710785053062253,0.0,c_beijerinckii
-47.18407358203228,-1.5710785053062253,0.0,c_beijerinckii
-45.620888298438736,-1.5710785053062253,0.0,c_beijerinckii
-44.05770301484519,-1.5710785053062253,0.0,c_beijerinckii
-42.49451773125165,-1.5710785053062253,0.0,c_beijerinckii
-40.93133244765811,-1.5710785053062253,0.0,c_beijerinckii
-39.36814716406456,-1.5710785053062253,0.0,c_beijerinckii
-37.80496188047101,-1.5710785053062253,0.0,c_beijerinckii
-36.24177659687747,-1.5710785053062253,0.0,c_beijerinckii
-34.67859131328393,-1.5710785053062253,0.0,c_beijerinckii
-33.115406029690384,-1.5710785053062253,0.0,c_beijerinckii
-31.55222074609684,-1.5710785053062253,0.0,c_beijerinckii
-29.989035462503296,-1.5710785053062253,0.0,c_beijerinckii
-28.42585017890975,-1.5710785053062253,0.0,c_beijerinckii
-26.862664895316207,-1.5710785053062253,0.0,c_beijerinckii
-25.299479611722663,-1.5710785053062253,0.0,c_beijerinckii
-23.73629432812912,-1.5710785053062253,0.0,c_beijerinckii
-22.17310904453558,-1.5710785053062253,0.0,c_beijerinckii
-20.60992376094203,-1.5710785053062253,0.0,c_beijerinckii
-19.046738477348484,-1.5710785053062253,0.0,c_beijerinckii
-17.483553193754943,-1.5710785053062253,0.0,c_beijerinckii
-15.920367910161403,-1.5710785053062253,0.0,c_beijerinckii
-14.357182626567855,-1.5710785053062253,0.0,c_beijerinckii
-12.793997342974308,-1.5710785053062253,0.0,c_beijerinckii
-11.230812059380767,-1.5710785053062253,0.0,c_beijerinckii
-9.667626775787227,-1.5710785053062253,0.0,c_beijerinckii
-8.10444149219368,-1.5710785053062253,0.0,c_beijerinckii
-6.541256208600132,-1.5710785053062253,0.0,c_beijerinckii
-4.978070925006591,-1.5710785053062253,0.0,c_beijerinckii
-3.4148856414130506,-1.5710785053062253,0.0,c_beijerinckii
-1.851700357819503,-1.5710785053062253,0.0,c_beijerinckii
-0.28851507422595546,-1.5710785053062253,0.0,c_beijerinckii
1.274670209367585,-1.5710785053062253,0.0,c_beijerinckii
2.8378554929611255,-1.5710785053062253,0.0,c_beijerinckii
4.401040776554673,-1.5710785053062253,0.0,c_beijerinckii
-54.21840735820323,-0.217320338892236,0.0,c_beijerinckii
-52.65522207460968,-0.217320338892236,0.0,c_beijerinckii
-51.09203679101614,-0.217320338892236,0.0,c_beijerinckii
-49.528851507422594,-0.217320338892236,0.0,c_beijerinckii
-47.965666223829054,-0.217320338892236,0.0,c_beijerinckii
-46.402480940235506,-0.217320338892236,0.0,c_beijerinckii
-44.839295656641966,-0.217320338892236,0.0,c_beijerinckii
-43.27611037304842,-0.217320338892236,0.0,c_beijerinckii
-41.71292508945488,-0.217320338892236,0.0,c_beijerinckii
-40.14973980586133,-0.217320338892236,0.0,c_beijerinckii
-38.58655452226779,-0.217320338892236,0.0,c_beijerinckii
-37.02336923867424,-0.217320338892236,0.0,c_beijerinckii
-35.4601839550807,-0.217320338892236,0.0,c_beijerinckii
-33.896998671487154,-0.217320338892236,0.0,c_beijerinckii
-32.33381338789361,-0.217320338892236,0.0,c_beijerinckii
-30.770628104300066,-0.217320338892236,0.0,c_beijerinckii
-29.207442820706525,-0.217320338892236,0.0,c_beijerinckii
-27.644257537112978,-0.217320338892236,0.0,c_beijerinckii
-26.081072253519437,-0.217320338892236,0.0,c_beijerinckii
-24.51788696992589,-0.217320338892236,0.0,c_beijerinckii
-22.95470168633235,-0.217320338892236,0.0,c_beijerinckii
-21.39151640273881,-0.217320338892236,0.0,c_beijerinckii
-19.82833111914526,-0.217320338892236,0.0,c_beijerinckii
-18.265145835551714,-0.217320338892236,0.0,c_beijerinckii
-16.701960551958173,-0.217320338892236,0.0,c_beijerinckii
-15.13877526836463,-0.217320338892236,0.0,c_beijerinckii
-13.575589984771083,-0.217320338892236,0.0,c_beijerinckii
-12.012404701177536,-0.217320338892236,0.0,c_beijerinckii
-10.449219417583995,-0.217320338892236,0.0,c_beijerinckii
-8.886034133990456,-0.217320338892236,0.0,c_beijerinckii
-7.322848850396909,-0.217320338892236,0.0,c_beijerinckii
-5.759663566803361,-0.217320338892236,0.0,c_beijerinckii
-4.196478283209821,-0.217320338892236,0.0,c_beijerinckii
-2.6332929996162804,-0.217320338892236,0.0,c_beijerinckii
-1.0701077160227328,-0.217320338892236,0.0,c_beijerinckii
0.4930775675708148,-0.217320338892236,0.0,c_beijerinckii
2.0562628511643553,-0.217320338892236,0.0,c_beijerinckii
3.6194481347578957,-0.217320338892236,0.0,c_beijerinckii
-53.43681471640646,1.1364378275217533,0.0,c_beijerinckii
-51.87362943281291,1.1364378275217533,0.0,c_beijerinckii
-50.310444149219364,1.1364378275217533,0.0,c_beijerinckii
-48.747258865625824,1.1364378275217533,0.0,c_beijerinckii
-47.18407358203228,1.1364378275217533,0.0,c_beijerinckii
-45.620888298438736,1.1364378275217533,0.0,c_beijerinckii
-44.05770301484519,1.1364378275217533,0.0,c_beijerinckii
-42.49451773125165,1.1364378275217533,0.0,c_beijerinckii
-40.93133244765811,1.1364378275217533,0.0,c_beijerinckii
-39.36814716406456,1.1364378275217533,0.0,c_beijerinckii
-37.80496188047101,1.1364378275217533,0.0,c_beijerinckii
-36.24177659687747,1.1364378275217533,0.0,c_beijerinckii
-34.67859131328393,1.1364378275217533,0.0,c_beijerinckii
-33.115406029690384,1.1364378275217533,0.0,c_beijerinckii
-31.55222074609684,1.1364378275217533,0.0,c_beijerinckii
-29.989035462503296,1.1364378275217533,0.0,c_beijerinckii
-28.42585017890975,1.1364378275217533,0.0,c_beijerinckii
-26.862664895316207,1.1364378275217533,0.0,c_beijerinckii
-25.299479611722663,1.1364378275217533,0.0,c_beijerinckii
-23.73629432812912,1.1364378275217533,0.0,c_beijerinckii
-22.17310904453558,1.1364378275217533,0.0,c_beijerinckii
-20.60992376094203,1.1364378275217533,0.0,c_beijerinckii
-19.046738477348484,1.1364378275217533,0.0,c_beijerinckii
-17.483553193754943,1.1364378275217533,0.0,c_beijerinckii
-15.920367910161403,1.1364378275217533,0.0,c_beijerinckii
-14.357182626567855,1.1364378275217533,0.0,c_beijerinckii
-12.793997342974308,1.1364378275217533,0.0,c_beijerinckii
-11.230812059380767,1.1364378275217533,0.0,c_beijerinckii
-9.667626775787227,1.1364378275217533,0.0,c_beijerinckii
-8.10444149219368,1.1364378275217533,0.0,c_beijerinckii
-6.541256208600132,1.1364378275217533,0.0,c_beijerinckii
-4.978070925006591,1.1364378275217533,0.0,c_beijerinckii
-3.4148856414130506,1.1364378275217533,0.0,c_beijerinckii
-1.851700357819503,1.1364378275217533,0.0,c_beijerinckii
-0.28851507422595546,1.1364378275217533,0.0,c_beijerinckii
1.274670209367585,1.1364378275217533,0.0,c_beijerinckii
2.8378554929611255,1.1364378275217533,0.0,c_beijerinckii
4.401040776554673,1.1364378275217533,0.0,c_beijerinckii
-54.21840735820323,2.4901959939357425,0.0,c_beijerinckii
-52.65522207460968,2.4901959939357425,0.0,c_beijerinckii
-51.09203679101614,2.4901959939357425,0.0,c_beijerinckii
-49.528851507422594,2.4901959939357425,0.0,c_beijerinckii
-47.965666223829054,2.4901959939357425,0.0,c_beijerinckii
-46.402480940235506,2.4901959939357425,0.0,c_beijerinckii
-44.839295656641966,2.4901959939357425,0.0,c_beijerinckii
-43.27611037304842,2.4901959939357425,0.0,c_beijerinckii
-41.71292508945488,2.4901959939357425,0.0,c_beijerinckii
-40.14973980586133,2.4901959939357425,0.0,c_beijerinckii
-38.58655452226779,2.4901959939357425,0.0,c_beijerinckii
-37.02336923867424,2.4901959939357425,0.0,c_beijerinckii
-35.4601839550807,2.4901959939357425,0.0,c_beijerinckii
-33.896998671487154,2.4901959939357425,0.0,c_beijerinckii
-32.33381338789361,2.4901959939357425,0.0,c_beijerinckii
-30.770628104300066,2.4901959939357425,0.0,c_beijerinckii
-29.207442820706525,2.4901959939357425,0.0,c_beijerinckii
-27.644257537112978,2.4901959939357425,0.0,c_beijerinckii
-26.081072253519437,2.4901959939357425,0.0,c_beijerinckii
-24.51788696992589,2.4901959939357425,0.0,c_beijerinckii
-22.95470168633235,2.4901959939357425,0.0,c_beijerinckii
-21.39151640273881,2.4901959939357425,0.0,c_beijerinckii
-19.82833111914526,2.4901959939357425,0.0,c_beijerinckii
-18.265145835551714,2.4901959939357425,0.0,c_beijerinckii
-16.701960551958173,2.4901959939357425,0.0,c_beijerinckii
-15.13877526836463,2.4901959939357425,0.0,c_beijerinckii
-13.575589984771083,2.4901959939357425,0.0,c_beijerinckii
-12.012404701177536,2.4901959939357425,0.0,c_beijerinckii
-10.449219417583995,2.4901959939357425,0.0,c_beijerinckii
-8.886034133990456,2.4901959939357425,0.0,c_beijerinckii
-7.322848850396909,2.4901959939357425,0.0,c_beijerinckii
-5.759663566803361,2.4901959939357425,0.0,c_beijerinckii
-4.196478283209821,2.4901959939357425,0.0,c_beijerinckii
-2.6332929996162804,2.4901959939357425,0.0,c_beijerinckii
-1.0701077160227328,2.4901959939357425,0.0,c_beijerinckii
0.4930775675708148,2.4901959939357425,0.0,c_beijerinckii
2.0562628511643553,2.4901959939357425,0.0,c_beijerinckii
3.6194481347578957,2.4901959939357425,0.0,c_beijerinckii
-53.43681471640646,3.843954160349732,0.0,c_beijerinckii
-51.87362943281291,3.843954160349732,0.0,c_beijerinckii
-50.310444149219364,3.843954160349732,0.0,c_beijerinckii
-48.747258865625824,3.843954160349732,0.0,c_beijerinckii
-47.18407358203228,3.843954160349732,0.0,c_beijerinckii
-45.620888298438736,3.843954160349732,0.0,c_beijerinckii
-44.05770301484519,3.843954160349732,0.0,c_beijerinckii
-42.49451773125165,3.843954160349732,0.0,c_beijerinckii
-40.93133244765811,3.843954160349732,0.0,c_beijerinckii
-39.36814716406456,3.843954160349732,0.0,c_beijerinckii
-37.80496188047101,3.843954160349732,0.0,c_beijerinckii
-36.24177659687747,3.843954160349732,0.0,c_beijerinckii
-34.67859131328393,3.843954160349732,0.0,c_beijerinckii
-33.115406029690384,3.843954160349732,0.0,c_beijerinckii
-31.55222074609684,3.843954160349732,0.0,c_beijerinckii
-29.989035462503296,3.843954160349732,0.0,c_beijerinckii
-28.42585017890975,3.843954160349732,0.0,c_beijerinckii
-26.862664895316207,3.843954160349732,0.0,c_beijerinckii
-25.299479611722663,3.843954160349732,0.0,c_beijerinckii
-23.73629432812912,3.843954160349732,0.0,c_beijerinckii
-22.17310904453558,3.843954160349732,0.0,c_beijerinckii
-20.60992376094203,3.843954160349732,0.0,c_beijerinckii
-19.046738477348484,3.843954160349732,0.0,c_beijerinckii
-17.483553193754943,3.843954160349732,0.0,c_beijerinckii
-15.920367910161403,3.843954160349732,0.0,c_beijerinckii
-14.357182626567855,3.843954160349732,0.0,c_beijerinckii
-12.793997342974308,3.843954160349732,0.0,c_beijerinckii
-11.230812059380767,3.843954160349732,0.0,c_beijerinckii
-9.667626775787227,3.843954160349732,0.0,c_beijerinckii
-8.10444149219368,3.843954160349732,0.0,c_beijerinckii
-6.541256208600132,3.843954160349732,0.0,c_beijerinckii
-4.978070925006591,3.843954160349732,0.0,c_beijerinckii
-3.4148856414130506,3.843954160349732,0.0,c_beijerinckii
-1.851700357819503,3.843954160349732,0.0,c_beijerinckii
-0.28851507422595546,3.843954160349732,0.0,c_beijerinckii
1.274670209367585,3.843954160349732,0.0,c_beijerinckii
2.8378554929611255,3.843954160349732,0.0,c_beijerinckii
4.401040776554673,3.843954160349732,0.0,c_beijerinckii
-54.21840735820323,5.197712326763721,0.0,c_beijerinckii
-52.65522207460968,5.197712326763721,0.0,c_beijerinckii
-51.09203679101614,5.197712326763721,0.0,c_beijerinckii
-49.528851507422594,5.197712326763721,0.0,c_beijerinckii
-47.965666223829054,5.197712326763721,0.0,c_beijerinckii
-46.402480940235506,5.197712326763721,0.0,c_beijerinckii
-44.839295656641966,5.197712326763721,0.0,c_beijerinckii
-43.27611037304842,5.197712326763721,0.0,c_beijerinckii
-41.71292508945488,5.197712326763721,0.0,c_beijerinckii
-40.14973980586133,5.197712326763721,0.0,c_beijerinckii
-38.58655452226779,5.197712326763721,0.0,c_beijerinckii
-37.02336923867424,5.197712326763721,0.0,c_beijerinckii
-35.4601839550807,5.197712326763721,0.0,c_beijerinckii
-33.896998671487154,5.197712326763721,0.0,c_beijerinckii
-32.33381338789361,5.197712326763721,0.0,c_beijerinckii
-30.770628104300066,5.197712326763721,0.0,c_beijerinckii
-29.207442820706525,5.197712326763721,0.0,c_beijerinckii
-27.644257537112978,5.197712326763721,0.0,c_beijerinckii
-26.081072253519437,5.197712326763721,0.0,c_beijerinckii
-24.51788696992589,5.197712326763721,0.0,c_beijerinckii
-22.95470168633235,5.197712326763721,0.0,c_beijerinckii
-21.39151640273881,5.197712326763721,0.0,c_beijerinckii
-19.82833111914526,5.197712326763721,0.0,c_beijerinckii
-18.265145835551714,5.197712326763721,0.0,c_beijerinckii
-16.701960551958173,5.197712326763721,0.0,c_beijerinckii
-15.13877526836463,5.197712326763721,0.0,c_beijerinckii
-13.575589984771083,5.197712326763721,0.0,c_beijerinckii
-12.012404701177536,5.197712326763721,0.0,c_beijerinckii
-10.449219417583995,5.197712326763721,0.0,c_beijerinckii
-8.886034133990456,5.197712326763721,0.0,c_beijerinckii
-7.322848850396909,5.197712326763721,0.0,c_beijerinckii
-5.759663566803361,5.197712326763721,0.0,c_beijerinckii
-4.196478283209821,5.197712326763721,0.0,c_beijerinckii
-2.6332929996162804,5.197712326763721,0.0,c_beijerinckii
-1.0701077160227328,5.197712326763721,0.0,c_beijerinckii
0.4930775675708148,5.197712326763721,0.0,c_beijerinckii
2.0562628511643553,5.197712326763721,0.0,c_beijerinckii
3.6194481347578957,5.197712326763721,0.0,c_beijerinckii
-53.43681471640646,6.55147049317771,0.0,c_beijerinckii
-51.87362943281291,6.55147049317771,0.0,c_beijerinckii
-50.310444149219364,6.55147049317771,0.0,c_beijerinckii
-48.747258865625824,6.55147049317771,0.0,c_beijerinckii
-47.18407358203228,6.55147049317771,0.0,c_beijerinckii
-45.620888298438736,6.55147049317771,0.0,c_beijerinckii
-44.05770301484519,6.55147049317771,0.0,c_beijerinckii
-42.49451773125165,6.55147049317771,0.0,c_beijerinckii
-40.93133244765811,6.55147049317771,0.0,c_beijerinckii
-39.36814716406456,6.55147049317771,0.0,c_beijerinckii
-37.80496188047101,6.55147049317771,0.0,c_beijerinckii
-36.24177659687747,6.55147049317771,0.0,c_beijerinckii
-34.67859131328393,6.55147049317771,0.0,c_beijerinckii
-33.115406029690384,6.55147049317771,0.0,c_beijerinckii
-31.55222074609684,6.55147049317771,0.0,c_beijerinckii
-29.989035462503296,6.55147049317771,0.0,c_beijerinckii
-28.42585017890975,6.55147049317771,0.0,c_beijerinckii
-26.862664895316207,6.55147049317771,0.0,c_beijerinckii
-25.299479611722663,6.55147049317771,0.0,c_beijerinckii
-23.73629432812912,6.55147049317771,0.0,c_beijerinckii
-22.17310904453558,6.55147049317771,0.0,c_beijerinckii
-20.60992376094203,6.55147049317771,0.0,c_beijerinckii
-19.046738477348484,6.55147049317771,0.0,c_beijerinckii
-17.483553193754943,6.55147049317771,0.0,c_beijerinckii
-15.920367910161403,6.55147049317771,0.0,c_beijerinckii
-14.357182626567855,6.55147049317771,0.0,c_beijerinckii
-12.793997342974308,6.55147049317771,0.0,c_beijerinckii
-11.230812059380767,6.55147049317771,0.0,c_beijerinckii
-9.667626775787227,6.55147049317771,0.0,c_beijerinckii
-8.10444149219368,6.55147049317771,0.0,c_beijerinckii
-6.541256208600132,6.55147049317771,0.0,c_beijerinckii
-4.978070925006591,6.55147049317771,0.0,c_beijerinckii
-3.4148856414130506,6.55147049317771,0.0,c_beijerinckii
-1.851700357819503,6.55147049317771,0.0,c_beijerinckii
-0.28851507422595546,6.55147049317771,0.0,c_beijerinckii
1.274670209367585,6.55147049317771,0.0,c_beijerinckii
2.8378554929611255,6.55147049317771,0.0,c_beijerinckii
-52.65522207460968,7.9052286595917,0.0,c_beijerinckii
-51.09203679101614,7.9052286595917,0.0,c_beijerinckii
-49.528851507422594,7.9052286595917,0.0,c_beijerinckii
-47.965666223829054,7.9052286595917,0.0,c_beijerinckii
-46.402480940235506,7.9052286595917,0.0,c_beijerinckii
-44.839295656641966,7.9052286595917,0.0,c_beijerinckii
-43.27611037304842,7.9052286595917,0.0,c_beijerinckii
-41.71292508945488,7.9052286595917,0.0,c_beijerinckii
-40.14973980586133,7.9052286595917,0.0,c_beijerinckii
-38.58655452226779,7.9052286595917,0.0,c_beijerinckii
-37.02336923867424,7.9052286595917,0.0,c_beijerinckii
-35.4601839550807,7.9052286595917,0.0,c_beijerinckii
-33.896998671487154,7.9052286595917,0.0,c_beijerinckii
-32.33381338789361,7.9052286595917,0.0,c_beijerinckii
-30.770628104300066,7.9052286595917,0.0,c_beijerinckii
-29.207442820706525,7.9052286595917,0.0,c_beijerinckii
-27.644257537112978,7.9052286595917,0.0,c_beijerinckii
-26.081072253519437,7.9052286595917,0.0,c_beijerinckii
-24.51788696992589,7.9052286595917,0.0,c_beijerinckii
-22.95470168633235,7.9052286595917,0.0,c_beijerinckii
-21.39151640273881,7.9052286595917,0.0,c_beijerinckii
-19.82833111914526,7.9052286595917,0.0,c_beijerinckii
-18.265145835551714,7.9052286595917,0.0,c_beijerinckii
-16.701960551958173,7.9052286595917,0.0,c_beijerinckii
-15.13877526836463,7.9052286595917,0.0,c_beijerinckii
-13.575589984771083,7.9052286595917,0.0,c_beijerinckii
-12.012404701177536,7.9052286595917,0.0,c_beijerinckii
-10.449219417583995,7.9052286595917,0.0,c_beijerinckii
-8.886034133990456,7.9052286595917,0.0,c_beijerinckii
-7.322848850396909,7.9052286595917,0.0,c_beijerinckii
-5.759663566803361,7.9052286595917,0.0,c_beijerinckii
-4.196478283209821,7.9052286595917,0.0,c_beijerinckii
-2.6332929996162804,7.9052286595917,0.0,c_beijerinckii
-1.0701077160227328,7.9052286595917,0.0,c_beijerinckii
0.4930775675708148,7.9052286595917,0.0,c_beijerinckii
2.0562628511643553,7.9052286595917,0.0,c_beijerinckii
3.6194481347578957,7.9052286595917,0.0,c_beijerinckii
-53.43681471640646,9.258986826005689,0.0,c_beijerinckii
-51.87362943281291,9.258986826005689,0.0,c_beijerinckii
-50.310444149219364,9.258986826005689,0.0,c_beijerinckii
-48.747258865625824,9.258986826005689,0.0,c_beijerinckii
-47.18407358203228,9.258986826005689,0.0,c_beijerinckii
-45.620888298438736,9.258986826005689,0.0,c_beijerinckii
-44.05770301484519,9.258986826005689,0.0,c_beijerinckii
-42.49451773125165,9.258986826005689,0.0,c_beijerinckii
-40.93133244765811,9.258986826005689,0.0,c_beijerinckii
-39.36814716406456,9.258986826005689,0.0,c_beijerinckii
-37.80496188047101,9.258986826005689,0.0,c_beijerinckii
-36.24177659687747,9.258986826005689,0.0,c_beijerinckii
-34.67859131328393,9.258986826005689,0.0,c_beijerinckii
-33.115406029690384,9.258986826005689,0.0,c_beijerinckii
-31.55222074609684,9.258986826005689,0.0,c_beijerinckii
-29.989035462503296,9.258986826005689,0.0,c_beijerinckii
-28.42585017890975,9.258986826005689,0.0,c_beijerinckii
-26.862664895316207,9.258986826005689,0.0,c_beijerinckii
-25.299479611722663,9.258986826005689,0.0,c_beijerinckii
-23.73629432812912,9.258986826005689,0.0,c_beijerinckii
-22.17310904453558,9.258986826005689,0.0,c_beijerinckii
-20.60992376094203,9.258986826005689,0.0,c_beijerinckii
-19.046738477348484,9.258986826005689,0.0,c_beijerinckii
-17.483553193754943,9.258986826005689,0.0,c_beijerinckii
-15.920367910161403,9.258986826005689,0.0,c_beijerinckii
-14.357182626567855,9.258986826005689,0.0,c_beijerinckii
-12.793997342974308,9.258986826005689,0.0,c_beijerinckii
-11.230812059380767,9.258986826005689,0.0,c_beijerinckii
-9.667626775787227,9.258986826005689,0.0,c_beijerinckii
-8.10444149219368,9.258986826005689,0.0,c_beijerinckii
-6.541256208600132,9.258986826005689,0.0,c_beijerinckii
-4.978070925006591,9.258986826005689,0.0,c_beijerinckii
-3.4148856414130506,9.258986826005689,0.0,c_beijerinckii
-1.851700357819503,9.258986826005689,0.0,c_beijerinckii
-0.28851507422595546,9.258986826005689,0.0,c_beijerinckii
1.274670209367585,9.258986826005689,0.0,c_beijerinckii
2.8378554929611255,9.258986826005689,0.0,c_beijerinckii
-52.65522207460968,10.612744992419678,0.0,c_beijerinckii
-51.09203679101614,10.612744992419678,0.0,c_beijerinckii
-49.528851507422594,10.612744992419678,0.0,c_beijerinckii
-47.965666223829054,10.612744992419678,0.0,c_beijerinckii
-46.402480940235506,10.612744992419678,0.0,c_beijerinckii
-44.839295656641966,10.612744992419678,0.0,c_beijerinckii
-43.27611037304842,10.612744992419678,0.0,c_beijerinckii
-41.71292508945488,10.612744992419678,0.0,c_beijerinckii
-40.14973980586133,10.612744992419678,0.0,c_beijerinckii
-38.58655452226779,10.612744992419678,0.0,c_beijerinckii
-37.02336923867424,10.612744992419678,0.0,c_beijerinckii
-35.4601839550807,10.612744992419678,0.0,c_beijerinckii
-33.896998671487154,10.612744992419678,0.0,c_beijerinckii
-32.33381338789361,10.612744992419678,0.0,c_beijerinckii
-30.770628104300066,10.612744992419678,0.0,c_beijerinckii
-29.207442820706525,10.612744992419678,0.0,c_beijerinckii
-27.644257537112978,10.612744992419678,0.0,c_beijerinckii
-26.081072253519437,10.612744992419678,0.0,c_beijerinckii
-24.51788696992589,10.612744992419678,0.0,c_beijerinckii
-22.95470168633235,10.612744992419678,0.0,c_beijerinckii
-21.39151640273881,10.612744992419678,0.0,c_beijerinckii
-19.82833111914526,10.612744992419678,0.0,c_beijerinckii
-18.265145835551714,10.612744992419678,0.0,c_beijerinckii
-16.701960551958173,10.612744992419678,0.0,c_beijerinckii
-15.13877526836463,10.612744992419678,0.0,c_beijerinckii
-13.575589984771083,10.612744992419678,0.0,c_beijerinckii
-12.012404701177536,10.612744992419678,0.0,c_beijerinckii
-10.449219417583995,10.612744992419678,0.0,c_beijerinckii
-8.886034133990456,10.612744992419678,0.0,c_beijerinckii
-7.322848850396909,10.612744992419678,0.0,c_beijerinckii
-5.759663566803361,10.612744992419678,0.0,c_beijerinckii
-4.196478283209821,10.612744992419678,0.0,c_beijerinckii
-2.6332929996162804,10.612744992419678,0.0,c_beijerinckii
-1.0701077160227328,10.612744992419678,0.0,c_beijerinckii
0.4930775675708148,10.612744992419678,0.0,c_beijerinckii
2.0562628511643553,10.612744992419678,0.0,c_beijerinckii
-51.87362943281291,11.966503158833667,0.0,c_beijerinckii
-50.310444149219364,11.966503158833667,0.0,c_beijerinckii
-48.747258865625824,11.966503158833667,0.0,c_beijerinckii
-47.18407358203228,11.966503158833667,0.0,c_beijerinckii
-45.620888298438736,11.966503158833667,0.0,c_beijerinckii
-44.05770301484519,11.966503158833667,0.0,c_beijerinckii
-42.49451773125165,11.966503158833667,0.0,c_beijerinckii
-40.93133244765811,11.966503158833667,0.0,c_beijerinckii
-39.36814716406456,11.966503158833667,0.0,c_beijerinckii
-37.80496188047101,11.966503158833667,0.0,c_beijerinckii
-36.24177659687747,11.966503158833667,0.0,c_beijerinckii
-34.67859131328393,11.966503158833667,0.0,c_beijerinckii
-33.115406029690384,11.966503158833667,0.0,c_beijerinckii
-31.55222074609684,11.966503158833667,0.0,c_beijerinckii
-29.989035462503296,11.966503158833667,0.0,c_beijerinckii
-28.42585017890975,11.966503158833667,0.0,c_beijerinckii
-26.862664895316207,11.966503158833667,0.0,c_beijerinckii
-25.299479611722663,11.966503158833667,0.0,c_beijerinckii
-23.73629432812912,11.966503158833667,0.0,c_beijerinckii
-22.17310904453558,11.966503158833667,0.0,c_beijerinckii
-20.60992376094203,11.966503158833667,0.0,c_beijerinckii
-19.046738477348484,11.966503158833667,0.0,c_beijerinckii
-17.483553193754943,11.966503158833667,0.0,c_beijerinckii
-15.920367910161403,11.966503158833667,0.0,c_beijerinckii
-14.357182626567855,11.966503158833667,0.0,c_beijerinckii
-12.793997342974308,11.966503158833667,0.0,c_beijerinckii
-11.230812059380767,11.966503158833667,0.0,c_beijerinckii
-9.667626775787227,11.966503158833667,0.0,c_beijerinckii
-8.10444149219368,11.966503158833667,0.0,c_beijerinckii
-6.541256208600132,11.966503158833667,0.0,c_beijerinckii
-4.978070925006591,11.966503158833667,0.0,c_beijerinckii
-3.4148856414130506,11.966503158833667,0.0,c_beijerinckii
-1.851700357819503,11.966503158833667,0.0,c_beijerinckii
-0.28851507422595546,11.966503158833667,0.0,c_beijerinckii
1.274670209367585,11.966503158833667,0.0,c_beijerinckii
-51.09203679101614,13.320261325247657,0.0,c_beijerinckii
-49.528851507422594,13.320261325247657,0.0,c_beijerinckii
-47.965666223829054,13.320261325247657,0.0,c_beijerinckii
-46.402480940235506,13.320261325247657,0.0,c_beijerinckii
-44.839295656641966,13.320261325247657,0.0,c_beijerinckii
-43.27611037304842,13.320261325247657,0.0,c_beijerinckii
-41.71292508945488,13.320261325247657,0.0,c_beijerinckii
-40.14973980586133,13.320261325247657,0.0,c_beijerinckii
-38.58655452226779,13.320261325247657,0.0,c_beijerinckii
-37.02336923867424,13.320261325247657,0.0,c_beijerinckii
-35.4601839550807,13.320261325247657,0.0,c_beijerinckii
-33.896998671487154,13.320261325247657,0.0,c_beijerinckii
-32.33381338789361,13.320261325247657,0.0,c_beijerinckii
-30.770628104300066,13.320261325247657,0.0,c_beijerinckii
-29.207442820706525,13.320261325247657,0.0,c_beijerinckii
-27.644257537112978,13.320261325247657,0.0,c_beijerinckii
-26.081072253519437,13.320261325247657,0.0,c_beijerinckii
-24.51788696992589,13.320261325247657,0.0,c_beijerinckii
-22.95470168633235,13.320261325247657,0.0,c_beijerinckii
-21.39151640273881,13.320261325247657,0.0,c_beijerinckii
-19.82833111914526,13.320261325247657,0.0,c_beijerinckii
-18.265145835551714,13.320261325247657,0.0,c_beijerinckii
-16.701960551958173,13.320261325247657,0.0,c_beijerinckii
-15.13877526836463,13.320261325247657,0.0,c_beijerinckii
-13.575589984771083,13.320261325247657,0.0,c_beijerinckii
-12.012404701177536,13.320261325247657,0.0,c_beijerinckii
-10.449219417583995,13.320261325247657,0.0,c_beijerinckii
-8.886034133990456,13.320261325247657,0.0,c_beijerinckii
-7.322848850396909,13.320261325247657,0.0,c_beijerinckii
-5.759663566803361,13.320261325247657,0.0,c_beijerinckii
-4.196478283209821,13.320261325247657,0.0,c_beijerinckii
-2.6332929996162804,13.320261325247657,0.0,c_beijerinckii
-1.0701077160227328,13.320261325247657,0.0,c_beijerinckii
0.4930775675708148,13.320261325247657,0.0,c_beijerinckii
-50.310444149219364,14.674019491661646,0.0,c_beijerinckii
-48.747258865625824,14.674019491661646,0.0,c_beijerinckii
-47.18407358203228,14.674019491661646,0.0,c_beijerinckii
-45.620888298438736,14.674019491661646,0.0,c_beijerinckii
-44.05770301484519,14.674019491661646,0.0,c_beijerinckii
-42.49451773125165,14.674019491661646,0.0,c_beijerinckii
-40.93133244765811,14.674019491661646,0.0,c_beijerinckii
-39.36814716406456,14.674019491661646,0.0,c_beijerinckii
-37.80496188047101,14.674019491661646,0.0,c_beijerinckii
-36.24177659687747,14.674019491661646,0.0,c_beijerinckii
-34.67859131328393,14.674019491661646,0.0,c_beijerinckii
-33.115406029690384,14.674019491661646,0.0,c_beijerinckii
-31.55222074609684,14.674019491661646,0.0,c_beijerinckii
-29.989035462503296,14.674019491661646,0.0,c_beijerinckii
-28.42585017890975,14.674019491661646,0.0,c_beijerinckii
-26.862664895316207,14.674019491661646,0.0,c_beijerinckii
-25.299479611722663,14.674019491661646,0.0,c_beijerinckii
-23.73629432812912,14.674019491661646,0.0,c_beijerinckii
-22.17310904453558,14.674019491661646,0.0,c_beijerinckii
-20.60992376094203,14.674019491661646,0.0,c_beijerinckii
-19.046738477348484,14.674019491661646,0.0,c_beijerinckii
-17.483553193754943,14.674019491661646,0.0,c_beijerinckii
-15.920367910161403,14.674019491661646,0.0,c_beijerinckii
-14.357182626567855,14.674019491661646,0.0,c_beijerinckii
-12.793997342974308,14.674019491661646,0.0,c_beijerinckii
-11.230812059380767,14.674019491661646,0.0,c_beijerinckii
-9.667626775787227,14.674019491661646,0.0,c_beijerinckii
-8.10444149219368,14.674019491661646,0.0,c_beijerinckii
-6.541256208600132,14.674019491661646,0.0,c_beijerinckii
-4.978070925006591,14.674019491661646,0.0,c_beijerinckii
-3.4148856414130506,14.674019491661646,0.0,c_beijerinckii
-1.851700357819503,14.674019491661646,0.0,c_beijerinckii
-0.28851507422595546,14.674019491661646,0.0,c_beijerinckii
-49.528851507422594,16.027777658075635,0.0,c_beijerinckii
-47.965666223829054,16.027777658075635,0.0,c_beijerinckii
-46.402480940235506,16.027777658075635,0.0,c_beijerinckii
-44.839295656641966,16.027777658075635,0.0,c_beijerinckii
-43.27611037304842,16.027777658075635,0.0,c_beijerinckii
-41.71292508945488,16.027777658075635,0.0,c_beijerinckii
-40.14973980586133,16.027777658075635,0.0,c_beijerinckii
-38.58655452226779,16.027777658075635,0.0,c_beijerinckii
-37.02336923867424,16.027777658075635,0.0,c_beijerinckii
-35.4601839550807,16.027777658075635,0.0,c_beijerinckii
-33.896998671487154,16.027777658075635,0.0,c_beijerinckii
-32.33381338789361,16.027777658075635,0.0,c_beijerinckii
-30.770628104300066,16.027777658075635,0.0,c_beijerinckii
-29.207442820706525,16.027777658075635,0.0,c_beijerinckii
-27.644257537112978,16.027777658075635,0.0,c_beijerinckii
-26.081072253519437,16.027777658075635,0.0,c_beijerinckii
-24.51788696992589,16.027777658075635,0.0,c_beijerinckii
-22.95470168633235,16.027777658075635,0.0,c_beijerinckii
-21.39151640273881,16.027777658075635,0.0,c_beijerinckii
-19.82833111914526,16.027777658075635,0.0,c_beijerinckii
-18.265145835551714,16.027777658075635,0.0,c_beijerinckii
-16.701960551958173,16.027777658075635,0.0,c_beijerinckii
-15.13877526836463,16.027777658075635,0.0,c_beijerinckii
-13.575589984771083,16.027777658075635,0.0,c_beijerinckii
-12.012404701177536,16.027777658075635,0.0,c_beijerinckii
-10.449219417583995,16.027777658075635,0.0,c_beijerinckii
-8.886034133990456,16.027777658075635,0.0,c_beijerinckii
-7.322848850396909,16.027777658075635,0.0,c_beijerinckii
-5.759663566803361,16.027777658075635,0.0,c_beijerinckii
-4.196478283209821,16.027777658075635,0.0,c_beijerinckii
-2.6332929996162804,16.027777658075635,0.0,c_beijerinckii
-1.0701077160227328,16.027777658075635,0.0,c_beijerinckii
-48.747258865625824,17.381535824489625,0.0,c_beijerinckii
-47.18407358203228,17.381535824489625,0.0,c_beijerinckii
-45.620888298438736,17.381535824489625,0.0,c_beijerinckii
-44.05770301484519,17.381535824489625,0.0,c_beijerinckii
-42.49451773125165,17.381535824489625,0.0,c_beijerinckii
-40.93133244765811,17.381535824489625,0.0,c_beijerinckii
-39.36814716406456,17.381535824489625,0.0,c_beijerinckii
-37.80496188047101,17.381535824489625,0.0,c_beijerinckii
-36.24177659687747,17.381535824489625,0.0,c_beijerinckii
-34.67859131328393,17.381535824489625,0.0,c_beijerinckii
-33.115406029690384,17.381535824489625,0.0,c_beijerinckii
-31.55222074609684,17.381535824489625,0.0,c_beijerinckii
-29.989035462503296,17.381535824489625,0.0,c_beijerinckii
-28.42585017890975,17.381535824489625,0.0,c_beijerinckii
-26.862664895316207,17.381535824489625,0.0,c_beijerinckii
-25.299479611722663,17.381535824489625,0.0,c_beijerinckii
-23.73629432812912,17.381535824489625,0.0,c_beijerinckii
-22.17310904453558,17.381535824489625,0.0,c_beijerinckii
-20.60992376094203,17.381535824489625,0.0,c_beijerinckii
-19.046738477348484,17.381535824489625,0.0,c_beijerinckii
-17.483553193754943,17.381535824489625,0.0,c_beijerinckii
-15.920367910161403,17.381535824489625,0.0,c_beijerinckii
-14.357182626567855,17.381535824489625,0.0,c_beijerinckii
-12.793997342974308,17.381535824489625,0.0,c_beijerinckii
-11.230812059380767,17.381535824489625,0.0,c_beijerinckii
-9.667626775787227,17.381535824489625,0.0,c_beijerinckii
-8.10444149219368,17.381535824489625,0.0,c_beijerinckii
-6.541256208600132,17.381535824489625,0.0,c_beijerinckii
-4.978070925006591,17.381535824489625,0.0,c_beijerinckii
-3.4148856414130506,17.381535824489625,0.0,c_beijerinckii
-1.851700357819503,17.381535824489625,0.0,c_beijerinckii
-47.965666223829054,18.735293990903614,0.0,c_beijerinckii
-46.402480940235506,18.735293990903614,0.0,c_beijerinckii
-44.839295656641966,18.735293990903614,0.0,c_beijerinckii
-43.27611037304842,18.735293990903614,0.0,c_beijerinckii
-41.71292508945488,18.735293990903614,0.0,c_beijerinckii
-40.14973980586133,18.735293990903614,0.0,c_beijerinckii
-38.58655452226779,18.735293990903614,0.0,c_beijerinckii
-37.02336923867424,18.735293990903614,0.0,c_beijerinckii
-35.4601839550807,18.735293990903614,0.0,c_beijerinckii
-33.896998671487154,18.735293990903614,0.0,c_beijerinckii
-32.33381338789361,18.735293990903614,0.0,c_beijerinckii
-30.770628104300066,18.735293990903614,0.0,c_beijerinckii
-29.207442820706525,18.735293990903614,0.0,c_beijerinckii
-27.644257537112978,18.735293990903614,0.0,c_beijerinckii
-26.081072253519437,18.735293990903614,0.0,c_beijerinckii
-24.51788696992589,18.735293990903614,0.0,c_beijerinckii
-22.95470168633235,18.735293990903614,0.0,c_beijerinckii
-21.39151640273881,18.735293990903614,0.0,c_beijerinckii
-19.82833111914526,18.735293990903614,0.0,c_beijerinckii
-18.265145835551714,18.735293990903614,0.0,c_beijerinckii
-16.701960551958173,18.735293990903614,0.0,c_beijerinckii
-15.13877526836463,18.735293990903614,0.0,c_beijerinckii
-13.575589984771083,18.735293990903614,0.0,c_beijerinckii
-12.012404701177536,18.735293990903614,0.0,c_beijerinckii
-10.449219417583995,18.735293990903614,0.0,c_beijerinckii
-8.886034133990456,18.735293990903614,0.0,c_beijerinckii
-7.322848850396909,18.735293990903614,0.0,c_beijerinckii
-5.759663566803361,18.735293990903614,0.0,c_beijerinckii
-4.196478283209821,18.735293990903614,0.0,c_beijerinckii
-2.6332929996162804,18.735293990903614,0.0,c_beijerinckii
-47.18407358203228,20.089052157317603,0.0,c_beijerinckii
-45.620888298438736,20.089052157317603,0.0,c_beijerinckii
-44.05770301484519,20.089052157317603,0.0,c_beijerinckii
-42.49451773125165,20.089052157317603,0.0,c_beijerinckii
-40.93133244765811,20.089052157317603,0.0,c_beijerinckii
-39.36814716406456,20.089052157317603,0.0,c_beijerinckii
-37.80496188047101,20.089052157317603,0.0,c_beijerinckii
-36.24177659687747,20.089052157317603,0.0,c_beijerinckii
-34.67859131328393,20.089052157317603,0.0,c_beijerinckii
-33.115406029690384,20.089052157317603,0.0,c_beijerinckii
-31.55222074609684,20.089052157317603,0.0,c_beijerinckii
-29.989035462503296,20.089052157317603,0.0,c_beijerinckii
-28.42585017890975,20.089052157317603,0.0,c_beijerinckii
-26.862664895316207,20.089052157317603,0.0,c_beijerinckii
-25.299479611722663,20.089052157317603,0.0,c_beijerinckii
-23.73629432812912,20.089052157317603,0.0,c_beijerinckii
-22.17310904453558,20.089052157317603,0.0,c_beijerinckii
-20.60992376094203,20.089052157317603,0.0,c_beijerinckii
-19.046738477348484,20.089052157317603,0.0,c_beijerinckii
-17.483553193754943,20.089052157317603,0.0,c_beijerinckii
-15.920367910161403,20.089052157317603,0.0,c_beijerinckii
-14.357182626567855,20.089052157317603,0.0,c_beijerinckii
-12.793997342974308,20.089052157317603,0.0,c_beijerinckii
-11.230812059380767,20.089052157317603,0.0,c_beijerinckii
-9.667626775787227,20.089052157317603,0.0,c_beijerinckii
-8.10444149219368,20.089052157317603,0.0,c_beijerinckii
-6.541256208600132,20.089052157317603,0.0,c_beijerinckii
-4.978070925006591,20.089052157317603,0.0,c_beijerinckii
-3.4148856414130506,20.089052157317603,0.0,c_beijerinckii
-44.839295656641966,21.442810323731592,0.0,c_beijerinckii
-43.27611037304842,21.442810323731592,0.0,c_beijerinckii
-41.71292508945488,21.442810323731592,0.0,c_beijerinckii
-40.14973980586133,21.442810323731592,0.0,c_beijerinckii
-38.58655452226779,21.442810323731592,0.0,c_beijerinckii
-37.02336923867424,21.442810323731592,0.0,c_beijerinckii
-35.4601839550807,21.442810323731592,0.0,c_beijerinckii
-33.896998671487154,21.442810323731592,0.0,c_beijerinckii
-32.33381338789361,21.442810323731592,0.0,c_beijerinckii
-30.770628104300066,21.442810323731592,0.0,c_beijerinckii
-29.207442820706525,21.442810323731592,0.0,c_beijerinckii
-27.644257537112978,21.442810323731592,0.0,c_beijerinckii
-26.081072253519437,21.442810323731592,0.0,c_beijerinckii
-24.51788696992589,21.442810323731592,0.0,c_beijerinckii
-22.95470168633235,21.442810323731592,0.0,c_beijerinckii
-21.39151640273881,21.442810323731592,0.0,c_beijerinckii
-19.82833111914526,21.442810323731592,0.0,c_beijerinckii
-18.265145835551714,21.442810323731592,0.0,c_beijerinckii
-16.701960551958173,21.442810323731592,0.0,c_beijerinckii
-15.13877526836463,21.442810323731592,0.0,c_beijerinckii
-13.575589984771083,21.442810323731592,0.0,c_beijerinckii
-12.012404701177536,21.442810323731592,0.0,c_beijerinckii
-10.449219417583995,21.442810323731592,0.0,c_beijerinckii
-8.886034133990456,21.442810323731592,0.0,c_beijerinckii
-7.322848850396909,21.442810323731592,0.0,c_beijerinckii
-5.759663566803361,21.442810323731592,0.0,c_beijerinckii
-4.196478283209821,21.442810323731592,0.0,c_beijerinckii
-44.05770301484519,22.79656849014558,0.0,c_beijerinckii
-42.49451773125165,22.79656849014558,0.0,c_beijerinckii
-40.93133244765811,22.79656849014558,0.0,c_beijerinckii
-39.36814716406456,22.79656849014558,0.0,c_beijerinckii
-37.80496188047101,22.79656849014558,0.0,c_beijerinckii
-36.24177659687747,22.79656849014558,0.0,c_beijerinckii
-34.67859131328393,22.79656849014558,0.0,c_beijerinckii
-33.115406029690384,22.79656849014558,0.0,c_beijerinckii
-31.55222074609684,22.79656849014558,0.0,c_beijerinckii
-29.989035462503296,22.79656849014558,0.0,c_beijerinckii
-28.42585017890975,22.79656849014558,0.0,c_beijerinckii
-26.862664895316207,22.79656849014558,0.0,c_beijerinckii
-25.299479611722663,22.79656849014558,0.0,c_beijerinckii
-23.73629432812912,22.79656849014558,0.0,c_beijerinckii
-22.17310904453558,22.79656849014558,0.0,c_beijerinckii
-20.60992376094203,22.79656849014558,0.0,c_beijerinckii
-19.046738477348484,22.79656849014558,0.0,c_beijerinckii
-17.483553193754943,22.79656849014558,0.0,c_beijerinckii
-15.920367910161403,22.79656849014558,0.0,c_beijerinckii
-14.357182626567855,22.79656849014558,0.0,c_beijerinckii
-12.793997342974308,22.79656849014558,0.0,c_beijerinckii
-11.230812059380767,22.79656849014558,0.0,c_beijerinckii
-9.667626775787227,22.79656849014558,0.0,c_beijerinckii
-8.10444149219368,22.79656849014558,0.0,c_beijerinckii
-6.541256208600132,22.79656849014558,0.0,c_beijerinckii
-41.71292508945488,24.15032665655957,0.0,c_beijerinckii
-40.14973980586133,24.15032665655957,0.0,c_beijerinckii
-38.58655452226779,24.15032665655957,0.0,c_beijerinckii
-37.02336923867424,24.15032665655957,0.0,c_beijerinckii
-35.4601839550807,24.15032665655957,0.0,c_beijerinckii
-33.896998671487154,24.15032665655957,0.0,c_beijerinckii
-32.33381338789361,24.15032665655957,0.0,c_beijerinckii
-30.770628104300066,24.15032665655957,0.0,c_beijerinckii
-29.207442820706525,24.15032665655957,0.0,c_beijerinckii
-27.644257537112978,24.15032665655957,0.0,c_beijerinckii
-26.081072253519437,24.15032665655957,0.0,c_beijerinckii
-24.51788696992589,24.15032665655957,0.0,c_beijerinckii
-22.95470168633235,24.15032665655957,0.0,c_beijerinckii
-21.39151640273881,24.15032665655957,0.0,c_beijerinckii
-19.82833111914526,24.15032665655957,0.0,c_beijerinckii
-18.265145835551714,24.15032665655957,0.0,c_beijerinckii
-16.701960551958173,24.15032665655957,0.0,c_beijerinckii
-15.13877526836463,24.15032665655957,0.0,c_beijerinckii
-13.575589984771083,24.15032665655957,0.0,c_beijerinckii
-12.012404701177536,24.15032665655957,0.0,c_beijerinckii
-10.449219417583995,24.15032665655957,0.0,c_beijerinckii
-8.886034133990456,24.15032665655957,0.0,c_beijerinckii
-7.322848850396909,24.15032665655957,0.0,c_beijerinckii
-39.36814716406456,25.50408482297356,0.0,c_beijerinckii
-37.80496188047101,25.50408482297356,0.0,c_beijerinckii
-36.24177659687747,25.50408482297356,0.0,c_beijerinckii
-34.67859131328393,25.50408482297356,0.0,c_beijerinckii
-33.115406029690384,25.50408482297356,0.0,c_beijerinckii
-31.55222074609684,25.50408482297356,0.0,c_beijerinckii
-29.989035462503296,25.50408482297356,0.0,c_beijerinckii
-28.42585017890975,25.50408482297356,0.0,c_beijerinckii
-26.862664895316207,25.50408482297356,0.0,c_beijerinckii
-25.299479611722663,25.50408482297356,0.0,c_beijerinckii
-23.73629432812912,25.50408482297356,0.0,c_beijerinckii
-22.17310904453558,25.50408482297356,0.0,c_beijerinckii
-20.60992376094203,25.50408482297356,0.0,c_beijerinckii
-19.046738477348484,25.50408482297356,0.0,c_beijerinckii
-17.483553193754943,25.50408482297356,0.0,c_beijerinckii
-15.920367910161403,25.50408482297356,0.0,c_beijerinckii
-14.357182626567855,25.50408482297356,0.0,c_beijerinckii
-12.793997342974308,25.50408482297356,0.0,c_beijerinckii
-11.230812059380767,25.50408482297356,0.0,c_beijerinckii
-9.667626775787227,25.50408482297356,0.0,c_beijerinckii
-37.02336923867424,26.85784298938755,0.0,c_beijerinckii
-35.4601839550807,26.85784298938755,0.0,c_beijerinckii
-33.896998671487154,26.85784298938755,0.0,c_beijerinckii
-32.33381338789361,26.85784298938755,0.0,c_beijerinckii
-30.770628104300066,26.85784298938755,0.0,c_beijerinckii
-29.207442820706525,26.85784298938755,0.0,c_beijerinckii
-27.644257537112978,26.85784298938755,0.0,c_beijerinckii
-26.081072253519437,26.85784298938755,0.0,c_beijerinckii
-24.51788696992589,26.85784298938755,0.0,c_beijerinckii
-22.95470168633235,26.85784298938755,0.0,c_beijerinckii
-21.39151640273881,26.85784298938755,0.0,c_beijerinckii
-19.82833111914526,26.85784298938755,0.0,c_beijerinckii
-18.265145835551714,26.85784298938755,0.0,c_beijerinckii
-16.701960551958173,26.85784298938755,0.0,c_beijerinckii
-15.13877526836463,26.85784298938755,0.0,c_beijerinckii
-13.575589984771083,26.85784298938755,0.0,c_beijerinckii
-12.012404701177536,26.85784298938755,0.0,c_beijerinckii
-34.67859131328393,28.21160115580154,0.0,c_beijerinckii
-33.115406029690384,28.21160115580154,0.0,c_beijerinckii
-31.55222074609684,28.21160115580154,0.0,c_beijerinckii
-29.989035462503296,28.21160115580154,0.0,c_beijerinckii
-28.42585017890975,28.21160115580154,0.0,c_beijerinckii
-26.862664895316207,28.21160115580154,0.0,c_beijerinckii
-25.299479611722663,28.21160115580154,0.0,c_beijerinckii
-23.73629432812912,28.21160115580154,0.0,c_beijerinckii
-22.17310904453558,28.21160115580154,0.0,c_beijerinckii
-20.60992376094203,28.21160115580154,0.0,c_beijerinckii
-19.046738477348484,28.21160115580154,0.0,c_beijerinckii
-17.483553193754943,28.21160115580154,0.0,c_beijerinckii
-15.920367910161403,28.21160115580154,0.0,c_beijerinckii
-29.207442820706525,29.565359322215528,0.0,c_beijerinckii
-27.644257537112978,29.565359322215528,0.0,c_beijerinckii
-26.081072253519437,29.565359322215528,0.0,c_beijerinckii
-24.51788696992589,29.565359322215528,0.0,c_beijerinckii
-22.95470168633235,29.565359322215528,0.0,c_beijerinckii
-21.39151640273881,29.565359322215528,0.0,c_beijerinckii
5.3658828813454935,-14.00254245467784,0.0,m_barkeri
6.517647645939437,-14.00254245467784,0.0,m_barkeri
7.669412410533381,-14.00254245467784,0.0,m_barkeri
8.821177175127325,-14.00254245467784,0.0,m_barkeri
9.972941939721268,-14.00254245467784,0.0,m_barkeri
11.124706704315212,-14.00254245467784,0.0,m_barkeri
12.276471468909158,-14.00254245467784,0.0,m_barkeri
13.4282362335031,-14.00254245467784,0.0,m_barkeri
14.580000998097042,-14.00254245467784,0.0,m_barkeri
3.638235734454578,-13.00508490935568,0.0,m_barkeri
4.790000499048522,-13.00508490935568,0.0,m_barkeri
5.941765263642465,-13.00508490935568,0.0,m_barkeri
7.09353002823641,-13.00508490935568,0.0,m_barkeri
8.245294792830354,-13.00508490935568,0.0,m_barkeri
9.397059557424297,-13.00508490935568,0.0,m_barkeri
10.548824322018241,-13.00508490935568,0.0,m_barkeri
11.700589086612185,-13.00508490935568,0.0,m_barkeri
12.85235385120613,-13.00508490935568,0.0,m_barkeri
14.00411861580007,-13.00508490935568,0.0,m_barkeri
15.155883380394013,-13.00508490935568,0.0,m_barkeri
16.307648144987958,-13.00508490935568,0.0,m_barkeri
17.459412909581904,-13.00508490935568,0.0,m_barkeri
1.9105885875636623,-12.007627364033521,0.0,m_barkeri
3.062353352157606,-12.007627364033521,0.0,m_barkeri
4.21411811675155,-12.007627364033521,0.0,m_barkeri
5.3658828813454935,-12.007627364033521,0.0,m_barkeri
6.517647645939437,-12.007627364033521,0.0,m_barkeri
7.669412410533381,-12.007627364033521,0.0,m_barkeri
8.821177175127325,-12.007627364033521,0.0,m_barkeri
9.972941939721268,-12.007627364033521,0.0,m_barkeri
11.124706704315212,-12.007627364033521,0.0,m_barkeri
12.276471468909158,-12.007627364033521,0.0,m_barkeri
13.4282362335031,-12.007627364033521,0.0,m_barkeri
14.580000998097042,-12.007627364033521,0.0,m_barkeri
15.731765762690987,-12.007627364033521,0.0,m_barkeri
16.883530527284933,-12.007627364033521,0.0,m_barkeri
18.035295291878874,-12.007627364033521,0.0,m_barkeri
0.18294144067274765,-11.010169818711361,0.0,m_barkeri
1.3347062052666914,-11.010169818711361,0.0,m_barkeri
2.486470969860634,-11.010169818711361,0.0,m_barkeri
3.638235734454578,-11.010169818711361,0.0,m_barkeri
4.790000499048522,-11.010169818711361,0.0,m_barkeri
5.941765263642465,-11.010169818711361,0.0,m_barkeri
7.09353002823641,-11.010169818711361,0.0,m_barkeri
8.245294792830354,-11.010169818711361,0.0,m_barkeri
9.397059557424297,-11.010169818711361,0.0,m_barkeri
10.548824322018241,-11.010169818711361,0.0,m_barkeri
11.700589086612185,-11.010169818711361,0.0,m_barkeri
12.85235385120613,-11.010169818711361,0.0,m_barkeri
14.00411861580007,-11.010169818711361,0.0,m_barkeri
15.155883380394013,-11.010169818711361,0.0,m_barkeri
16.307648144987958,-11.010169818711361,0.0,m_barkeri
17.459412909581904,-11.010169818711361,0.0,m_barkeri
18.61117767417585,-11.010169818711361,0.0,m_barkeri
19.76294243876979,-11.010169818711361,0.0,m_barkeri
-0.3929409416242251,-10.012712273389202,0.0,m_barkeri
0.7588238229697186,-10.012712273389202,0.0,m_barkeri
1.9105885875636623,-10.012712273389202,0.0,m_barkeri
3.062353352157606,-10.012712273389202,0.0,m_barkeri
4.21411811675155,-10.012712273389202,0.0,m_barkeri
5.3658828813454935,-10.012712273389202,0.0,m_barkeri
6.517647645939437,-10.012712273389202,0.0,m_barkeri
7.669412410533381,-10.012712273389202,0.0,m_barkeri
8.821177175127325,-10.012712273389202,0.0,m_barkeri
9.972941939721268,-10.012712273389202,0.0,m_barkeri
11.124706704315212,-10.012712273389202,0.0,m_barkeri
12.276471468909158,-10.012712273389202,0.0,m_barkeri
13.4282362335031,-10.012712273389202,0.0,m_barkeri
14.580000998097042,-10.012712273389202,0.0,m_barkeri
15.731765762690987,-10.012712273389202,0.0,m_barkeri
16.883530527284933,-10.012712273389202,0.0,m_barkeri
18.035295291878874,-10.012712273389202,0.0,m_barkeri
19.187060056472816,-10.012712273389202,0.0,m_barkeri
20.338824821066762,-10.012712273389202,0.0,m_barkeri
-0.9688233239211961,-9.015254728067042,0.0,m_barkeri
0.18294144067274765,-9.015254728067042,0.0,m_barkeri
1.3347062052666914,-9.015254728067042,0.0,m_barkeri
2.486470969860634,-9.015254728067042,0.0,m_barkeri
3.638235734454578,-9.015254728067042,0.0,m_barkeri
4.790000499048522,-9.015254728067042,0.0,m_barkeri
5.941765263642465,-9.015254728067042,0.0,m_barkeri
7.09353002823641,-9.015254728067042,0.0,m_barkeri
8.245294792830354,-9.015254728067042,0.0,m_barkeri
9.397059557424297,-9.015254728067042,0.0,m_barkeri
10.548824322018241,-9.015254728067042,0.0,m_barkeri
11.700589086612185,-9.015254728067042,0.0,m_barkeri
12.85235385120613,-9.015254728067042,0.0,m_barkeri
14.00411861580007,-9.015254728067042,0.0,m_barkeri
15.155883380394013,-9.015254728067042,0.0,m_barkeri
16.307648144987958,-9.015254728067042,0.0,m_barkeri
17.459412909581904,-9.015254728067042,0.0,m_barkeri
18.61117767417585,-9.015254728067042,0.0,m_barkeri
19.76294243876979,-9.015254728067042,0.0,m_barkeri
20.914707203363733,-9.015254728067042,0.0,m_barkeri
-1.5447057062181688,-8.017797182744882,0.0,m_barkeri
-0.3929409416242251,-8.017797182744882,0.0,m_barkeri
0.7588238229697186,-8.017797182744882,0.0,m_barkeri
1.9105885875636623,-8.017797182744882,0.0,m_barkeri
3.062353352157606,-8.017797182744882,0.0,m_barkeri
4.21411811675155,-8.017797182744882,0.0,m_barkeri
5.3658828813454935,-8.017797182744882,0.0,m_barkeri
6.517647645939437,-8.017797182744882,0.0,m_barkeri
7.669412410533381,-8.017797182744882,0.0,m_barkeri
8.821177175127325,-8.017797182744882,0.0,m_barkeri
9.972941939721268,-8.017797182744882,0.0,m_barkeri
11.124706704315212,-8.017797182744882,0.0,m_barkeri
12.276471468909158,-8.017797182744882,0.0,m_barkeri
13.4282362335031,-8.017797182744882,0.0,m_barkeri
14.580000998097042,-8.017797182744882,0.0,m_barkeri
15.731765762690987,-8.017797182744882,0.0,m_barkeri
16.883530527284933,-8.017797182744882,0.0,m_barkeri
18.035295291878874,-8.017797182744882,0.0,m_barkeri
19.187060056472816,-8.017797182744882,0.0,m_barkeri
20.338824821066762,-8.017797182744882,0.0,m_barkeri
21.490589585660707,-8.017797182744882,0.0,m_barkeri
22.64235435025465,-8.017797182744882,0.0,m_barkeri
-2.12058808851514,-7.0203396374227225,0.0,m_barkeri
-0.9688233239211961,-7.0203396374227225,0.0,m_barkeri
0.18294144067274765,-7.0203396374227225,0.0,m_barkeri
1.3347062052666914,-7.0203396374227225,0.0,m_barkeri
2.486470969860634,-7.0203396374227225,0.0,m_barkeri
3.638235734454578,-7.0203396374227225,0.0,m_barkeri
4.790000499048522,-7.0203396374227225,0.0,m_barkeri
5.941765263642465,-7.0203396374227225,0.0,m_barkeri
7.09353002823641,-7.0203396374227225,0.0,m_barkeri
8.245294792830354,-7.0203396374227225,0.0,m_barkeri
9.397059557424297,-7.0203396374227225,0.0,m_barkeri
10.548824322018241,-7.0203396374227225,0.0,m_barkeri
11.700589086612185,-7.0203396374227225,0.0,m_barkeri
12.85235385120613,-7.0203396374227225,0.0,m_barkeri
14.00411861580007,-7.0203396374227225,0.0,m_barkeri
15.155883380394013,-7.0203396374227225,0.0,m_barkeri
16.307648144987958,-7.0203396374227225,0.0,m_barkeri
17.459412909581904,-7.0203396374227225,0.0,m_barkeri
18.61117767417585,-7.0203396374227225,0.0,m_barkeri
19.76294243876979,-7.0203396374227225,0.0,m_barkeri
20.914707203363733,-7.0203396374227225,0.0,m_barkeri
22.066471967957682,-7.0203396374227225,0.0,m_barkeri
23.218236732551624,-7.0203396374227225,0.0,m_barkeri
-2.6964704708121126,-6.022882092100563,0.0,m_barkeri
-1.5447057062181688,-6.022882092100563,0.0,m_barkeri
-0.3929409416242251,-6.022882092100563,0.0,m_barkeri
0.7588238229697186,-6.022882092100563,0.0,m_barkeri
1.9105885875636623,-6.022882092100563,0.0,m_barkeri
3.062353352157606,-6.022882092100563,0.0,m_barkeri
4.21411811675155,-6.022882092100563,0.0,m_barkeri
5.3658828813454935,-6.022882092100563,0.0,m_barkeri
6.517647645939437,-6.022882092100563,0.0,m_barkeri
7.669412410533381,-6.022882092100563,0.0,m_barkeri
8.821177175127325,-6.022882092100563,0.0,m_barkeri
9.972941939721268,-6.022882092100563,0.0,m_barkeri
11.124706704315212,-6.022882092100563,0.0,m_barkeri
12.276471468909158,-6.022882092100563,0.0,m_barkeri
13.4282362335031,-6.022882092100563,0.0,m_barkeri
14.580000998097042,-6.022882092100563,0.0,m_barkeri
15.731765762690987,-6.022882092100563,0.0,m_barkeri
16.883530527284933,-6.022882092100563,0.0,m_barkeri
18.035295291878874,-6.022882092100563,0.0,m_barkeri
19.187060056472816,-6.022882092100563,0.0,m_barkeri
20.338824821066762,-6.022882092100563,0.0,m_barkeri
21.490589585660707,-6.022882092100563,0.0,m_barkeri
22.64235435025465,-6.022882092100563,0.0,m_barkeri
-3.2723528531090835,-5.025424546778403,0.0,m_barkeri
-2.12058808851514,-5.025424546778403,0.0,m_barkeri
-0.9688233239211961,-5.025424546778403,0.0,m_barkeri
0.18294144067274765,-5.025424546778403,0.0,m_barkeri
1.3347062052666914,-5.025424546778403,0.0,m_barkeri
2.486470969860634,-5.025424546778403,0.0,m_barkeri
3.638235734454578,-5.025424546778403,0.0,m_barkeri
4.790000499048522,-5.025424546778403,0.0,m_barkeri
5.941765263642465,-5.025424546778403,0.0,m_barkeri
7.09353002823641,-5.025424546778403,0.0,m_barkeri
8.245294792830354,-5.025424546778403,0.0,m_barkeri
9.397059557424297,-5.025424546778403,0.0,m_barkeri
10.548824322018241,-5.025424546778403,0.0,m_barkeri
11.700589086612185,-5.025424546778403,0.0,m_barkeri
12.85235385120613,-5.025424546778403,0.0,m_barkeri
14.00411861580007,-5.025424546778403,0.0,m_barkeri
15.155883380394013,-5.025424546778403,0.0,m_barkeri
16.307648144987958,-5.025424546778403,0.0,m_barkeri
17.459412909581904,-5.025424546778403,0.0,m_barkeri
18.61117767417585,-5.025424546778403,0.0,m_barkeri
19.76294243876979,-5.025424546778403,0.0,m_barkeri
20.914707203363733,-5.025424546778403,0.0,m_barkeri
22.066471967957682,-5.025424546778403,0.0,m_barkeri
23.218236732551624,-5.025424546778403,0.0,m_barkeri
-3.8482352354060563,-4.027967001456243,0.0,m_barkeri
-2.6964704708121126,-4.027967001456243,0.0,m_barkeri
-1.5447057062181688,-4.027967001456243,0.0,m_barkeri
-0.3929409416242251,-4.027967001456243,0.0,m_barkeri
0.7588238229697186,-4.027967001456243,0.0,m_barkeri
1.9105885875636623,-4.027967001456243,0.0,m_barkeri
3.062353352157606,-4.027967001456243,0.0,m_barkeri
4.21411811675155,-4.027967001456243,0.0,m_barkeri
5.3658828813454935,-4.027967001456243,0.0,m_barkeri
6.517647645939437,-4.027967001456243,0.0,m_barkeri
7.669412410533381,-4.027967001456243,0.0,m_barkeri
8.821177175127325,-4.027967001456243,0.0,m_barkeri
9.972941939721268,-4.027967001456243,0.0,m_barkeri
11.124706704315212,-4.027967001456243,0.0,m_barkeri
12.276471468909158,-4.027967001456243,0.0,m_barkeri
13.4282362335031,-4.027967001456243,0.0,m_barkeri
14.580000998097042,-4.027967001456243,0.0,m_barkeri
15.731765762690987,-4.027967001456243,0.0,m_barkeri
16.883530527284933,-4.027967001456243,0.0,m_barkeri
18.035295291878874,-4.027967001456243,0.0,m_barkeri
19.187060056472816,-4.027967001456243,0.0,m_barkeri
20.338824821066762,-4.027967001456243,0.0,m_barkeri
21.490589585660707,-4.027967001456243,0.0,m_barkeri
22.64235435025465,-4.027967001456243,0.0,m_barkeri
23.79411911484859,-4.027967001456243,0.0,m_barkeri
-4.424117617703027,-3.0305094561340837,0.0,m_barkeri
-3.2723528531090835,-3.0305094561340837,0.0,m_barkeri
-2.12058808851514,-3.0305094561340837,0.0,m_barkeri
-0.9688233239211961,-3.0305094561340837,0.0,m_barkeri
0.18294144067274765,-3.0305094561340837,0.0,m_barkeri
1.3347062052666914,-3.0305094561340837,0.0,m_barkeri
2.486470969860634,-3.0305094561340837,0.0,m_barkeri
3.638235734454578,-3.0305094561340837,0.0,m_barkeri
4.790000499048522,-3.0305094561340837,0.0,m_barkeri
5.941765263642465,-3.0305094561340837,0.0,m_barkeri
7.09353002823641,-3.0305094561340837,0.0,m_barkeri
8.245294792830354,-3.0305094561340837,0.0,m_barkeri
9.397059557424297,-3.0305094561340837,0.0,m_barkeri
10.548824322018241,-3.0305094561340837,0.0,m_barkeri
11.700589086612185,-3.0305094561340837,0.0,m_barkeri
12.85235385120613,-3.0305094561340837,0.0,m_barkeri
14.00411861580007,-3.0305094561340837,0.0,m_barkeri
15.155883380394013,-3.0305094561340837,0.0,m_barkeri
16.307648144987958,-3.0305094561340837,0.0,m_barkeri
17.459412909581904,-3.0305094561340837,0.0,m_barkeri
18.61117767417585,-3.0305094561340837,0.0,m_barkeri
19.76294243876979,-3.0305094561340837,0.0,m_barkeri
20.914707203363733,-3.0305094561340837,0.0,m_barkeri
22.066471967957682,-3.0305094561340837,0.0,m_barkeri
23.218236732551624,-3.0305094561340837,0.0,m_barkeri
24.370001497145566,-3.0305094561340837,0.0,m_barkeri
-3.8482352354060563,-2.033051910811924,0.0,m_barkeri
-2.6964704708121126,-2.033051910811924,0.0,m_barkeri
-1.5447057062181688,-2.033051910811924,0.0,m_barkeri
-0.3929409416242251,-2.033051910811924,0.0,m_barkeri
0.7588238229697186,-2.033051910811924,0.0,m_barkeri
1.9105885875636623,-2.033051910811924,0.0,m_barkeri
3.062353352157606,-2.033051910811924,0.0,m_barkeri
4.21411811675155,-2.033051910811924,0.0,m_barkeri
5.3658828813454935,-2.033051910811924,0.0,m_barkeri
6.517647645939437,-2.033051910811924,0.0,m_barkeri
7.669412410533381,-2.033051910811924,0.0,m_barkeri
8.821177175127325,-2.033051910811924,0.0,m_barkeri
9.972941939721268,-2.033051910811924,0.0,m_barkeri
11.124706704315212,-2.033051910811924,0.0,m_barkeri
12.276471468909158,-2.033051910811924,0.0,m_barkeri
13.4282362335031,-2.033051910811924,0.0,m_barkeri
14.580000998097042,-2.033051910811924,0.0,m_barkeri
15.731765762690987,-2.033051910811924,0.0,m_barkeri
16.883530527284933,-2.033051910811924,0.0,m_barkeri
18.035295291878874,-2.033051910811924,0.0,m_barkeri
19.187060056472816,-2.033051910811924,0.0,m_barkeri
20.338824821066762,-2.033051910811924,0.0,m_barkeri
21.490589585660707,-2.033051910811924,0.0,m_barkeri
22.64235435025465,-2.033051910811924,0.0,m_barkeri
23.79411911484859,-2.033051910811924,0.0,m_barkeri
-4.424117617703027,-1.0355943654897644,0.0,m_barkeri
-3.2723528531090835,-1.0355943654897644,0.0,m_barkeri
-2.12058808851514,-1.0355943654897644,0.0,m_barkeri
-0.9688233239211961,-1.0355943654897644,0.0,m_barkeri
0.18294144067274765,-1.0355943654897644,0.0,m_barkeri
1.3347062052666914,-1.0355943654897644,0.0,m_barkeri
2.486470969860634,-1.0355943654897644,0.0,m_barkeri
3.638235734454578,-1.0355943654897644,0.0,m_barkeri
4.790000499048522,-1.0355943654897644,0.0,m_barkeri
5.941765263642465,-1.0355943654897644,0.0,m_barkeri
7.09353002823641,-1.0355943654897644,0.0,m_barkeri
8.245294792830354,-1.0355943654897644,0.0,m_barkeri
9.397059557424297,-1.0355943654897644,0.0,m_barkeri
10.548824322018241,-1.0355943654897644,0.0,m_barkeri
11.700589086612185,-1.0355943654897644,0.0,m_barkeri
12.85235385120613,-1.0355943654897644,0.0,m_barkeri
14.00411861580007,-1.0355943654897644,0.0,m_barkeri
15.155883380394013,-1.0355943654897644,0.0,m_barkeri
16.307648144987958,-1.0355943654897644,0.0,m_barkeri
17.459412909581904,-1.0355943654897644,0.0,m_barkeri
18.61117767417585,-1.0355943654897644,0.0,m_barkeri
19.76294243876979,-1.0355943654897644,0.0,m_barkeri
20.914707203363733,-1.0355943654897644,0.0,m_barkeri
22.066471967957682,-1.0355943654897644,0.0,m_barkeri
23.218236732551624,-1.0355943654897644,0.0,m_barkeri
24.370001497145566,-1.0355943654897644,0.0,m_barkeri
-3.8482352354060563,-0.03813682016760467,0.0,m_barkeri
-2.6964704708121126,-0.03813682016760467,0.0,m_barkeri
-1.5447057062181688,-0.03813682016760467,0.0,m_barkeri
-0.3929409416242251,-0.03813682016760467,0.0,m_barkeri
0.7588238229697186,-0.03813682016760467,0.0,m_barkeri
1.9105885875636623,-0.03813682016760467,0.0,m_barkeri
3.062353352157606,-0.03813682016760467,0.0,m_barkeri
4.21411811675155,-0.03813682016760467,0.0,m_barkeri
5.3658828813454935,-0.03813682016760467,0.0,m_barkeri
6.517647645939437,-0.03813682016760467,0.0,m_barkeri
7.669412410533381,-0.03813682016760467,0.0,m_barkeri
8.821177175127325,-0.03813682016760467,0.0,m_barkeri
9.972941939721268,-0.03813682016760467,0.0,m_barkeri
11.124706704315212,-0.03813682016760467,0.0,m_barkeri
12.276471468909158,-0.03813682016760467,0.0,m_barkeri
13.4282362335031,-0.03813682016760467,0.0,m_barkeri
14.580000998097042,-0.03813682016760467,0.0,m_barkeri
15.731765762690987,-0.03813682016760467,0.0,m_barkeri
16.883530527284933,-0.03813682016760467,0.0,m_barkeri
18.035295291878874,-0.03813682016760467,0.0,m_barkeri
19.187060056472816,-0.03813682016760467,0.0,m_barkeri
20.338824821066762,-0.03813682016760467,0.0,m_barkeri
21.490589585660707,-0.03813682016760467,0.0,m_barkeri
22.64235435025465,-0.03813682016760467,0.0,m_barkeri
23.79411911484859,-0.03813682016760467,0.0,m_barkeri
24.945883879442537,-0.03813682016760467,0.0,m_barkeri
-4.424117617703027,0.959320725154555,0.0,m_barkeri
-3.2723528531090835,0.959320725154555,0.0,m_barkeri
-2.12058808851514,0.959320725154555,0.0,m_barkeri
-0.9688233239211961,0.959320725154555,0.0,m_barkeri
0.18294144067274765,0.959320725154555,0.0,m_barkeri
1.3347062052666914,0.959320725154555,0.0,m_barkeri
2.486470969860634,0.959320725154555,0.0,m_barkeri
3.638235734454578,0.959320725154555,0.0,m_barkeri
4.790000499048522,0.959320725154555,0.0,m_barkeri
5.941765263642465,0.959320725154555,0.0,m_barkeri
7.09353002823641,0.959320725154555,0.0,m_barkeri
8.245294792830354,0.959320725154555,0.0,m_barkeri
9.397059557424297,0.959320725154555,0.0,m_barkeri
10.548824322018241,0.959320725154555,0.0,m_barkeri
11.700589086612185,0.959320725154555,0.0,m_barkeri
12.85235385120613,0.959320725154555,0.0,m_barkeri
14.00411861580007,0.959320725154555,0.0,m_barkeri
15.155883380394013,0.959320725154555,0.0,m_barkeri
16.307648144987958,0.959320725154555,0.0,m_barkeri
17.459412909581904,0.959320725154555,0.0,m_barkeri
18.61117767417585,0.959320725154555,0.0,m_barkeri
19.76294243876979,0.959320725154555,0.0,m_barkeri
20.914707203363733,0.959320725154555,0.0,m_barkeri
22.066471967957682,0.959320725154555,0.0,m_barkeri
23.218236732551624,0.959320725154555,0.0,m_barkeri
24.370001497145566,0.959320725154555,0.0,m_barkeri
-3.8482352354060563,1.9567782704767147,0.0,m_barkeri
-2.6964704708121126,1.9567782704767147,0.0,m_barkeri
-1.5447057062181688,1.9567782704767147,0.0,m_barkeri
-0.3929409416242251,1.9567782704767147,0.0,m_barkeri
0.7588238229697186,1.9567782704767147,0.0,m_barkeri
1.9105885875636623,1.9567782704767147,0.0,m_barkeri
3.062353352157606,1.9567782704767147,0.0,m_barkeri
4.21411811675155,1.9567782704767147,0.0,m_barkeri
5.3658828813454935,1.9567782704767147,0.0,m_barkeri
6.517647645939437,1.9567782704767147,0.0,m_barkeri
7.669412410533381,1.9567782704767147,0.0,m_barkeri
8.821177175127325,1.9567782704767147,0.0,m_barkeri
9.972941939721268,1.9567782704767147,0.0,m_barkeri
11.124706704315212,1.9567782704767147,0.0,m_barkeri
12.276471468909158,1.9567782704767147,0.0,m_barkeri
13.4282362335031,1.9567782704767147,0.0,m_barkeri
14.580000998097042,1.9567782704767147,0.0,m_barkeri
15.731765762690987,1.9567782704767147,0.0,m_barkeri
16.883530527284933,1.9567782704767147,0.0,m_barkeri
18.035295291878874,1.9567782704767147,0.0,m_barkeri
19.187060056472816,1.9567782704767147,0.0,m_barkeri
20.338824821066762,1.9567782704767147,0.0,m_barkeri
21.490589585660707,1.9567782704767147,0.0,m_barkeri
22.64235435025465,1.9567782704767147,0.0,m_barkeri
23.79411911484859,1.9567782704767147,0.0,m_barkeri
-4.424117617703027,2.9542358157988744,0.0,m_barkeri
-3.2723528531090835,2.9542358157988744,0.0,m_barkeri
-2.12058808851514,2.9542358157988744,0.0,m_barkeri
-0.9688233239211961,2.9542358157988744,0.0,m_barkeri
0.18294144067274765,2.9542358157988744,0.0,m_barkeri
1.3347062052666914,2.9542358157988744,0.0,m_barkeri
2.486470969860634,2.9542358157988744,0.0,m_barkeri
3.638235734454578,2.9542358157988744,0.0,m_barkeri
4.790000499048522,2.9542358157988744,0.0,m_barkeri
5.941765263642465,2.9542358157988744,0.0,m_barkeri
7.09353002823641,2.9542358157988744,0.0,m_barkeri
8.245294792830354,2.9542358157988744,0.0,m_barkeri
9.397059557424297,2.9542358157988744,0.0,m_barkeri
10.548824322018241,2.9542358157988744,0.0,m_barkeri
11.700589086612185,2.9542358157988744,0.0,m_barkeri
12.85235385120613,2.9542358157988744,0.0,m_barkeri
14.00411861580007,2.9542358157988744,0.0,m_barkeri
15.155883380394013,2.9542358157988744,0.0,m_barkeri
16.307648144987958,2.9542358157988744,0.0,m_barkeri
17.459412909581904,2.9542358157988744,0.0,m_barkeri
18.61117767417585,2.9542358157988744,0.0,m_barkeri
19.76294243876979,2.9542358157988744,0.0,m_barkeri
20.914707203363733,2.9542358157988744,0.0,m_barkeri
22.066471967957682,2.9542358157988744,0.0,m_barkeri
23.218236732551624,2.9542358157988744,0.0,m_barkeri
24.370001497145566,2.9542358157988744,0.0,m_barkeri
-3.8482352354060563,3.951693361121034,0.0,m_barkeri
-2.6964704708121126,3.951693361121034,0.0,m_barkeri
-1.5447057062181688,3.951693361121034,0.0,m_barkeri
-0.3929409416242251,3.951693361121034,0.0,m_barkeri
0.7588238229697186,3.951693361121034,0.0,m_barkeri
1.9105885875636623,3.951693361121034,0.0,m_barkeri
3.062353352157606,3.951693361121034,0.0,m_barkeri
4.21411811675155,3.951693361121034,0.0,m_barkeri
5.3658828813454935,3.951693361121034,0.0,m_barkeri
6.517647645939437,3.951693361121034,0.0,m_barkeri
7.669412410533381,3.951693361121034,0.0,m_barkeri
8.821177175127325,3.951693361121034,0.0,m_barkeri
9.972941939721268,3.951693361121034,0.0,m_barkeri
11.124706704315212,3.951693361121034,0.0,m_barkeri
12.276471468909158,3.951693361121034,0.0,m_barkeri
13.4282362335031,3.951693361121034,0.0,m_barkeri
14.580000998097042,3.951693361121034,0.0,m_barkeri
15.731765762690987,3.951693361121034,0.0,m_barkeri
16.883530527284933,3.951693361121034,0.0,m_barkeri
18.035295291878874,3.951693361121034,0.0,m_barkeri
19.187060056472816,3.951693361121034,0.0,m_barkeri
20.338824821066762,3.951693361121034,0.0,m_barkeri
21.490589585660707,3.951693361121034,0.0,m_barkeri
22.64235435025465,3.951693361121034,0.0,m_barkeri
23.79411911484859,3.951693361121034,0.0,m_barkeri
-3.2723528531090835,4.949150906443194,0.0,m_barkeri
-2.12058808851514,4.949150906443194,0.0,m_barkeri
-0.9688233239211961,4.949150906443194,0.0,m_barkeri
0.18294144067274765,4.949150906443194,0.0,m_barkeri
1.3347062052666914,4.949150906443194,0.0,m_barkeri
2.486470969860634,4.949150906443194,0.0,m_barkeri
3.638235734454578,4.949150906443194,0.0,m_barkeri
4.790000499048522,4.949150906443194,0.0,m_barkeri
5.941765263642465,4.949150906443194,0.0,m_barkeri
7.09353002823641,4.949150906443194,0.0,m_barkeri
8.245294792830354,4.949150906443194,0.0,m_barkeri
9.397059557424297,4.949150906443194,0.0,m_barkeri
10.548824322018241,4.949150906443194,0.0,m_barkeri
11.700589086612185,4.949150906443194,0.0,m_barkeri
12.85235385120613,4.949150906443194,0.0,m_barkeri
14.00411861580007,4.949150906443194,0.0,m_barkeri
15.155883380394013,4.949150906443194,0.0,m_barkeri
16.307648144987958,4.949150906443194,0.0,m_barkeri
17.459412909581904,4.949150906443194,0.0,m_barkeri
18.61117767417585,4.949150906443194,0.0,m_barkeri
19.76294243876979,4.949150906443194,0.0,m_barkeri
20.914707203363733,4.949150906443194,0.0,m_barkeri
22.066471967957682,4.949150906443194,0.0,m_barkeri
23.218236732551624,4.949150906443194,0.0,m_barkeri
-2.6964704708121126,5.9466084517653535,0.0,m_barkeri
-1.5447057062181688,5.9466084517653535,0.0,m_barkeri
-0.3929409416242251,5.9466084517653535,0.0,m_barkeri
0.7588238229697186,5.9466084517653535,0.0,m_barkeri
1.9105885875636623,5.9466084517653535,0.0,m_barkeri
3.062353352157606,5.9466084517653535,0.0,m_barkeri
4.21411811675155,5.9466084517653535,0.0,m_barkeri
5.3658828813454935,5.9466084517653535,0.0,m_barkeri
6.517647645939437,5.9466084517653535,0.0,m_barkeri
7.669412410533381,5.9466084517653535,0.0,m_barkeri
8.821177175127325,5.9466084517653535,0.0,m_barkeri
9.972941939721268,5.9466084517653535,0.0,m_barkeri
11.124706704315212,5.9466084517653535,0.0,m_barkeri
12.276471468909158,5.9466084517653535,0.0,m_barkeri
13.4282362335031,5.9466084517653535,0.0,m_barkeri
14.580000998097042,5.9466084517653535,0.0,m_barkeri
15.731765762690987,5.9466084517653535,0.0,m_barkeri
16.883530527284933,5.9466084517653535,0.0,m_barkeri
18.035295291878874,5.9466084517653535,0.0,m_barkeri
19.187060056472816,5.9466084517653535,0.0,m_barkeri
20.338824821066762,5.9466084517653535,0.0,m_barkeri
21.490589585660707,5.9466084517653535,0.0,m_barkeri
22.64235435025465,5.9466084517653535,0.0,m_barkeri
-3.2723528531090835,6.944065997087513,0.0,m_barkeri
-2.12058808851514,6.944065997087513,0.0,m_barkeri
-0.9688233239211961,6.944065997087513,0.0,m_barkeri
0.18294144067274765,6.944065997087513,0.0,m_barkeri
1.3347062052666914,6.944065997087513,0.0,m_barkeri
2.486470969860634,6.944065997087513,0.0,m_barkeri
3.638235734454578,6.944065997087513,0.0,m_barkeri
4.790000499048522,6.944065997087513,0.0,m_barkeri
5.941765263642465,6.944065997087513,0.0,m_barkeri
7.09353002823641,6.944065997087513,0.0,m_barkeri
8.245294792830354,6.944065997087513,0.0,m_barkeri
9.397059557424297,6.944065997087513,0.0,m_barkeri
10.548824322018241,6.944065997087513,0.0,m_barkeri
11.700589086612185,6.944065997087513,0.0,m_barkeri
12.85235385120613,6.944065997087513,0.0,m_barkeri
14.00411861580007,6.944065997087513,0.0,m_barkeri
15.155883380394013,6.944065997087513,0.0,m_barkeri
16.307648144987958,6.944065997087513,0.0,m_barkeri
17.459412909581904,6.944065997087513,0.0,m_barkeri
18.61117767417585,6.944065997087513,0.0,m_barkeri
19.76294243876979,6.944065997087513,0.0,m_barkeri
20.914707203363733,6.944065997087513,0.0,m_barkeri
22.066471967957682,6.944065997087513,0.0,m_barkeri
23.218236732551624,6.944065997087513,0.0,m_barkeri
-2.6964704708121126,7.941523542409673,0.0,m_barkeri
-1.5447057062181688,7.941523542409673,0.0,m_barkeri
-0.3929409416242251,7.941523542409673,0.0,m_barkeri
0.7588238229697186,7.941523542409673,0.0,m_barkeri
1.9105885875636623,7.941523542409673,0.0,m_barkeri
3.062353352157606,7.941523542409673,0.0,m_barkeri
4.21411811675155,7.941523542409673,0.0,m_barkeri
5.3658828813454935,7.941523542409673,0.0,m_barkeri
6.517647645939437,7.941523542409673,0.0,m_barkeri
7.669412410533381,7.941523542409673,0.0,m_barkeri
8.821177175127325,7.941523542409673,0.0,m_barkeri
9.972941939721268,7.941523542409673,0.0,m_barkeri
11.124706704315212,7.941523542409673,0.0,m_barkeri
12.276471468909158,7.941523542409673,0.0,m_barkeri
13.4282362335031,7.941523542409673,0.0,m_barkeri
14.580000998097042,7.941523542409673,0.0,m_barkeri
15.731765762690987,7.941523542409673,0.0,m_barkeri
16.883530527284933,7.941523542409673,0.0,m_barkeri
18.035295291878874,7.941523542409673,0.0,m_barkeri
19.187060056472816,7.941523542409673,0.0,m_barkeri
20.338824821066762,7.941523542409673,0.0,m_barkeri
21.490589585660707,7.941523542409673,0.0,m_barkeri
22.64235435025465,7.941523542409673,0.0,m_barkeri
-0.9688233239211961,8.938981087731833,0.0,m_barkeri
0.18294144067274765,8.938981087731833,0.0,m_barkeri
1.3347062052666914,8.938981087731833,0.0,m_barkeri
2.486470969860634,8.938981087731833,0.0,m_barkeri
3.638235734454578,8.938981087731833,0.0,m_barkeri
4.790000499048522,8.938981087731833,0.0,m_barkeri
5.941765263642465,8.938981087731833,0.0,m_barkeri
7.09353002823641,8.938981087731833,0.0,m_barkeri
8.245294792830354,8.938981087731833,0.0,m_barkeri
9.397059557424297,8.938981087731833,0.0,m_barkeri
10.548824322018241,8.938981087731833,0.0,m_barkeri
11.700589086612185,8.938981087731833,0.0,m_barkeri
12.85235385120613,8.938981087731833,0.0,m_barkeri
14.00411861580007,8.938981087731833,0.0,m_barkeri
15.155883380394013,8.938981087731833,0.0,m_barkeri
16.307648144987958,8.938981087731833,0.0,m_barkeri
17.459412909581904,8.938981087731833,0.0,m_barkeri
18.61117767417585,8.938981087731833,0.0,m_barkeri
19.76294243876979,8.938981087731833,0.0,m_barkeri
20.914707203363733,8.938981087731833,0.0,m_barkeri
-0.3929409416242251,9.936438633053992,0.0,m_barkeri
0.7588238229697186,9.936438633053992,0.0,m_barkeri
1.9105885875636623,9.936438633053992,0.0,m_barkeri
3.062353352157606,9.936438633053992,0.0,m_barkeri
4.21411811675155,9.936438633053992,0.0,m_barkeri
5.3658828813454935,9.936438633053992,0.0,m_barkeri
6.517647645939437,9.936438633053992,0.0,m_barkeri
7.669412410533381,9.936438633053992,0.0,m_barkeri
8.821177175127325,9.936438633053992,0.0,m_barkeri
9.972941939721268,9.936438633053992,0.0,m_barkeri
11.124706704315212,9.936438633053992,0.0,m_barkeri
12.276471468909158,9.936438633053992,0.0,m_barkeri
13.4282362335031,9.936438633053992,0.0,m_barkeri
14.580000998097042,9.936438633053992,0.0,m_barkeri
15.731765762690987,9.936438633053992,0.0,m_barkeri
16.883530527284933,9.936438633053992,0.0,m_barkeri
18.035295291878874,9.936438633053992,0.0,m_barkeri
19.187060056472816,9.936438633053992,0.0,m_barkeri
20.338824821066762,9.936438633053992,0.0,m_barkeri
0.18294144067274765,10.933896178376152,0.0,m_barkeri
1.3347062052666914,10.933896178376152,0.0,m_barkeri
2.486470969860634,10.933896178376152,0.0,m_barkeri
3.638235734454578,10.933896178376152,0.0,m_barkeri
4.790000499048522,10.933896178376152,0.0,m_barkeri
5.941765263642465,10.933896178376152,0.0,m_barkeri
7.09353002823641,10.933896178376152,0.0,m_barkeri
8.245294792830354,10.933896178376152,0.0,m_barkeri
9.397059557424297,10.933896178376152,0.0,m_barkeri
10.548824322018241,10.933896178376152,0.0,m_barkeri
11.700589086612185,10.933896178376152,0.0,m_barkeri
12.85235385120613,10.933896178376152,0.0,m_barkeri
14.00411861580007,10.933896178376152,0.0,m_barkeri
15.155883380394013,10.933896178376152,0.0,m_barkeri
16.307648144987958,10.933896178376152,0.0,m_barkeri
17.459412909581904,10.933896178376152,0.0,m_barkeri
18.61117767417585,10.933896178376152,0.0,m_barkeri
19.76294243876979,10.933896178376152,0.0,m_barkeri
1.9105885875636623,11.931353723698312,0.0,m_barkeri
3.062353352157606,11.931353723698312,0.0,m_barkeri
4.21411811675155,11.931353723698312,0.0,m_barkeri
5.3658828813454935,11.931353723698312,0.0,m_barkeri
6.517647645939437,11.931353723698312,0.0,m_barkeri
7.669412410533381,11.931353723698312,0.0,m_barkeri
8.821177175127325,11.931353723698312,0.0,m_barkeri
9.972941939721268,11.931353723698312,0.0,m_barkeri
11.124706704315212,11.931353723698312,0.0,m_barkeri
12.276471468909158,11.931353723698312,0.0,m_barkeri
13.4282362335031,11.931353723698312,0.0,m_barkeri
14.580000998097042,11.931353723698312,0.0,m_barkeri
15.731765762690987,11.931353723698312,0.0,m_barkeri
16.883530527284933,11.931353723698312,0.0,m_barkeri
18.035295291878874,11.931353723698312,0.0,m_barkeri
2.486470969860634,12.928811269020471,0.0,m_barkeri
3.638235734454578,12.928811269020471,0.0,m_barkeri
4.790000499048522,12.928811269020471,0.0,m_barkeri
5.941765263642465,12.928811269020471,0.0,m_barkeri
7.09353002823641,12.928811269020471,0.0,m_barkeri
8.245294792830354,12.928811269020471,0.0,m_barkeri
9.397059557424297,12.928811269020471,0.0,m_barkeri
10.548824322018241,12.928811269020471,0.0,m_barkeri
11.700589086612185,12.928811269020471,0.0,m_barkeri
12.85235385120613,12.928811269020471,0.0,m_barkeri
14.00411861580007,12.928811269020471,0.0,m_barkeri
15.155883380394013,12.928811269020471,0.0,m_barkeri
16.307648144987958,12.928811269020471,0.0,m_barkeri
17.459412909581904,12.928811269020471,0.0,m_barkeri
5.3658828813454935,13.926268814342631,0.0,m_barkeri
6.517647645939437,13.926268814342631,0.0,m_barkeri
7.669412410533381,13.926268814342631,0.0,m_barkeri
8.821177175127325,13.926268814342631,0.0,m_barkeri
9.972941939721268,13.926268814342631,0.0,m_barkeri
11.124706704315212,13.926268814342631,0.0,m_barkeri
12.276471468909158,13.926268814342631,0.0,m_barkeri
13.4282362335031,13.926268814342631,0.0,m_barkeri
14.580000998097042,13.926268814342631,0.0,m_barkeri
9.397059557424297,14.92372635966479,0.0,m_barkeri
10.548824322018241,14.92372635966479,0.0,m_barkeri
